{"x": [5521.42024, 5521.409228571429, 5521.398217142858, 5521.387205714286, 5521.3761942857145, 5521.365182857143, 5521.354171428572, 5521.34316, 5521.332148571429, 5521.321137142858, 5521.310125714286, 5521.2991142857145, 5521.288102857143, 5521.277091428572, 5521.26608, 5521.255068571429, 5521.244057142858, 5521.233045714286, 5521.2220342857145, 5521.211022857143, 5521.200011428572, 5521.189, 5521.177988571429, 5521.166977142858, 5521.155965714286, 5521.144954285714, 5521.133942857143, 5521.122931428572, 5521.11192, 5521.100908571429, 5521.089897142858, 5521.078885714286, 5521.067874285714, 5521.056862857143, 5521.045851428572, 5521.03484, 5521.023828571429, 5521.012817142858, 5521.001805714286, 5520.990794285714, 5520.979782857143, 5520.968771428572, 5520.95776, 5520.9467485714285, 5520.935737142858, 5520.924725714286, 5520.913714285714, 5520.902702857143, 5520.891691428572, 5520.88068], "y": [0.03729, 0.043339256559623784, 0.04474231761358097, 0.05117484019882927, 0.05197474851565473, 0.06149886892177104, 0.06586151446430859, 0.07044346853039851, 0.07677976077045356, 0.09098839447118001, 0.10037501871308963, 0.11624897817888903, 0.13007339007450777, 0.15635163653014214, 0.17566685056574263, 0.20956225761439076, 0.2513189461560668, 0.3018947255521858, 0.35868033451460873, 0.4331350266567664, 0.5175580957707969, 0.6073161765284537, 0.6745668486793961, 0.7117136125366827, 0.6865559773889386, 0.7289292714629714, 0.6694521965494862, 0.46681120535098447, 0.3821198849310867, 0.3147056213027404, 0.2675154015911197, 0.22446757037631404, 0.19339804944580516, 0.16634430253574187, 0.1448402170755397, 0.12760398905224962, 0.1130893033310391, 0.1014914809188362, 0.08941151173509088, 0.0819051640105635, 0.07615393412527977, 0.06730614895894486, 0.06016765753154693, 0.054142079601464166, 0.05301389331958797, 0.05035055130889131, 0.04738436956677287, 0.04378270446468527, 0.041552058426074505, 0.03691], "primeira_derivada": [-0.5493616491483431, -0.33839013554731534, -0.35579323738578367, -0.32840565849316367, -0.46878698144048286, -0.630561505204124, -0.40615073470083896, -0.4957688384872072, -0.9328910326152822, -1.0713985832986845, -1.1470166447180608, -1.3485249061037723, -1.8209562043568652, -2.0702790830578306, -2.416154304494269, -3.435162617679554, -4.192574439386398, -4.874998173922084, -5.959276775493664, -7.21422112618488, -7.909107739511016, -7.1293543742470264, -4.7404128961488965, -0.5443947909201945, -0.7817177768626079, 0.776637687294401, 11.902091741150894, 13.04700429011274, 6.906714376701197, 5.203888060415946, 4.0974724733781205, 3.3654739556616473, 2.6392246683593625, 2.204883410727622, 1.7590957082846552, 1.4417254554112047, 1.1857002914963235, 1.075146219346915, 0.8893631185432763, 0.6019917181270068, 0.6629028630196413, 0.7258947597176713, 0.5977457544120531, 0.3248336110831846, 0.17216332413383256, 0.2556218621481817, 0.29822864496849555, 0.26482990390243016, 0.312071427436648, 0.4215673194310428], "segunda_derivada": [-19.159322718888063, -8.789432293470961, -0.45336883355135804, 5.130748627166495, 13.720102016905567, -2.8441471664837406, -6.120580351808699, 23.917891056778426, 26.13783221166597, 9.722880674270371, 12.583577189862755, 30.601822245451867, 32.77295821721772, 27.026379742049127, 61.97577025248882, 80.6625645074026, 65.37914435568895, 80.22130482910765, 106.21795968765014, 88.53669400855513, -3.8535759183660168, -143.8820958939064, -299.0056894401243, -179.75392991363518, -59.98460915465177, -575.9384186817081, -557.1650637079807, 226.8269431224447, 356.13527248680043, 127.56028362482856, 83.4775475707312, 66.21519612666901, 52.69936309252708, 39.964340429619284, 34.652994857990635, 26.036377253647995, 16.64539862801414, 13.455891351241632, 21.484701014920756, 10.28296437874644, -5.626111125776704, 2.9586128714390907, 18.21113155406264, 19.324578437982353, 3.1427234208189336, -5.724294536984601, -0.41811294939153015, -0.6285643310764959, -7.117033658013568, -9.943840736149992], "sigma": 4.61738771719844e-05, "center": 5521.162967582695, "fwhm": 0.11595387076304561, "statistics": {"wv_mean": 5521.15046, "wv_std": 0.15890449081135324, "wv_min": 5520.88068, "wv_max": 5521.42024, "wv_kurt": -1.2009603841536676, "wv_skew": 8.58531776879425e-12, "int_mean": 0.2125591922495855, "int_std": 0.20941477118488727, "int_max": 0.7289292714629714, "int_min": 0.03691, "int_kurt": 0.4047672173154755, "int_skew": 1.3083111769091658}}