{"x": [5775.45934, 5775.454420408164, 5775.449500816327, 5775.44458122449, 5775.439661632653, 5775.434742040817, 5775.42982244898, 5775.424902857143, 5775.419983265307, 5775.415063673469, 5775.410144081633, 5775.405224489797, 5775.400304897959, 5775.395385306123, 5775.390465714286, 5775.385546122449, 5775.380626530612, 5775.375706938776, 5775.370787346939, 5775.365867755102, 5775.360948163266, 5775.356028571428, 5775.351108979592, 5775.346189387756, 5775.341269795918, 5775.336350204082, 5775.331430612245, 5775.326511020408, 5775.321591428572, 5775.316671836735, 5775.311752244898, 5775.306832653061, 5775.301913061225, 5775.296993469388, 5775.292073877551, 5775.287154285715, 5775.282234693877, 5775.277315102041, 5775.272395510204, 5775.267475918367, 5775.262556326531, 5775.257636734694, 5775.252717142857, 5775.24779755102, 5775.242877959184, 5775.237958367347, 5775.23303877551, 5775.228119183674, 5775.223199591836, 5775.21828], "y": [0.04982, 0.05224622174282838, 0.052571377147706065, 0.055159976954443066, 0.06260636813940111, 0.07248754733545527, 0.0805291866412032, 0.08619954538192444, 0.09334429582898239, 0.10577127600304075, 0.12358270172247526, 0.14461815109252568, 0.16831336680929304, 0.1973109020251106, 0.23563314837910987, 0.28652784587308566, 0.35274858945979165, 0.43822399889830194, 0.5469988038228099, 0.6772768447568576, 0.8149727803302503, 0.9314006534287383, 0.9925719881636966, 0.9772315396501187, 0.8908324144217408, 0.7627083415826935, 0.6286017002763445, 0.511814310899577, 0.4176267518731118, 0.3421801630591274, 0.28191292577946103, 0.2354547574080808, 0.20071129091714557, 0.17393557484064695, 0.15182669793462877, 0.13314576583588097, 0.11751023918409781, 0.10424829335187849, 0.09320221283658882, 0.08526771195632007, 0.08061197805307535, 0.07712658824481101, 0.07225136884110808, 0.06619560776802866, 0.06189082440672239, 0.060975334997959325, 0.06123688392512931, 0.05920707352697787, 0.05445311289950529, 0.04981], "primeira_derivada": [-0.4931754144504222, -0.279634697243729, -0.29613790211259583, -1.0199007686553556, -1.7610780483161166, -1.8215757625767843, -1.3936113504205945, -1.30245654648172, -1.9891620352137813, -3.0732636869539123, -3.948180700917025, -4.546176448216696, -5.355398646913075, -6.8420088294637615, -9.067514827161954, -11.90296318934934, -15.417554754211597, -19.74251328402622, -24.296003996632216, -27.23538714142936, -25.82773298078452, -18.050197427363926, -4.657996816175232, 10.340245402109904, 21.80294678734086, 26.651673842385442, 25.499476278207215, 21.442322393856486, 17.240672952856034, 13.79319978110848, 10.846977675280495, 8.252883324029575, 6.2524681532152, 4.968358616319144, 4.1456497162474175, 3.4877343373961973, 2.936978660272101, 2.4705328362363965, 1.9290809100752055, 1.2796015606860796, 0.8274186133259217, 0.8497259009768316, 1.1109641652547089, 1.052988213050012, 0.5305595406794835, 0.06646287977573705, 0.17971627826374448, 0.6894648225535873, 0.9550663793527473, 0.943800431812222], "segunda_derivada": [-43.40618577907984, -20.02579877287399, 75.23653343256952, 148.88838289775953, 81.47779536512907, -37.347274948597246, -52.76039489794206, 60.52846501770462, 179.9750059768529, 199.10378042336808, 149.6986752410934, 143.02181895078647, 233.33565643213626, 377.27887834748407, 514.367301978524, 645.3828018331061, 796.7683452920127, 902.3562866317862, 761.5340973327816, 155.6764295654584, -933.5316850183063, -2151.5744462934563, -2885.4469815554708, -2689.3433928248614, -1657.8030232286033, -375.69473377822777, 529.4495581458544, 839.3789159799627, 777.4143533100471, 649.8196892796547, 563.0870040486437, 466.9604384325636, 333.8208551600487, 214.12532856870695, 150.4824310667588, 122.84261541050789, 103.38271292608543, 102.43713133400445, 121.03964262197145, 111.96683926143614, 43.690175320190605, -28.817995611586415, -20.658452856975035, 58.989103550296875, 100.2649575500481, 35.65776125872967, -63.31845846585873, -78.80227941730399, -25.849259216474287, 2.2900167158663236], "sigma": 6.647788284164236e-05, "center": 5775.3484577688605, "fwhm": 0.04727062216895929, "statistics": {"wv_mean": 5775.338809999999, "wv_std": 0.07099398872236017, "wv_min": 5775.21828, "wv_max": 5775.45934, "wv_kurt": -1.2009603841529866, "wv_skew": 3.843254749888323e-11, "int_mean": 0.26745770068815583, "int_std": 0.27991827839041616, "int_max": 0.9925719881636966, "int_min": 0.04981, "int_kurt": 0.6467264300793785, "int_skew": 1.3940134478683803}}