{"x": [5702.00615, 5702.004689387755, 5702.00322877551, 5702.001768163265, 5702.00030755102, 5701.998846938775, 5701.99738632653, 5701.9959257142855, 5701.9944651020405, 5701.9930044897965, 5701.9915438775515, 5701.990083265307, 5701.988622653062, 5701.987162040817, 5701.985701428572, 5701.984240816327, 5701.982780204082, 5701.981319591837, 5701.979858979592, 5701.978398367347, 5701.976937755102, 5701.975477142857, 5701.974016530612, 5701.972555918367, 5701.971095306122, 5701.969634693878, 5701.968174081633, 5701.966713469388, 5701.965252857143, 5701.963792244898, 5701.962331632653, 5701.960871020408, 5701.959410408163, 5701.9579497959185, 5701.9564891836735, 5701.955028571429, 5701.953567959184, 5701.952107346939, 5701.950646734694, 5701.949186122449, 5701.947725510204, 5701.94626489796, 5701.944804285715, 5701.94334367347, 5701.941883061225, 5701.94042244898, 5701.938961836735, 5701.93750122449, 5701.936040612245, 5701.93458], "y": [0.02104, 0.025571455045023103, 0.030710872288012118, 0.03644043810777794, 0.04271523073614628, 0.049484232897096435, 0.056758029832693395, 0.06448760924017707, 0.07256506640997268, 0.08091134776124598, 0.08952462049011685, 0.09829518970309417, 0.10706865970905768, 0.11575626080485879, 0.12432322492129974, 0.13261614193420282, 0.14049050781712016, 0.14785982371198383, 0.15465163586329714, 0.16073836899840943, 0.1659925995045918, 0.17035940594132967, 0.17379067167637272, 0.17619873513592063, 0.1775497771732536, 0.17781876837260135, 0.1769986518599922, 0.17510200980088442, 0.17215322624475796, 0.16822702674982393, 0.16336865147510476, 0.15762884858026027, 0.15112199562321135, 0.14397815561597838, 0.13626133056805703, 0.12805409843765364, 0.11950771114321958, 0.11077932086533916, 0.1019145209916038, 0.09300510917737845, 0.08420501196181253, 0.07563091606967698, 0.06729262905488084, 0.05927684139826574, 0.051706338342019924, 0.044644049603483026, 0.03807319099079607, 0.032054822496621074, 0.026643445636328658, 0.02186], "primeira_derivada": [-3.1024353387936965, -3.3105542971503183, -3.720694215832039, -4.109358417881889, -4.465180555062581, -4.807161909347137, -5.13598882759714, -5.411099568649233, -5.622210337791799, -5.805631899911664, -5.950875053215816, -6.005714137868834, -5.97731230929907, -5.906620758466246, -5.771511634103744, -5.534419881684211, -5.218250713162733, -4.847668535947926, -4.408611981348482, -3.882263646791582, -3.2934945520797116, -2.669453237406382, -1.9989320282505816, -1.2868252713425548, -0.5545733451094841, 0.18866243088698045, 0.9300067766447789, 1.658696766363071, 2.3534593369345704, 3.007154979014981, 3.6279916884752565, 4.192302198682083, 4.672935274721976, 5.087135585260151, 5.451158318481588, 5.735135893425954, 5.913539898074392, 6.022539593373783, 6.084507284309618, 6.062358127888078, 5.947572044915438, 5.789484160020361, 5.598362853624918, 5.335533358253273, 5.009129508986762, 4.66692902182404, 4.3095719450339285, 3.9126555983445703, 3.4899140863136315, 3.2749592870051], "segunda_derivada": [142.48748021624155, 211.64374021025742, 273.4483855967523, 254.85420302412047, 238.87362778023234, 229.63256499168907, 206.7412694190831, 166.44441804253378, 135.05717645049177, 112.50922914742345, 68.4925922839082, 9.05005971796082, -33.921863843351225, -70.45014031142489, -127.41262373625686, -189.39349675179088, -235.09023291717503, -277.157313520677, -330.4795275032439, -381.7294539055253, -415.1719299815222, -443.15749381829886, -473.3042499265266, -494.4360449290987, -505.09219944763623, -508.2047365220597, -503.2253907748829, -487.2794149188011, -461.6071846958532, -436.3007211335466, -405.70220596214335, -357.7073894375479, -306.32133534032295, -266.40302600763255, -221.8248924052321, -158.28348050274553, -98.38466743673261, -58.525932130774585, -13.630768416405415, 46.87597268445523, 93.41081758529451, 119.5420593677166, 155.39743807264955, 201.70765604403135, 228.87810873098783, 239.474085736697, 258.20453925563316, 280.58708310553874, 218.29760552196686, 147.16760047096412], "sigma": 0.011855187055874294, "center": 5701.969566490692, "fwhm": 0.040750360959144076}