{"x": [5573.64993, 5573.638995510204, 5573.628061020408, 5573.617126530612, 5573.606192040816, 5573.59525755102, 5573.5843230612245, 5573.573388571428, 5573.5624540816325, 5573.551519591836, 5573.5405851020405, 5573.529650612245, 5573.5187161224485, 5573.507781632653, 5573.4968471428565, 5573.485912653061, 5573.4749781632645, 5573.464043673469, 5573.453109183673, 5573.442174693877, 5573.431240204081, 5573.420305714285, 5573.409371224489, 5573.398436734694, 5573.387502244897, 5573.376567755102, 5573.365633265305, 5573.35469877551, 5573.343764285714, 5573.332829795918, 5573.321895306122, 5573.310960816326, 5573.30002632653, 5573.289091836735, 5573.278157346938, 5573.267222857143, 5573.256288367346, 5573.245353877551, 5573.234419387754, 5573.223484897959, 5573.212550408163, 5573.201615918367, 5573.190681428571, 5573.179746938775, 5573.168812448979, 5573.157877959184, 5573.146943469387, 5573.136008979592, 5573.125074489795, 5573.11414], "y": [0.05509, 0.06124083459325687, 0.06222988874243564, 0.07088234786588166, 0.0741579724403294, 0.08177630941136665, 0.0910441339916252, 0.09926115239068928, 0.10940072228031358, 0.1257319497709859, 0.14383143619452635, 0.16809288225421715, 0.2006984930097069, 0.23249444579560524, 0.2849580378462137, 0.3509187056380401, 0.4343375812706644, 0.544992443886619, 0.6800289213767438, 0.8352438995907, 0.983618251752086, 1.0765307925795535, 1.0824991677185665, 0.9917922685853552, 0.8539504893728316, 0.7089740932417662, 0.5718054862443331, 0.4584821267892863, 0.3792780101916313, 0.3144901283555093, 0.2621284181418114, 0.22539838416583716, 0.19264536234384727, 0.1739021580884669, 0.15437310384532876, 0.14160179646635299, 0.1253105984519106, 0.11333735418593219, 0.11036253486160838, 0.09386622806872648, 0.09085283411210077, 0.0861903213065345, 0.08053221710719437, 0.07058127043263372, 0.0708816084085018, 0.06224942930298352, 0.06174912095093255, 0.06375576490140128, 0.057305633722910455, 0.05475], "primeira_derivada": [-0.5625168351030654, -0.3264847686376519, -0.44087622982426744, -0.5454339397827805, -0.49814676993297813, -0.7721513242517866, -0.7995271524108456, -0.8393893373700679, -1.2104267265391788, -1.5744087998878602, -1.937032878319083, -2.600352548501325, -2.9448819626201157, -3.8529253037178908, -5.415170805946358, -6.830659052747768, -8.874384716128885, -11.234696117516853, -13.272290757007237, -13.882190026204984, -11.033294533647117, -4.521514849401242, 3.8748275218438293, 10.450815840961406, 12.932390107815028, 12.901608049042755, 11.454213736799776, 8.80367898514746, 6.584303480097062, 5.356884236732983, 4.073886658262895, 3.1772427015013642, 2.354761266426445, 1.750070612006019, 1.476994456290495, 1.3289374234932172, 1.2924444947929992, 0.6835281695434231, 0.8903536644356546, 0.8921175616925431, 0.3509951952673616, 0.4719295183156078, 0.7137530495300676, 0.4412921351951383, 0.38098902122733863, 0.4176000722461722, -0.06888001299195506, 0.2031867654971702, 0.41180544631793153, 0.23372226511671662], "segunda_derivada": [-21.58601552324592, -5.562244217526095, 10.011860417356827, 2.6188025768546246, 10.367076502826087, 13.781181752103851, 3.0745839253916616, 18.789151656561387, 33.61013985246366, 33.225425481018284, 46.913197039675296, 46.085784664124006, 57.27623229731204, 112.95857828821221, 136.16244582893947, 158.17902685537123, 201.38283298687406, 201.1024804591286, 121.06161138202486, -102.38229058383604, -428.0343825565613, -681.7017681494654, -684.6378281162442, -414.17399233774063, -112.06705817119563, 67.5923796442699, 187.3854720406976, 222.68575616060022, 157.61113745221894, 114.79350516896179, 99.66818644016517, 78.61022434102664, 65.26011346577792, 40.137529345770275, 19.257102817310205, 8.438892208990282, 29.51254544066133, 18.386355369979686, -9.538140143741572, 24.663174928748404, 19.213884287982378, -16.587781461710673, 1.4009516535319808, 15.216257663181487, 1.083363896805611, 20.571103115568473, 9.804449533047164, -21.980241798100604, -1.396292839868798, 16.286373167019363], "sigma": 2.9857592487303464e-07, "center": 5573.412683281538, "fwhm": 0.10293325081405888, "statistics": {"wv_mean": 5573.3820350000005, "wv_std": 0.1577941973678399, "wv_min": 5573.11414, "wv_max": 5573.64993, "wv_kurt": -1.2009603841533574, "wv_skew": -1.729141208664825e-11, "int_mean": 0.28839214224091714, "int_std": 0.3010921302590341, "int_max": 1.0824991677185665, "int_min": 0.05475, "int_kurt": 0.8172134101544457, "int_skew": 1.4440332736871968}}