{"x": [5497.2381, 5497.232873061224, 5497.227646122448, 5497.222419183673, 5497.217192244898, 5497.211965306122, 5497.206738367347, 5497.201511428571, 5497.196284489795, 5497.19105755102, 5497.185830612245, 5497.180603673469, 5497.175376734694, 5497.1701497959175, 5497.164922857142, 5497.159695918367, 5497.154468979591, 5497.149242040816, 5497.144015102041, 5497.1387881632645, 5497.133561224489, 5497.128334285714, 5497.123107346938, 5497.117880408163, 5497.112653469388, 5497.1074265306115, 5497.102199591836, 5497.096972653061, 5497.091745714285, 5497.08651877551, 5497.081291836735, 5497.0760648979585, 5497.070837959183, 5497.065611020408, 5497.060384081632, 5497.055157142857, 5497.049930204082, 5497.0447032653055, 5497.03947632653, 5497.034249387754, 5497.029022448979, 5497.023795510204, 5497.018568571428, 5497.013341632653, 5497.008114693877, 5497.002887755101, 5496.997660816326, 5496.992433877551, 5496.987206938775, 5496.98198], "y": [0.06505, 0.07420205569683877, 0.08312316377545528, 0.09031083511475545, 0.09749214585576861, 0.10697440306708694, 0.11999121648102885, 0.1372257358843132, 0.15906199725137543, 0.1847055386443297, 0.21282640537861378, 0.24467044475344707, 0.28571375150064704, 0.3430001828386993, 0.4206863824879715, 0.5209104162391693, 0.647012676989013, 0.801366200558369, 0.974852860258322, 1.1383500817785215, 1.2500028556050942, 1.2773141526823921, 1.2160059010698148, 1.0893222304403152, 0.9315793407101118, 0.7724566546088873, 0.63131281196392, 0.517485067375699, 0.43052575742815397, 0.3625114183579756, 0.30575355512500013, 0.25909202306248125, 0.22460482095544365, 0.19982963661769576, 0.17769685603891844, 0.15521362886085624, 0.13698206160802365, 0.12709709000956235, 0.12153677317555793, 0.11311408337312254, 0.10177287055974775, 0.09393961143340968, 0.09203863823137104, 0.09050467611226669, 0.08434355369868009, 0.07648090906252267, 0.07249277103718232, 0.07181466149811541, 0.06941010735756906, 0.06426], "primeira_derivada": [-1.7509399077469725, -1.728847854469954, -1.5409382154007194, -1.3745121856509246, -1.5940083352382977, -2.152222514072208, -2.8937906218442784, -3.737443888989381, -4.541836512530762, -5.143011085416237, -5.736140089154269, -6.972278541083034, -9.406054127067103, -12.911250425977087, -17.018587843879736, -21.649985222269336, -26.82791939574078, -31.360629746144927, -32.235300209564, -26.320376721131193, -13.293064724934517, 3.2520903720604792, 17.982984908667973, 27.207757024961435, 30.31081761542607, 28.722981235692217, 24.39014480552077, 19.206945322485797, 14.824513512544724, 11.935494911024874, 9.892922007933908, 7.762548754884847, 5.668938263254873, 4.4871354850234875, 4.267890793430477, 3.8947074169026297, 2.6895798916067766, 1.4774698055025666, 1.3375904364502504, 1.89058103261922, 1.834197105073037, 0.9311599720399365, 0.3285800225119421, 0.7360985907477048, 1.3414895076900073, 1.1336255473955619, 0.4463652402579837, 0.2948823213669791, 0.7226659639969196, 0.9853008766832276], "segunda_derivada": [-4.226575865372549, -20.088401773957422, -33.89514245601545, 5.076596658203609, 74.39443638065457, 124.33494463922061, 151.6395583625402, 157.6492437948693, 134.45414771021203, 114.24503212963133, 174.98458793784621, 351.0576836110664, 568.1118662190515, 728.2019211968417, 835.9323852962538, 938.3438349765173, 928.9036031102863, 517.2607759904008, -482.14196122732665, -1811.9817638647687, -2828.8514908125335, -2991.8132750383556, -2291.5579922708866, -1179.2593367710242, -144.94374965607543, 566.3614080853156, 910.2876772123325, 915.0318861145652, 695.5744771046427, 471.7475865619796, 399.1768734292669, 404.0590416284406, 313.32041666579954, 134.02179841395508, 56.670653086732365, 150.9785143566044, 231.22880477011557, 129.32899285667435, -39.51751157304413, -47.504542327556464, 91.77657342499818, 144.0247482498945, 18.65923723852965, -96.89318439934306, -38.02674698427586, 85.62605244221325, 80.23273871208806, -26.430453425829224, -66.04425505543078, -50.24641075435528], "sigma": 0.0001956393739788176, "center": 5497.12754018426, "fwhm": 0.05250864109182461, "statistics": {"wv_mean": 5497.11004, "wv_std": 0.07542927234525132, "wv_min": 5496.98198, "wv_max": 5497.2381, "wv_kurt": -1.2009603841521832, "wv_skew": -4.0421320892519307e-17, "int_mean": 0.35648042025227233, "int_std": 0.3630020921258724, "int_max": 1.2773141526823921, "int_min": 0.06426, "int_kurt": 0.4754314658672931, "int_skew": 1.338666163294206}}