{"x": [5800.08216, 5800.076894489795, 5800.071628979592, 5800.066363469387, 5800.061097959184, 5800.055832448979, 5800.050566938776, 5800.045301428571, 5800.040035918368, 5800.034770408163, 5800.029504897959, 5800.024239387755, 5800.018973877551, 5800.013708367347, 5800.008442857143, 5800.003177346939, 5799.997911836735, 5799.992646326531, 5799.987380816327, 5799.982115306123, 5799.9768497959185, 5799.971584285714, 5799.96631877551, 5799.961053265306, 5799.955787755102, 5799.950522244898, 5799.945256734694, 5799.93999122449, 5799.934725714286, 5799.929460204082, 5799.924194693877, 5799.918929183674, 5799.913663673469, 5799.908398163266, 5799.903132653061, 5799.897867142858, 5799.892601632653, 5799.88733612245, 5799.882070612245, 5799.8768051020415, 5799.871539591837, 5799.866274081633, 5799.861008571429, 5799.8557430612245, 5799.850477551021, 5799.8452120408165, 5799.839946530613, 5799.834681020408, 5799.829415510205, 5799.82415], "y": [0.05612, 0.058977255496204424, 0.064222865884131, 0.0722443996069487, 0.08039254210770583, 0.08684443295327343, 0.09258082856557326, 0.09976399661216809, 0.1102789702353009, 0.12564732624047592, 0.14628466602027992, 0.17030675943304696, 0.19572275879586878, 0.2249556132657728, 0.2654972794813713, 0.3249513637192627, 0.40635385443938254, 0.5110595376634067, 0.6409294559491905, 0.7927497502007821, 0.9472097096455281, 1.0671497824809908, 1.1134039615440474, 1.0686632696343779, 0.9497105991726251, 0.7967748630944148, 0.6488889437948263, 0.5255731420615048, 0.4272534138253979, 0.34886157325974715, 0.28887567587628427, 0.24631553494021458, 0.21517886345527973, 0.18765138206458745, 0.1619525736467809, 0.1422061694490701, 0.12989316683769664, 0.1199471741477234, 0.10770390042522429, 0.09578504195308614, 0.0898164361154911, 0.08928490368769552, 0.08759275867796587, 0.0810715022822478, 0.07326732732895701, 0.06880557341587037, 0.06706151333226835, 0.06437511898320365, 0.0599433173075629, 0.0561], "primeira_derivada": [-0.5426360191597179, -0.7694283716262885, -1.2598156300788956, -1.5354329967123481, -1.3863835393539812, -1.1573699400057942, -1.2268102385421127, -1.6805723456954798, -2.4578178206279455, -3.4190130098255342, -4.240750797370282, -4.694520650419268, -5.1893218050303265, -6.6256182194984845, -9.495352451983596, -13.375396637756664, -17.672378053872016, -22.274726704588126, -26.74861519800912, -29.08362550148928, -26.0563574681418, -15.781400610660743, -0.14371704685234393, 15.543922243874485, 25.81785961900393, 28.56529032531158, 25.752653638914097, 21.045969087663842, 16.780099359283092, 13.140012323150932, 9.737521564493587, 6.998069471468605, 5.5706048039533025, 5.054238596651085, 4.315366493902924, 3.044283038761409, 2.11365987709288, 2.1070385919588164, 2.294377112417517, 1.6985499616025566, 0.6172372678965642, 0.21115498321747828, 0.7799245550001442, 1.3603080037766409, 1.1647426736537723, 0.5892889536082796, 0.42070514166690104, 0.6759265245809043, 0.7857851055797194, 0.7299040659520958], "segunda_derivada": [43.071296732759116, 68.10162578080224, 72.737929982582, 12.018579811915169, -35.89994530990295, -15.1526912520132, 49.68202371819778, 116.89347607232406, 165.07808329768076, 169.30296471793528, 121.11909303854645, 90.07398817067434, 183.37231286748099, 408.8901625962771, 640.942487690655, 776.4703974589156, 845.058666872081, 861.8573312418101, 646.5564145801869, -65.73510477085308, -1263.146815241979, -2460.6011020048586, -2974.5762177597408, -2465.2479683739903, -1236.477338082115, 6.191800752752612, 714.0163959703442, 852.01185943674, 750.7303621278436, 668.7460019350315, 583.2239055377729, 395.6802474102223, 184.58143650839298, 119.1943668716637, 190.86047505451475, 209.06868769587928, 88.99844559088869, -17.160467677610207, 38.78908353875315, 159.25710705474907, 141.23939757246146, -15.44838779147964, -109.12076665243906, -36.541389508597014, 73.2140875521246, 70.6519884263021, -8.226892325303847, -34.66710249974105, -5.125575611829426, 10.612654321715814], "sigma": 0.0011695559105520115, "center": 5799.965386448648, "fwhm": 0.049986516026274797, "statistics": {"wv_mean": 5799.953155, "wv_std": 0.07598589160451868, "wv_min": 5799.82415, "wv_max": 5800.08216, "wv_kurt": -1.2009603841546614, "wv_skew": 1.9769758713738344e-17, "int_mean": 0.29704401698221633, "int_std": 0.30924378840077305, "int_max": 1.1134039615440474, "int_min": 0.0561, "int_kurt": 0.764477322539483, "int_skew": 1.432405591485411}}