{"x": [5735.44737, 5735.427999183673, 5735.408628367347, 5735.38925755102, 5735.369886734694, 5735.350515918367, 5735.331145102041, 5735.311774285714, 5735.292403469388, 5735.273032653061, 5735.253661836735, 5735.234291020408, 5735.214920204082, 5735.195549387755, 5735.176178571429, 5735.156807755102, 5735.137436938776, 5735.118066122449, 5735.098695306122, 5735.079324489796, 5735.059953673469, 5735.040582857143, 5735.021212040816, 5735.00184122449, 5734.982470408163, 5734.963099591837, 5734.94372877551, 5734.924357959184, 5734.904987142857, 5734.885616326531, 5734.866245510204, 5734.846874693878, 5734.827503877551, 5734.808133061224, 5734.788762244898, 5734.769391428571, 5734.750020612245, 5734.730649795918, 5734.711278979592, 5734.691908163265, 5734.672537346939, 5734.653166530612, 5734.633795714286, 5734.614424897959, 5734.595054081633, 5734.575683265306, 5734.55631244898, 5734.536941632653, 5734.517570816327, 5734.4982], "y": [0.06973, 0.07751647196111433, 0.08349922075029594, 0.09240279504674578, 0.10881849835772042, 0.1148538029746373, 0.133670642676203, 0.151786194928785, 0.17703418069304605, 0.2070221834995032, 0.237986270058848, 0.2926211707306955, 0.357904722514795, 0.43848504830808555, 0.5575499261187937, 0.7186627606377765, 0.9357087022229356, 1.2142311116500506, 1.523611543310003, 1.7395713218731639, 1.8188729702298434, 1.8141757248987156, 1.6932710563718, 1.4332485013337353, 1.1428698789830873, 0.8847898101075442, 0.7012224335529784, 0.5589672035271213, 0.4562055021636874, 0.3764545471376467, 0.32480295392176084, 0.2702035521593469, 0.2410518689239986, 0.21238172292153654, 0.18389266852229824, 0.17063060378852785, 0.15342407746757752, 0.13753045849596907, 0.12928789338423147, 0.12030460756541113, 0.11096906900580283, 0.09865161689315224, 0.09776981872027944, 0.09243643841963704, 0.08821200583034129, 0.08562483672943676, 0.07448860608396062, 0.0766834231837137, 0.07314609543584913, 0.06947], "primeira_derivada": [-0.40196922162125537, -0.35541147358511377, -0.3842461472639736, -0.6535418327411088, -0.5795059833688484, -0.6414841764950253, -0.9532998334102908, -1.1193007379229543, -1.4257527313176035, -1.5732968693326834, -2.209483219199426, -3.0953381219121283, -3.765042090091019, -5.153247035099806, -7.231954183221397, -9.761043874718004, -12.791622786033972, -15.174962974301476, -13.560094767519596, -7.621295404982772, -1.9256907341455163, 3.242039771091495, 9.832503110461495, 14.206969084615748, 14.156829582754273, 11.399815010013732, 8.410141345842106, 6.324383218019004, 4.711021293919086, 3.3917658922345604, 2.7425533644894498, 2.1617851201032594, 1.4924985158563069, 1.475394723646836, 1.0776809409908932, 0.7864560414275997, 0.8543817858433885, 0.6230037928325917, 0.44463409905426327, 0.472845957280792, 0.5589075418219911, 0.3406993815605562, 0.16042634364904346, 0.24670650758436738, 0.1758212347737183, 0.35422874067538673, 0.2307959921516277, 0.03465291873824845, 0.18619306130752575, 0.18977493636826123], "segunda_derivada": [-2.4034995350895834, -0.4574684426963432, 7.695348356283276, 5.040051818511939, -0.3112325273971055, 9.64837629300313, 12.333413145171804, 12.194966126981907, 11.718559604239395, 20.229671137030174, 39.286967232692994, 40.152124842656356, 53.118796815299284, 89.48802246365585, 118.93656833952177, 143.5063063193347, 139.74421646280882, 19.83581818429309, -194.97545797760162, -300.30753059843283, -280.4046817896049, -303.50279633082175, -283.0270322300198, -111.61962406243366, 72.45833183503255, 148.33366183567765, 131.00717353484302, 95.48178015767137, 75.69679244164078, 50.81014388476474, 31.74829473883962, 32.26644730823804, 17.71712623957153, 10.70728171372743, 17.78290265642394, 5.763803429440977, 4.219033566783625, 10.576417634722338, 3.8758778417194963, -2.9496289893420014, 3.4109707482862746, 10.285606746159923, 2.4261464357493994, -0.3973733183256199, -2.775366594745018, -1.4190098251745251, 8.248899182941134, 1.1512919768663368, -4.004013434833914, -0.18491089896667112], "sigma": 0.023753075624473707, "center": 5735.051548289753, "fwhm": 0.17234832447868476, "statistics": {"wv_mean": 5734.972784999999, "wv_std": 0.2795377261904624, "wv_min": 5734.4982, "wv_max": 5735.44737, "wv_kurt": -1.2009603841543728, "wv_skew": 9.760730876874637e-12, "int_mean": 0.45847413028144374, "int_std": 0.5273146018045337, "int_max": 1.8188729702298434, "int_min": 0.06947, "int_kurt": 0.8931704990292415, "int_skew": 1.4941771908042571}}