{"x": [5601.89052, 5601.884870204081, 5601.879220408163, 5601.873570612245, 5601.867920816327, 5601.862271020408, 5601.85662122449, 5601.850971428571, 5601.845321632653, 5601.839671836735, 5601.834022040816, 5601.828372244898, 5601.822722448979, 5601.817072653062, 5601.811422857143, 5601.8057730612245, 5601.800123265306, 5601.794473469387, 5601.78882367347, 5601.783173877551, 5601.777524081633, 5601.771874285714, 5601.766224489796, 5601.760574693878, 5601.754924897959, 5601.749275102041, 5601.743625306122, 5601.737975510205, 5601.732325714286, 5601.726675918368, 5601.721026122449, 5601.7153763265305, 5601.709726530613, 5601.704076734694, 5601.698426938776, 5601.692777142857, 5601.687127346939, 5601.681477551021, 5601.675827755103, 5601.670177959184, 5601.6645281632655, 5601.658878367347, 5601.653228571429, 5601.647578775511, 5601.641928979592, 5601.636279183674, 5601.630629387755, 5601.6249795918375, 5601.619329795919, 5601.61368], "y": [0.08786, 0.09411976165229738, 0.10187934622387994, 0.11217876434261181, 0.1247279699249545, 0.14080667360337046, 0.1608154331356936, 0.181325008795422, 0.20098394550251475, 0.22633980166348988, 0.26449383813409716, 0.31323939214744934, 0.3675548966800056, 0.4328646422210524, 0.521517830606527, 0.638758892073642, 0.7836876331799365, 0.9602405999954595, 1.169486440265956, 1.3884860255413969, 1.573268376341097, 1.6907489739890433, 1.7361307078715518, 1.7148258468544006, 1.623810507603643, 1.4638703915954883, 1.2595403756918218, 1.0511739288642332, 0.868368048801829, 0.7189401858497255, 0.5993455109686046, 0.5051831329602838, 0.4316756492215276, 0.37270411014930693, 0.32327622826906854, 0.28127875021945326, 0.24668001684010418, 0.22004044894126723, 0.20050339860814514, 0.18451201963136252, 0.1683239379316581, 0.15215215059145792, 0.13927582882150916, 0.13071105942624098, 0.1238012823189387, 0.1160535132377188, 0.10741444246123823, 0.09873940043401212, 0.09127977632664935, 0.08691], "primeira_derivada": [-1.1079624366168428, -1.24069492296759, -1.5981995590757057, -2.022075136193928, -2.533534810239541, -3.1936961733692266, -3.5858229019444656, -3.554864011832251, -3.9837538842726476, -5.620547498285098, -7.690507032186873, -9.120777106978823, -10.586687714736957, -13.625530564173372, -18.221388243140943, -23.20170554417075, -28.450736323648723, -34.14272061144889, -37.89919421468275, -35.73420543827648, -26.749899713684453, -14.413116321238661, -2.1307736787687412, 9.940199778570445, 22.20924957972699, 32.23745929620472, 36.52313010191545, 34.61827051465592, 29.402278224250853, 23.808164198484548, 18.91723665520881, 14.838576842240734, 11.724230815738204, 9.5932156236542, 8.091032069829376, 6.778670639904299, 5.419514453798337, 4.086574002090653, 3.1442223597222987, 2.8478427486972517, 2.863808667291356, 2.57072198104948, 1.8975102354201536, 1.3694783604289609, 1.2971748360337911, 1.4502152019258114, 1.5322777189413685, 1.427898137252267, 1.046887410143979, 0.7734396763442462], "segunda_derivada": [23.49332405354645, 43.38538325338676, 69.15118922478386, 82.77602100362601, 103.6870228648305, 93.12620374933782, 31.962910136064725, 35.21640322034803, 182.8104515987214, 328.04310114530597, 309.766021565966, 256.30843346432715, 398.6651484854359, 675.6616202684588, 847.4797247602203, 905.2847419615129, 968.2663962576046, 836.1769193098798, 140.8444526051097, -986.6988703436645, -1886.8902013839654, -2178.762418135477, -2155.238565506217, -2154.0621653754783, -1973.2800829540681, -1266.7608466358952, -210.69886885901727, 630.1866457570595, 956.6811325601051, 927.9133016670976, 793.7974650380022, 636.5721827615907, 464.20802579723426, 321.5336269035922, 249.0837743813112, 236.426027997108, 238.24724616994044, 201.36055594426898, 109.62619457878888, 24.816267390347686, 24.524847591239272, 85.5162244690497, 106.30858512734355, 53.12894554438381, -7.1451113156016275, -20.80631639595443, 1.9750328150874046, 42.956446200413176, 57.9187700178677, 48.39957721344122], "sigma": 0.010183285249146135, "center": 5601.763830700562, "fwhm": 0.06495546547593156, "statistics": {"wv_mean": 5601.752100000001, "wv_std": 0.08153146867096853, "wv_min": 5601.61368, "wv_max": 5601.89052, "wv_kurt": -1.200960384153124, "wv_skew": -1.673276101421627e-11, "int_mean": 0.5310380979302228, "int_std": 0.521899098916, "int_max": 1.7361307078715518, "int_min": 0.08691, "int_kurt": -0.048753842843102024, "int_skew": 1.1649744725946354}}