{"x": [5719.43109, 5719.419598367347, 5719.408106734694, 5719.396615102041, 5719.3851234693875, 5719.373631836735, 5719.362140204082, 5719.350648571429, 5719.339156938776, 5719.327665306123, 5719.316173673469, 5719.304682040816, 5719.293190408163, 5719.28169877551, 5719.2702071428575, 5719.258715510205, 5719.247223877551, 5719.235732244898, 5719.224240612245, 5719.212748979592, 5719.201257346939, 5719.189765714286, 5719.1782740816325, 5719.16678244898, 5719.155290816327, 5719.143799183674, 5719.132307551021, 5719.120815918368, 5719.109324285714, 5719.097832653061, 5719.086341020408, 5719.074849387755, 5719.0633577551025, 5719.05186612245, 5719.040374489796, 5719.028882857143, 5719.01739122449, 5719.005899591837, 5718.994407959184, 5718.982916326531, 5718.971424693877, 5718.959933061225, 5718.948441428572, 5718.936949795919, 5718.925458163266, 5718.913966530613, 5718.902474897959, 5718.890983265306, 5718.879491632653, 5718.868], "y": [0.06922, 0.07332405906400107, 0.07831969865986409, 0.08260122719500713, 0.08536910993241754, 0.0976914685650152, 0.09957443551194842, 0.11226239759506346, 0.12486398479338859, 0.14108704199933483, 0.15827884161725683, 0.17954742655134656, 0.20760972880153988, 0.24263525153624088, 0.29095515878989775, 0.3507221460572122, 0.4259082401155021, 0.5243648537421006, 0.6496505539192308, 0.8098022900708056, 0.9932277761217361, 1.1860142764169348, 1.3202101845603553, 1.3727056720417883, 1.324039107531587, 1.1741833276220386, 0.9928751462252662, 0.814212633536731, 0.6589431387053553, 0.5386584789522225, 0.44873462767092404, 0.36887573678694163, 0.3178372482473479, 0.2687731809578673, 0.2362469744342027, 0.2113881556343711, 0.17914367674058337, 0.16414120674935517, 0.14723156943067892, 0.12873335434326272, 0.12105923437266193, 0.11310633331126455, 0.10213786697667634, 0.09684261526453644, 0.09636249055274426, 0.08870819389329017, 0.08424887053866155, 0.07988849912638182, 0.07440878503699927, 0.06907], "primeira_derivada": [-0.3571345506735628, -0.3959271469386607, -0.4036488291618179, -0.3067193098315812, -0.6565751719184789, -0.618072558033745, -0.633979934363989, -1.1003462277853955, -1.2541579284203526, -1.4538776965733133, -1.6734081967354515, -2.146382880234614, -2.7449461225574088, -3.6263528649814987, -4.702851970021975, -5.871797567691242, -7.555180056774323, -9.735009835489207, -12.419359587540209, -14.949016931707936, -16.368952859409756, -14.226977936986433, -8.12292740537015, -0.1665961263678014, 8.63769102337062, 14.408916961968389, 15.662295557032657, 14.529354426512468, 11.989338804000724, 9.146155180190268, 7.387233271956058, 5.695334308762478, 4.355454044372211, 3.5499861627271585, 2.4968177740486746, 2.4845598279362577, 2.0557108947034624, 1.3884931877732718, 1.5405927719565573, 1.1387561649198688, 0.6799304112557346, 0.8232671530446772, 0.7076330464938764, 0.2512861574317658, 0.35392801079442665, 0.5270626193633396, 0.38374420036518336, 0.42814131807347316, 0.4707120151306992, 0.4645802035491805], "segunda_derivada": [3.37572540271635, 2.0238324654632267, -3.8814257208493466, 11.004804555891477, 13.54695444911914, -0.9831169441696748, 20.98368805888138, 26.98389396825864, 15.382125389229667, 18.24154499893909, 30.130844091105033, 46.62252780726637, 64.39337339819551, 85.1883238266205, 97.69911597992157, 124.10456254526615, 168.08805085969735, 211.64005488532692, 226.86102374236717, 171.84648131225003, -31.415857804110324, -358.7838953252815, -611.766066439098, -729.253141610954, -634.1793863664328, -305.63997065664734, -5.2402242649841115, 159.81004892102598, 234.22256039258662, 200.23723656364322, 150.1449348259182, 131.91246705999143, 93.34392295827917, 80.86911261386561, 46.35661297785037, 19.192524363963333, 47.6897701688131, 22.41274753142509, 10.866037507310143, 37.44734915665596, 13.726901189403184, -1.205339401061408, 24.886846494709875, 15.3896772714023, -11.999011379024838, -1.2972999777380685, 4.304057755489633, -3.7839625313608924, -1.5854529367719632, 0.5335892441678726], "sigma": 2.5788599826048753e-05, "center": 5719.165702441728, "fwhm": 0.11103797968555398, "statistics": {"wv_mean": 5719.149545, "wv_std": 0.16583425333774074, "wv_min": 5718.868, "wv_max": 5719.43109, "wv_kurt": -1.2009603841534346, "wv_skew": 4.564453453949713e-17, "int_mean": 0.3715159255259989, "int_std": 0.38522312145891013, "int_max": 1.3727056720417883, "int_min": 0.06907, "int_kurt": 0.6483089034545224, "int_skew": 1.3923780456934345}}