{"x": [5779.56482, 5779.563551632653, 5779.562283265306, 5779.561014897959, 5779.559746530612, 5779.558478163265, 5779.557209795918, 5779.555941428571, 5779.554673061224, 5779.553404693877, 5779.552136326531, 5779.550867959183, 5779.549599591836, 5779.54833122449, 5779.547062857143, 5779.545794489795, 5779.544526122449, 5779.543257755102, 5779.541989387755, 5779.540721020408, 5779.539452653061, 5779.538184285714, 5779.536915918367, 5779.53564755102, 5779.534379183673, 5779.533110816326, 5779.53184244898, 5779.530574081632, 5779.529305714285, 5779.528037346939, 5779.526768979592, 5779.525500612244, 5779.524232244898, 5779.522963877551, 5779.521695510204, 5779.5204271428565, 5779.51915877551, 5779.517890408163, 5779.516622040816, 5779.515353673469, 5779.514085306122, 5779.512816938775, 5779.511548571429, 5779.510280204081, 5779.509011836734, 5779.507743469388, 5779.506475102041, 5779.505206734693, 5779.503938367347, 5779.50267], "y": [0.04194, 0.052468020550554856, 0.06397142215505575, 0.0763436481885463, 0.08950447599969025, 0.10346391326578887, 0.11816960627709665, 0.1334767542816626, 0.14918621194861786, 0.16522211601163345, 0.18155842798026944, 0.19798907607217014, 0.21427303587173419, 0.2302181673846413, 0.2457573452045373, 0.2607178552339798, 0.27484117488677207, 0.2878873683441309, 0.2997315443508939, 0.3102709072249852, 0.3192917699171524, 0.32662321427454727, 0.3321583901430895, 0.3358489744823595, 0.33762267427880405, 0.33743073749247865, 0.3353027518210167, 0.3312571428536442, 0.3253375973328417, 0.3176581543051796, 0.3083794952829576, 0.2976425901525998, 0.28553839998577774, 0.2722447665466048, 0.2579978075555413, 0.2430396914617918, 0.22747236731745668, 0.21142375787711645, 0.19513708673306285, 0.17885529734962255, 0.16271918719212475, 0.14676440863097368, 0.13114792055367577, 0.11606539811726817, 0.10167209542102211, 0.08795800254407317, 0.07496768600132529, 0.0628444464056149, 0.051656507856784634, 0.04145], "primeira_derivada": [-8.300450636683513, -8.684953224390215, -9.411952969045407, -10.065322913622918, -10.691013588283683, -11.300011133107732, -11.831288893924317, -12.226980511928577, -12.514261665712533, -12.761372371970582, -12.916983448746109, -12.896345827796253, -12.70495152530042, -12.411352836561148, -12.023207597347533, -11.465065600761259, -10.710427535290552, -9.811971874184332, -8.823760297390974, -7.71078883809533, -6.446203101951034, -5.072118995850361, -3.6368644416890485, -2.154062128737936, -0.6235429405451675, 0.9145309770877309, 2.4336776930714747, 3.9283392585136427, 5.360824127067559, 6.685012072354179, 7.890286752220434, 9.004132496875648, 10.012014134492091, 10.85670980952584, 11.51286145534911, 12.033359383738, 12.46324011204706, 12.746812139340214, 12.838733431711857, 12.779381152227426, 12.650471017669622, 12.445632064054417, 12.101782098974542, 11.619593171695211, 11.080147894883524, 10.527080143204014, 9.8999537454897, 9.189442710202753, 8.433852566882495, 8.046965166087025], "segunda_derivada": [303.1476556880725, 438.16262506451216, 544.1521702357636, 504.2153687165433, 486.7234333517822, 449.50514872429943, 365.4183391319211, 269.23303146932676, 210.66131252424145, 158.7559724230965, 53.20755699336302, -83.58458766677886, -191.1879048655686, -268.7486120329346, -373.0335844400781, -517.507828071499, -651.6620484056622, -743.7384929500419, -828.3022425579013, -937.2510261924463, -1040.18360654252, -1107.4625452741084, -1150.320084174868, -1187.8741233277763, -1209.6626083063122, -1205.1794937581037, -1188.066015796121, -1153.9032601782442, -1086.7012703335236, -997.1332956939752, -914.21480918124, -836.4009791851745, -730.2999866144017, -591.6453639196133, -463.84416030638886, -374.6464534985583, -281.2484716877712, -148.02230625004827, -12.838951176089756, 74.21446730828367, 131.56641450857524, 216.2973211656455, 325.6307781042799, 402.73592913521077, 430.6768978735923, 465.24145881486885, 527.3067916761, 577.9481716726044, 450.3732877854339, 305.02787839717286], "sigma": 0.013366121986508217, "center": 5779.533613941171, "fwhm": 0.03707652364097766}