{"x": [5497.28707, 5497.279767551021, 5497.272465102041, 5497.265162653061, 5497.257860204082, 5497.250557755102, 5497.243255306123, 5497.235952857143, 5497.228650408164, 5497.221347959184, 5497.214045510204, 5497.206743061225, 5497.199440612245, 5497.192138163266, 5497.184835714286, 5497.177533265306, 5497.170230816327, 5497.162928367347, 5497.155625918367, 5497.148323469388, 5497.1410210204085, 5497.133718571429, 5497.126416122449, 5497.11911367347, 5497.11181122449, 5497.10450877551, 5497.097206326531, 5497.0899038775515, 5497.082601428571, 5497.075298979592, 5497.067996530613, 5497.060694081633, 5497.053391632653, 5497.046089183674, 5497.038786734694, 5497.031484285714, 5497.024181836735, 5497.016879387756, 5497.009576938775, 5497.002274489796, 5496.994972040817, 5496.9876695918365, 5496.980367142857, 5496.973064693878, 5496.9657622448985, 5496.958459795918, 5496.951157346939, 5496.94385489796, 5496.9365524489795, 5496.92925], "y": [0.06491, 0.07160417729717003, 0.076074541409901, 0.07995383412504732, 0.089921986885323, 0.09955431672590787, 0.10567785510208248, 0.1187547806181748, 0.13605147861073477, 0.14976620925520479, 0.17221098561938214, 0.20816691143125748, 0.2442359497184869, 0.2848677643123204, 0.34479101231540177, 0.4221255176372396, 0.5200901337606866, 0.651292011621855, 0.8124160530419905, 0.9895678187883596, 1.1597923511715216, 1.274236160158626, 1.2885049044157757, 1.2065001937909827, 1.0616037478732998, 0.8885132992005195, 0.7236471989158049, 0.5905491448535586, 0.487903763300966, 0.40517038275241, 0.33888878000256417, 0.28934417351446556, 0.2514266837206724, 0.2183709907642393, 0.19224010160299645, 0.17430071911717496, 0.15606124919047334, 0.1376318338953973, 0.12726877226167874, 0.11877130332123406, 0.10537187571968337, 0.09650414811331764, 0.09332385808196929, 0.08714686655529412, 0.08195460701969763, 0.07979043024444875, 0.07282206569933773, 0.06637387037873646, 0.06738682294697416, 0.0654], "primeira_derivada": [-0.9167030562117208, -0.764438165937724, -0.5717025104185187, -0.9481370917237962, -1.3420485822739192, -1.0788071413031637, -1.3146592291605994, -2.079687485299845, -2.1233581174571525, -2.4758479729753424, -3.9987066216733163, -4.931562294965617, -5.251721244032615, -6.885023290249686, -9.39806315012487, -12.002762493163264, -15.691071216909078, -20.015608468547086, -23.16180558765637, -23.78491784834232, -19.491292727723543, -8.812971757885371, 4.6378938459739, 15.535963153261134, 21.772620080695418, 23.139945920447875, 20.40165944266758, 16.141395596728167, 12.6929173086084, 10.20308280964804, 7.930641457818036, 5.988545522479353, 4.859546636123495, 4.052515963159243, 3.017499455945667, 2.4771725562712565, 2.5107251913458373, 1.9714260933935797, 1.2913839334179649, 1.4992844595022048, 1.5246361371094777, 0.8249299427553621, 0.6406947576440817, 0.7784546728414843, 0.5036965223052701, 0.6253067529576484, 0.9186342762347641, 0.37215205251139416, 0.06668108065076161, 0.2720762517617753], "segunda_derivada": [-20.85120905401227, -23.62224965548385, 12.577898612844175, 52.745734618433, 8.947001885349167, -1.8753539524336393, 68.53045785266801, 55.37175888438685, 27.125180112376587, 128.40545065162422, 168.14320298201972, 85.79413740720639, 133.75382701716146, 283.90077889185574, 350.41252715972814, 430.88339844730615, 548.6410105759678, 511.5225311016708, 258.08529373067006, -251.3206781950117, -1025.131851852892, -1652.1297608882248, -1667.175969225851, -1173.217798799615, -520.6460728620142, 93.86992239353482, 479.1920041853073, 527.8189656246085, 406.59734861069575, 326.0738872862208, 288.5701289461721, 210.27841688464244, 132.56029344970727, 126.12530299048532, 107.8640474758395, 34.69892538815598, 34.628551620841385, 83.48851606533162, 32.32762291111098, -15.970820498175506, 46.17317550693268, 60.523625835248765, 3.1821701216613523, 9.380293907347882, 10.486065723161227, -28.41086292276054, 17.333548044174943, 58.33338910987055, 6.852208144612551, -28.12688889614467], "sigma": 3.6661439491547654e-05, "center": 5497.127091956959, "fwhm": 0.07098376486099864, "statistics": {"wv_mean": 5497.108159999999, "wv_std": 0.10538068963992989, "wv_min": 5496.92925, "wv_max": 5497.28707, "wv_kurt": -1.2009603841533998, "wv_skew": 3.8837573191470275e-11, "int_mean": 0.35097667273720695, "int_std": 0.3629270437905209, "int_max": 1.2885049044157757, "int_min": 0.06491, "int_kurt": 0.6355420604906148, "int_skew": 1.3864646902798317}}