{"x": [5573.53517, 5573.529674081633, 5573.524178163266, 5573.518682244898, 5573.513186326531, 5573.507690408163, 5573.502194489796, 5573.496698571429, 5573.491202653061, 5573.485706734694, 5573.480210816327, 5573.4747148979595, 5573.469218979592, 5573.463723061224, 5573.458227142857, 5573.45273122449, 5573.447235306123, 5573.441739387756, 5573.436243469388, 5573.43074755102, 5573.425251632653, 5573.419755714286, 5573.414259795919, 5573.408763877551, 5573.403267959184, 5573.397772040817, 5573.392276122449, 5573.386780204081, 5573.381284285714, 5573.375788367347, 5573.37029244898, 5573.364796530613, 5573.359300612245, 5573.3538046938775, 5573.34830877551, 5573.342812857143, 5573.337316938776, 5573.331821020408, 5573.326325102041, 5573.320829183674, 5573.315333265306, 5573.309837346939, 5573.304341428571, 5573.298845510204, 5573.293349591837, 5573.28785367347, 5573.282357755103, 5573.2768618367345, 5573.271365918367, 5573.26587], "y": [0.06971, 0.0749640045715705, 0.07995433205174975, 0.08444507998128928, 0.08856328674945048, 0.09280734077196805, 0.09784857709050444, 0.10432874798827232, 0.11263166403362375, 0.12282670620917556, 0.13476378409454035, 0.1482653138439511, 0.16346110828869917, 0.18098535383118525, 0.20214435596704128, 0.22879399677671627, 0.26300117386459176, 0.30652157849734185, 0.360219465182413, 0.4233686075852147, 0.4929967971704683, 0.5634634475607154, 0.6265891906786679, 0.6728289768256239, 0.6938376940789647, 0.6854457099145922, 0.6494752370886728, 0.5928941911266832, 0.5250993156651599, 0.4549519394994801, 0.38904538810157935, 0.331519464126667, 0.28387072760093385, 0.24589025265085424, 0.2162098375228148, 0.19293409226293703, 0.1741355214088934, 0.15819161338478793, 0.1440389901878475, 0.13118102714284796, 0.11950968420995627, 0.10917945103114249, 0.10033858668753169, 0.09303644894533555, 0.08714102786298521, 0.08240454828077408, 0.07853535966767741, 0.07525385376728104, 0.07237428392653149, 0.06981], "primeira_derivada": [-0.9559830078563542, -0.9319945609966969, -0.8625560621121248, -0.7832134797006829, -0.760770105379139, -0.8447442011272337, -1.0481785250986304, -1.3449150764529545, -1.682881457074094, -2.013505167140401, -2.3143181844530685, -2.610785157002668, -2.976758186588146, -3.519270583264822, -4.3494680735439, -5.53654674541674, -7.071391578983047, -8.84459018630003, -10.630346128902481, -12.07963102049039, -12.745353061702843, -12.153782551289558, -9.949704667136055, -6.118040598689251, -1.1478275554780624, 4.035945771626954, 8.420023060502482, 11.315299200622485, 12.549517879619344, 12.37772456524754, 11.229467681904332, 9.568433650725206, 7.790255035481699, 6.1555581395110694, 4.817771739874212, 3.8277784806021358, 3.1607528127485733, 2.7380802631998042, 2.457331462866878, 2.231593005862559, 2.0016287217048965, 1.7441213860992313, 1.4686355405978633, 1.2006691095892787, 0.96725423798968, 0.7829144849321062, 0.6505459174602514, 0.5605137603071757, 0.4952633394093002, 0.4665796970082405], "segunda_derivada": [-4.364774957902745, -8.49966643450248, -13.535597814982491, -9.260140883166274, 5.597856201269209, 26.147442567275064, 45.50384866653246, 57.743118576462656, 60.826057263440525, 57.44597037248925, 54.33850632054789, 60.26654308526451, 82.65092069193675, 124.88448655320369, 183.52493863499433, 247.63136236735457, 300.9545648139576, 323.7816058996615, 294.3130354021652, 192.41615245218097, 6.746054603198722, -254.33860255929176, -549.1113176067745, -800.7649061459953, -923.7752175314267, -870.4505759357626, -662.2508689257453, -375.6874231839396, -96.65585382175891, 120.0936867624153, 255.5797527223896, 312.8878939222061, 310.4918307488799, 270.42644168162576, 211.77349292688353, 150.74995809862511, 99.13704539568013, 63.99488700802844, 46.07849166425847, 41.458288744331625, 44.34851349650195, 48.489910644211776, 49.44144364591635, 45.61396923252333, 38.005897899922175, 28.813048099647485, 20.233263100799785, 14.127081923739278, 8.545802268482115, 5.219080867804519], "sigma": 1.639403277575724e-07, "center": 5573.402014935675, "fwhm": 0.07469395660502112}