{"x": [5719.26066, 5719.256432244898, 5719.252204489796, 5719.247976734694, 5719.243748979592, 5719.23952122449, 5719.235293469388, 5719.231065714285, 5719.226837959183, 5719.222610204081, 5719.218382448979, 5719.214154693877, 5719.209926938775, 5719.2056991836735, 5719.2014714285715, 5719.1972436734695, 5719.193015918368, 5719.188788163266, 5719.184560408164, 5719.180332653061, 5719.176104897959, 5719.171877142857, 5719.167649387755, 5719.163421632653, 5719.159193877551, 5719.154966122449, 5719.150738367347, 5719.146510612245, 5719.142282857143, 5719.138055102041, 5719.133827346939, 5719.129599591836, 5719.125371836734, 5719.121144081632, 5719.11691632653, 5719.112688571428, 5719.108460816326, 5719.1042330612245, 5719.1000053061225, 5719.095777551021, 5719.091549795919, 5719.087322040817, 5719.083094285715, 5719.078866530612, 5719.07463877551, 5719.070411020408, 5719.066183265306, 5719.061955510204, 5719.057727755102, 5719.0535], "y": [0.06742, 0.07415887166649072, 0.08284504530001192, 0.09274741550943838, 0.1030143628799712, 0.11365962424013276, 0.1259046472141957, 0.14130967435447236, 0.16048144708094977, 0.1831261228755336, 0.2094093587814626, 0.24141393081276907, 0.2827981471367012, 0.3376500297092678, 0.4088477919724692, 0.4986372290202516, 0.6088969322677429, 0.7416021102605349, 0.8939049407198971, 1.053711266595948, 1.1972144699475775, 1.2965089462107098, 1.3285983277470297, 1.2855970180353111, 1.1784594120566845, 1.0317961211959865, 0.8734307537767161, 0.7267793121167819, 0.60274905175235, 0.5025428886389411, 0.42148713511142855, 0.35524608714163824, 0.30107495953511026, 0.258299082281366, 0.22566818138444755, 0.20042793004863282, 0.1790110066352967, 0.15948064237632265, 0.14254931741160556, 0.12979094034625813, 0.1213248624767987, 0.11496485885201509, 0.10807092455924854, 0.0998728425383989, 0.09190333704825479, 0.08597680636977181, 0.08202727344767466, 0.07812440516547338, 0.07277560755967902, 0.06666], "primeira_derivada": [-1.5939597975668809, -1.824259557139676, -2.1983941116063312, -2.385346016208947, -2.473204836412344, -2.707144073173084, -3.2700628873362505, -4.089262389744715, -4.945467217533955, -5.786512051959917, -6.893470237921535, -8.679403913571743, -11.381465644943097, -14.907396691115952, -19.0393241127133, -23.659026536599324, -28.734502753878484, -33.70677837035498, -36.91192474189983, -35.87122738661831, -28.714728473972364, -15.538253119058613, 1.2905109109000352, 17.75634019347019, 30.016035782364984, 36.074542035107946, 36.07314067664725, 32.012462346570985, 26.519561572240846, 21.437135343609043, 17.420214502608292, 14.240675329963661, 11.46554170264132, 8.91806364512598, 6.844194003317899, 5.517960906423307, 4.842674975813634, 4.312180855360201, 3.5112845131762787, 2.510132969260831, 1.7534224590435163, 1.5674912096243976, 1.7848735260206696, 1.9120771094025353, 1.6434296492443337, 1.1680032738875425, 0.9286726660974824, 1.0941582074722414, 1.3558501957864662, 1.4465377989459098], "segunda_derivada": [54.47329706154136, 71.48407363502386, 66.35749298823681, 32.50078566261728, 38.0577929897782, 94.24127364348855, 163.45770782471848, 198.14349336823312, 200.72705505414459, 230.38267040137953, 342.1309645238371, 530.7775993145201, 736.5602580255055, 905.6648603192097, 1035.0209075988591, 1146.6107197953168, 1188.3081672688693, 967.1115983303163, 255.9808886546464, -969.4502246872709, -2404.7010502226653, -3548.601877498211, -3937.6208542747318, -3397.2550654734778, -2166.4218243297764, -716.3500188867116, 480.4062192070696, 1129.8642984270398, 1250.7024115524437, 1076.1440587468, 851.0970762623209, 704.2357771100087, 629.4843902339103, 546.5486514551554, 402.1168039182575, 236.71179848779704, 142.60287339049407, 157.45832368796556, 213.12112961104776, 207.89544471434348, 111.48254060390961, -3.71959423129004, -40.752821702101635, 16.72801207139169, 87.9986916897256, 84.53150264245623, 8.73336612863128, -50.520609565395795, -41.674551029442824, -21.450533669107276], "sigma": 0.005739995052340685, "center": 5719.167244074661, "fwhm": 0.04696026129269584, "statistics": {"wv_mean": 5719.15708, "wv_std": 0.06101018295738391, "wv_min": 5719.0535, "wv_max": 5719.26066, "wv_kurt": -1.2009603841521421, "wv_skew": -1.9096917962025215e-17, "int_mean": 0.394799029003315, "int_std": 0.38782252510046133, "int_max": 1.3285983277470297, "int_min": 0.06666, "int_kurt": 0.10618301418738962, "int_skew": 1.2118020139678607}}