{"x": [5643.2462, 5643.2385708163265, 5643.2309416326525, 5643.223312448979, 5643.215683265305, 5643.208054081632, 5643.200424897959, 5643.192795714285, 5643.185166530612, 5643.177537346938, 5643.169908163265, 5643.162278979592, 5643.154649795918, 5643.147020612245, 5643.139391428571, 5643.131762244898, 5643.124133061224, 5643.116503877551, 5643.108874693878, 5643.101245510204, 5643.0936163265305, 5643.0859871428565, 5643.078357959183, 5643.07072877551, 5643.063099591836, 5643.055470408163, 5643.047841224489, 5643.040212040816, 5643.032582857143, 5643.024953673469, 5643.017324489796, 5643.009695306122, 5643.002066122449, 5642.994436938776, 5642.986807755102, 5642.979178571429, 5642.971549387755, 5642.963920204082, 5642.956291020408, 5642.948661836735, 5642.9410326530615, 5642.9334034693875, 5642.925774285714, 5642.91814510204, 5642.910515918367, 5642.902886734694, 5642.89525755102, 5642.887628367347, 5642.879999183673, 5642.87237], "y": [0.04046, 0.048222366841559415, 0.05273435188923349, 0.05429580093195811, 0.06077101400884836, 0.06582687164740346, 0.06639005840736896, 0.07228756428275886, 0.08390994053358977, 0.0950289120783905, 0.10722900313098127, 0.12160638292472184, 0.137625914370855, 0.1598573583553727, 0.19190352438946917, 0.23376503540969118, 0.28916691981693515, 0.3646778789087952, 0.45991088616116216, 0.5683623091112548, 0.6830756529611204, 0.7763587790928969, 0.7994983684868766, 0.7402903639824561, 0.6387880933377434, 0.5286805130522316, 0.42494656118128654, 0.3426345547942369, 0.2800833105390518, 0.22828656373025244, 0.19276050724841667, 0.16803276495016145, 0.14175479942455219, 0.12154903369176467, 0.10928195005169333, 0.09550250579798616, 0.0872678106222848, 0.08646739673254308, 0.07910744310924331, 0.06842160313178566, 0.06470509382308401, 0.06223577175183189, 0.057692767011599276, 0.0555278973525213, 0.054795555321723144, 0.052288571302033675, 0.047638165505407115, 0.04360244368094691, 0.04214467366016043, 0.04015], "primeira_derivada": [-1.017457066729217, -0.8044341579950659, -0.3980395773836257, -0.5267052455090525, -0.7557211366815481, -0.3682598715208023, -0.42341965482884636, -1.1482147288559903, -1.490418160627975, -1.5282803242932208, -1.7418292693673514, -1.992147033062255, -2.5068852099666454, -3.557235763430203, -4.843747392700399, -6.374430056308318, -8.579741234509944, -11.190185848225717, -13.34903175216468, -14.625730376229292, -13.631633401547932, -7.630089961622352, 2.363844983682093, 10.532599687332384, 13.868446480325474, 14.014705983420901, 12.19304490617804, 9.494020386035851, 7.49411706133903, 5.722945404595006, 3.9489020947967544, 3.3428024547856654, 3.0464420080986723, 2.128199474700542, 1.7070324302259492, 1.4427585159437797, 0.5921412730417633, 0.5348126262407291, 1.1826818158367614, 0.9438984499063833, 0.40540584973756344, 0.45957255137282965, 0.4396194066327236, 0.1898769130387471, 0.21229833946153429, 0.4690796632106495, 0.5692697929929537, 0.3600314319536548, 0.22626560249946917, 0.26145309192075594], "segunda_derivada": [-27.922110393745978, -40.59526653510788, -18.2017450601641, 23.441666540175646, -10.384163022428302, -21.77831181498885, 51.116534265645456, 69.92874673467722, 24.908667276894786, 16.47693380428219, 30.400808831308908, 50.14009187197494, 102.57248988481867, 153.1528327753794, 184.63274797325653, 244.84885943729387, 315.614094376665, 312.56886201848266, 225.15806900267208, 18.52109357146912, -458.47896144290974, -1048.3086441278758, -1190.3429270566483, -753.9864020143415, -228.20962537340202, 109.80215222484256, 296.2758396459793, 307.957446444368, 247.14800054677812, 232.34562950924465, 155.98935952107013, 59.145258871379916, 79.60242092279869, 87.7819721733476, 44.92230021501039, 73.06752628399772, 59.50478639357027, -38.70273466104038, -26.810589518527248, 50.94096560035369, 31.741659347715935, -2.242281635832519, 17.675261854641825, 14.89812520568164, -18.29833715740526, -23.395127762444712, 7.146782403152192, 22.47974391303168, 6.460608647734345, -4.612222084180119], "sigma": 0.0007259986219390058, "center": 5643.079147213206, "fwhm": 0.0699322186692306, "statistics": {"wv_mean": 5643.059285, "wv_std": 0.11009575543023044, "wv_min": 5642.87237, "wv_max": 5643.2462, "wv_kurt": -1.2009603841532264, "wv_skew": -1.2391359705106168e-11, "int_mean": 0.20775203217056487, "int_std": 0.21663612538810648, "int_max": 0.7994983684868766, "int_min": 0.04015, "int_kurt": 0.9959628575539043, "int_skew": 1.495834150245987}}