{"x": [5643.16522, 5643.161395714285, 5643.157571428571, 5643.153747142857, 5643.149922857143, 5643.146098571428, 5643.142274285714, 5643.1384499999995, 5643.134625714286, 5643.130801428571, 5643.126977142857, 5643.1231528571425, 5643.119328571428, 5643.115504285714, 5643.11168, 5643.1078557142855, 5643.104031428571, 5643.100207142857, 5643.096382857143, 5643.0925585714285, 5643.088734285714, 5643.08491, 5643.081085714285, 5643.077261428572, 5643.073437142857, 5643.069612857143, 5643.065788571428, 5643.061964285715, 5643.05814, 5643.054315714286, 5643.050491428571, 5643.046667142857, 5643.042842857143, 5643.039018571429, 5643.035194285714, 5643.03137, 5643.027545714285, 5643.023721428572, 5643.019897142857, 5643.016072857143, 5643.012248571428, 5643.008424285714, 5643.0046, 5643.000775714286, 5642.996951428571, 5642.993127142857, 5642.989302857142, 5642.985478571429, 5642.981654285714, 5642.97783], "y": [0.03828, 0.040827436505632, 0.04377082965383311, 0.04754187595270511, 0.05238054094455333, 0.05840310761012046, 0.06549892765552996, 0.07326066597224358, 0.08128713816486467, 0.08981201515150883, 0.1004271350564174, 0.11564759030849606, 0.13734987106552599, 0.16599321014929935, 0.2010475657033736, 0.24275526120704186, 0.2946784783084854, 0.36252857968901375, 0.44908059161517394, 0.5495246760282505, 0.6488618814590469, 0.7245624698063396, 0.7574643478983333, 0.7393506397314804, 0.6772089520198203, 0.5888397474084074, 0.4939524162480286, 0.4076790729486821, 0.33562980755958643, 0.27730538762617696, 0.23066572105207767, 0.19363981116306875, 0.16493461106521862, 0.14299111306185713, 0.12526475283336494, 0.10954810810419126, 0.0953641209708981, 0.08361697985575478, 0.0752815933820014, 0.07003393690203268, 0.06601041445303492, 0.06133123864060335, 0.05569761967891491, 0.0504381134946313, 0.0471692197534382, 0.04624634753791343, 0.04625063845333592, 0.04524653194949623, 0.042333515535910526, 0.03825], "primeira_derivada": [-0.666120864346423, -0.71788956994688, -0.8778684372956074, -1.1256626641626208, -1.420034023126578, -1.7151420801709913, -1.9425272418712394, -2.064203839616941, -2.163979160683214, -2.5024276846158084, -3.3778301473680337, -4.827402914664669, -6.582355975164925, -8.328051223313276, -10.036129200186284, -12.241620997456037, -15.659567226987033, -20.187052544314383, -24.44849970986973, -26.120078984663063, -22.88503093737069, -14.199052391443844, -1.9334551640501043, 10.492860873906906, 19.678301199291987, 23.959576958160948, 23.685556991165132, 20.69963132044811, 17.045494904986874, 13.723358339871181, 10.938719372677909, 8.59390679753961, 6.621981448138532, 5.186570930321695, 4.372451152264404, 3.9093093579950153, 3.3903230809073777, 2.6256573240966072, 1.7758928029774828, 1.2121451718266358, 1.1378200938930185, 1.3483295372413346, 1.4242038854529349, 1.1150317421633067, 0.5480456050727137, 0.12009841427721583, 0.13071925886087118, 0.5121378487840882, 0.914750161450942, 1.067785160626771], "segunda_derivada": [13.536830003194376, 27.684591157488832, 53.31362830986738, 70.88455549276917, 77.07052506270476, 68.31252392667413, 45.6375105715801, 28.953370037215176, 57.29486206961394, 158.70296799363194, 303.9750954342128, 418.9705041741408, 457.686555141169, 451.5579487643714, 511.6732987983257, 735.2272354442312, 1038.8124920675023, 1149.0946467032504, 775.7038678623904, -204.41317532609554, -1558.5951839458726, -2739.279611619098, -3228.3039385426364, -2825.5938467314263, -1760.683836107167, -523.9221244255331, 426.21627690679276, 868.1440905212253, 912.1014355931122, 798.4204094896626, 670.6417780083797, 564.384861297984, 445.4865721366744, 294.11117053325376, 166.99348161842386, 128.40673326790554, 167.82899211652608, 211.07605428280806, 184.8073415279587, 83.42377593151416, -17.80520279896092, -37.44278186514674, 30.50213981435723, 114.55188573706072, 130.08093565302096, 54.56265265857917, -51.25655662570973, -102.50684195956775, -72.6472017689383, -40.01662286808077], "sigma": 0.004403450277786547, "center": 5643.079586862941, "fwhm": 0.03991025003086596, "statistics": {"wv_mean": 5643.0715249999985, "wv_std": 0.0551877687988694, "wv_min": 5642.97783, "wv_max": 5643.16522, "wv_kurt": -1.2009603841528664, "wv_skew": 7.41599569364636e-11, "int_mean": 0.2130252921467143, "int_std": 0.21678127465918007, "int_max": 0.7574643478983333, "int_min": 0.03825, "int_kurt": 0.39461341075090806, "int_skew": 1.3109863687752055}}