{"x": [5602.26905, 5602.247046530612, 5602.225043061225, 5602.203039591836, 5602.181036122449, 5602.159032653061, 5602.137029183674, 5602.115025714285, 5602.093022244898, 5602.07101877551, 5602.049015306123, 5602.027011836734, 5602.005008367347, 5601.983004897959, 5601.961001428572, 5601.938997959183, 5601.916994489796, 5601.894991020408, 5601.872987551021, 5601.850984081632, 5601.828980612245, 5601.806977142857, 5601.78497367347, 5601.762970204081, 5601.740966734694, 5601.718963265306, 5601.696959795919, 5601.67495632653, 5601.652952857143, 5601.630949387755, 5601.608945918368, 5601.586942448979, 5601.564938979592, 5601.542935510204, 5601.520932040817, 5601.498928571428, 5601.476925102041, 5601.454921632653, 5601.432918163266, 5601.410914693877, 5601.38891122449, 5601.366907755102, 5601.344904285715, 5601.322900816326, 5601.300897346939, 5601.278893877551, 5601.256890408164, 5601.234886938775, 5601.212883469388, 5601.19088], "y": [0.08471, 0.08740718421906761, 0.09998348849905032, 0.10835711967984442, 0.11874865177938138, 0.13368671771047888, 0.14765406158270894, 0.1669309427180435, 0.189621264466307, 0.2148146348659227, 0.24549851825580585, 0.283676161877639, 0.32583108919754344, 0.3811130301289181, 0.448382829772556, 0.5278103459226322, 0.6397597987592906, 0.771173781671327, 0.9322880672435254, 1.1217490488331878, 1.3307839063058238, 1.521144750151869, 1.6488019204042035, 1.6913772306062171, 1.6502222010696976, 1.5211761823906385, 1.3337065035001874, 1.130515203863971, 0.9461497938438526, 0.7877681096542902, 0.658401811101996, 0.553205028183229, 0.47069611273812334, 0.40364626278831167, 0.3465600053555541, 0.30716877925353575, 0.26500472090586863, 0.2376170954909873, 0.2148981221087601, 0.19081518351751392, 0.17453079734152402, 0.1574442959398159, 0.14305154428900924, 0.13358602568848582, 0.11966334812451135, 0.11300376754050796, 0.1053601316606791, 0.09678110550803926, 0.09159461455233371, 0.08469], "primeira_derivada": [-0.12257995189597086, -0.3470700058716157, -0.4760598224618825, -0.42641373843026603, -0.5755819135729588, -0.6568375489847086, -0.7554314372287458, -0.9536496755034249, -1.0880941388047922, -1.2697373492648358, -1.5647879386085826, -1.8254523758333407, -2.2141251121632086, -2.784827665506213, -3.3335042126091947, -4.348790765952072, -5.53011508009371, -6.647321459452418, -7.966363417064873, -9.055295599882598, -9.075743790319525, -7.226542516941499, -3.8683099799553258, -0.03227401643919534, 3.8675957236101612, 7.192404343037864, 8.877258664036699, 8.806718222990886, 7.788478447947867, 6.538695731886747, 5.330138564402287, 4.26536595329805, 3.3985269041184036, 2.820830324442689, 2.192324351983068, 1.8532369375855813, 1.5804708461560286, 1.1386067786544276, 1.0635121023013523, 0.9172945424071012, 0.7583096781231623, 0.7153247630657334, 0.542147918372378, 0.5314661009156969, 0.4677048374845046, 0.32502184568992937, 0.368638730247898, 0.3128033326386164, 0.27475452382279497, 0.3137966304644424], "segunda_derivada": [10.202484436517677, 8.032366722274155, 1.8029823197332941, 2.2615090683251937, 5.236079058629139, 4.0868446809059, 6.744666517927048, 7.5593238436692864, 7.182678063046264, 10.832241757156615, 12.62789555523496, 14.755336126885318, 21.800545922468867, 25.436422791591355, 35.53901143653374, 49.91510267658578, 52.23109712878341, 55.360550058349126, 54.71805600223505, 25.209214821835246, -41.55601670656753, -118.33210751109866, -163.4803215267398, -175.78831699583176, -164.17134571451348, -113.8380237269804, -36.683166901731965, 24.74110325264173, 51.537838219043, 55.86255149697086, 51.65843936934577, 43.89334305022967, 32.82517868918822, 27.409371924298664, 21.987291408362477, 13.90356891084668, 16.239033634764635, 11.74720983200279, 5.029030475716693, 6.935325034353011, 4.589498496447352, 4.911992648607309, 4.1779470979802324, 1.6916214342209956, 4.69117509584163, 2.251147432521719, 0.27764969323397387, 2.1333955288973496, -0.022571391091374897, -1.7743613951978745], "sigma": 0.017814049588779746, "center": 5601.761718266318, "fwhm": 0.24411757062984737, "statistics": {"wv_mean": 5601.729965, "wv_std": 0.31752919945516034, "wv_min": 5601.19088, "wv_max": 5602.26905, "wv_kurt": -1.200960384153631, "wv_skew": -4.2964647377253865e-12, "int_mean": 0.5091712258212553, "int_std": 0.49435260942321985, "int_max": 1.6913772306062171, "int_min": 0.08469, "int_kurt": 0.08097109570777583, "int_skew": 1.1925783701333377}}