{"x": [5702.07299, 5702.069050408163, 5702.0651108163265, 5702.061171224489, 5702.0572316326525, 5702.053292040816, 5702.049352448979, 5702.045412857143, 5702.041473265306, 5702.037533673469, 5702.033594081632, 5702.029654489796, 5702.025714897959, 5702.021775306122, 5702.017835714285, 5702.013896122448, 5702.009956530612, 5702.006016938775, 5702.002077346939, 5701.998137755102, 5701.994198163265, 5701.990258571428, 5701.9863189795915, 5701.982379387755, 5701.978439795918, 5701.974500204081, 5701.970560612244, 5701.966621020408, 5701.962681428571, 5701.958741836735, 5701.954802244897, 5701.9508626530605, 5701.946923061224, 5701.942983469387, 5701.939043877551, 5701.935104285714, 5701.931164693877, 5701.92722510204, 5701.923285510204, 5701.919345918367, 5701.9154063265305, 5701.911466734693, 5701.907527142856, 5701.90358755102, 5701.899647959183, 5701.895708367347, 5701.89176877551, 5701.887829183673, 5701.883889591836, 5701.87995], "y": [0.06018, 0.06400873252381638, 0.07039712079905353, 0.07841038388242383, 0.08626666535580439, 0.09343900980979686, 0.10137271291207342, 0.11231714425526233, 0.12759527390188982, 0.14680988353802435, 0.1689852572815317, 0.19422804345566452, 0.224778881613861, 0.2641039038394662, 0.31503921026695497, 0.38020044548606124, 0.4622623239830936, 0.563912469966446, 0.6867175708086011, 0.8270189887572501, 0.9704908031404369, 1.095495526626825, 1.177259674386711, 1.1968817715494837, 1.1503777532604451, 1.049448603704811, 0.9167232197715495, 0.7769970921617471, 0.6478553052708232, 0.5381959728902787, 0.4481903721488962, 0.374838820857716, 0.31542784751439873, 0.26855771912390636, 0.23254850024103943, 0.20460563842068968, 0.1814240664669388, 0.16029664643524216, 0.14071209431458154, 0.12410390262022844, 0.11180975015558921, 0.10357972714669733, 0.0975265984230913, 0.09134664910835132, 0.08409225461821024, 0.07662444178455845, 0.07040499538592093, 0.06609948326711272, 0.06311718075532195, 0.06027], "primeira_derivada": [-0.9718602034544698, -1.2967232676506582, -1.8278100821586951, -2.014110244569941, -1.9073836263781712, -1.9172097241197343, -2.3959505487632224, -3.3280809380303435, -4.377704684860519, -5.253080152955834, -6.018156434059177, -7.081142748649252, -8.868413693922282, -11.455543161200017, -14.734590085641534, -18.685071934294893, -23.316124119134447, -28.48711949572617, -33.39261143102135, -36.01556253428459, -34.07415653398511, -26.242423050899472, -12.867607753362268, 3.411764751455994, 18.71173130920349, 29.654662609079125, 34.57864708394273, 34.12382876887359, 30.30785030250583, 25.34081465565267, 20.732750852171726, 16.849781670541116, 13.4888468327148, 10.518773354135135, 8.116587118184592, 6.4885444849424045, 5.623551095957156, 5.167029205213835, 4.593463652636399, 3.6681901778125483, 2.604860645796231, 1.8127705005203287, 1.552581910236299, 1.7050425985979853, 1.8684939880232811, 1.7371417903290312, 1.3357930152219355, 0.9249453918179348, 0.7398587860041257, 0.7227095784117904], "segunda_derivada": [82.46109690364246, 108.6343350037857, 91.04838858904313, 10.099211734530055, -12.298294400794513, 62.00730210803198, 179.06312029763748, 251.5176975570601, 244.31455015646242, 208.20072447373178, 232.01167424555697, 361.74524901350657, 555.1844701200638, 744.515756250229, 917.5479430573388, 1089.1399908276608, 1244.0435415722777, 1278.8745293802147, 955.4851556796378, 86.49945618205143, -1240.3746235252445, -2691.465215224795, -3763.6116928517495, -4007.9455401223945, -3330.662025820801, -2013.7766082288708, -567.2118261476627, 542.0354390260109, 1114.711177905689, 1215.2400358263594, 1077.6538961869182, 919.3724020105626, 803.5106908331705, 681.8294809961469, 511.5033531876943, 316.4079078951353, 167.72235987861117, 130.7353002611598, 190.22770499827854, 252.38693363873938, 235.48374476954942, 133.55174585226348, 13.672469939949359, -40.0945187842149, -4.073923525919607, 67.60865019777734, 103.08128761944347, 75.63400650000929, 25.66710230344908, 4.353041711871022], "sigma": 0.006270946089466989, "center": 5701.98267565402, "fwhm": 0.04400934539794513, "statistics": {"wv_mean": 5701.976469999999, "wv_std": 0.05685173642642384, "wv_min": 5701.87995, "wv_max": 5702.07299, "wv_kurt": -1.2009603841540306, "wv_skew": 4.799292942491971e-11, "int_mean": 0.3564669286797735, "int_std": 0.3513462827788925, "int_max": 1.1968817715494837, "int_min": 0.06018, "int_kurt": 0.07208335016102563, "int_skew": 1.1975640245471817}}