{"x": [5800.25818, 5800.246803673469, 5800.235427346938, 5800.224051020408, 5800.2126746938775, 5800.201298367347, 5800.189922040816, 5800.178545714286, 5800.167169387755, 5800.155793061224, 5800.144416734694, 5800.133040408163, 5800.121664081633, 5800.110287755102, 5800.098911428571, 5800.08753510204, 5800.0761587755105, 5800.06478244898, 5800.053406122449, 5800.042029795918, 5800.030653469387, 5800.019277142857, 5800.007900816327, 5799.996524489796, 5799.985148163265, 5799.973771836735, 5799.962395510204, 5799.951019183673, 5799.939642857143, 5799.928266530613, 5799.916890204082, 5799.905513877551, 5799.89413755102, 5799.8827612244895, 5799.87138489796, 5799.860008571429, 5799.848632244898, 5799.837255918367, 5799.825879591837, 5799.8145032653065, 5799.803126938776, 5799.791750612245, 5799.780374285714, 5799.768997959184, 5799.757621632653, 5799.746245306123, 5799.734868979592, 5799.723492653062, 5799.712116326531, 5799.70074], "y": [0.03546, 0.040340482924664196, 0.04069999091605779, 0.03765913605074776, 0.03663031751171053, 0.039336339799088856, 0.04152255079250292, 0.039651509543005684, 0.03694391326822639, 0.039069730498751815, 0.04520128583248955, 0.047879346543301345, 0.04320257568916773, 0.03753164214532354, 0.03933502482904311, 0.047039382889535186, 0.05032028592755833, 0.04548041102890891, 0.043420165732578446, 0.05551714368607391, 0.07547101144138833, 0.08459082453672943, 0.08290047246538006, 0.1072419238265025, 0.2066818959510844, 0.39889384928122906, 0.6196589390242084, 0.7015074763383623, 0.559655295302654, 0.3370120523558907, 0.17428109515267828, 0.10234238968994731, 0.08864020823532716, 0.08572569798318573, 0.07027282680914052, 0.05215358783744815, 0.047009957258197746, 0.053182518274999806, 0.05688795328303972, 0.05149240197401904, 0.0441589319344421, 0.04326790889873828, 0.0471001539843519, 0.04781784758837937, 0.04303600522699129, 0.03828803651804077, 0.03829720175341654, 0.04056144129081095, 0.039749983690390706, 0.03576], "primeira_derivada": [-0.42900341436644424, -0.23030241360721662, 0.1178476578868545, 0.1788658840570784, -0.07371464522396974, -0.21501814612756734, -0.01385199972398478, 0.20123532460413482, 0.02556972334955246, -0.3629191084618369, -0.38719071664708227, 0.08784514658528166, 0.4547911125075842, 0.16998241258507238, -0.4178739384134203, -0.48281231508278927, 0.0685182451675756, 0.3032666202175986, -0.44112361885819334, -1.408664107082969, -1.2778149771406366, -0.32653163585666817, -0.9955366184520141, -5.440307253422024, -12.818370001800146, -18.150720356490172, -13.30014685485826, 2.6372152539336735, 16.019908667791793, 16.93755005720679, 10.31394721443865, 3.7639956397800627, 0.7303188626733882, 0.8072632838544371, 1.4755250764015788, 1.0224244833314629, -0.04522243778627631, -0.4341469980879341, 0.0742821637754224, 0.559452179670055, 0.36147402472178414, -0.12926941055817687, -0.1999739844624435, 0.1786230707477069, 0.4188439495179359, 0.2082747651775681, -0.09991822785257148, -0.06385110048916001, 0.211027754776916, 0.3507268958556623], "segunda_derivada": [-17.466182974014455, -24.034606899352898, -17.9833224974947, 8.4193391689187, 17.311564902694045, -2.6310182525911214, -18.29472236143598, -1.732620937363035, 24.7951054999255, 18.141200451606522, -19.81150302896163, -37.0058747394499, -3.6100082825787276, 38.354430516641635, 28.690927862348243, -21.377383212553262, -34.54889120855688, 22.399228021700065, 75.24092784540434, 36.77335368392496, -47.56071603338108, -12.406393132944704, 224.7551353117741, 519.6243862784245, 558.634330209994, 21.17453519695847, -913.6488634590636, -1288.6433702148493, -628.5128492540318, 250.78224671773563, 578.9898163414916, 421.2092684669358, 129.9511027535364, -32.75249755445665, -9.45653233945741, 66.83825003042719, 64.01765444561059, -5.252337001880514, -43.66959646890235, -12.622346069648373, 30.269946470115762, 24.67615568451651, -13.532157348173584, -27.19761657373789, -1.3032192047917248, 22.800074170060867, 11.960181739714805, -13.666361535942661, -18.221083722505327, -12.279811123602148], "sigma": 0.004506467952673177, "center": 5799.952338926631, "fwhm": 0.04640134687894391, "statistics": {"wv_mean": 5799.97946, "wv_std": 0.16417028571015352, "wv_min": 5799.70074, "wv_max": 5800.25818, "wv_kurt": -1.2009603841537844, "wv_skew": 8.309974384673917e-12, "int_mean": 0.1043176224703142, "int_std": 0.14967032381711612, "int_max": 0.7015074763383623, "int_min": 0.03546, "int_kurt": 7.035964515061176, "int_skew": 2.83727444113905}}