{"x": [5602.58356, 5602.546624897959, 5602.509689795918, 5602.4727546938775, 5602.435819591837, 5602.398884489796, 5602.361949387755, 5602.325014285714, 5602.288079183673, 5602.251144081632, 5602.214208979592, 5602.177273877551, 5602.14033877551, 5602.103403673469, 5602.066468571428, 5602.029533469387, 5601.992598367347, 5601.955663265306, 5601.918728163265, 5601.881793061224, 5601.844857959183, 5601.807922857142, 5601.7709877551015, 5601.734052653061, 5601.69711755102, 5601.66018244898, 5601.623247346939, 5601.586312244898, 5601.549377142857, 5601.5124420408165, 5601.475506938776, 5601.438571836735, 5601.401636734694, 5601.364701632653, 5601.327766530612, 5601.290831428571, 5601.253896326531, 5601.21696122449, 5601.180026122449, 5601.143091020408, 5601.106155918367, 5601.069220816326, 5601.0322857142855, 5600.995350612245, 5600.958415510204, 5600.921480408163, 5600.884545306122, 5600.847610204081, 5600.8106751020405, 5600.77374], "y": [0.08537, 0.09343538428679218, 0.10605490089755495, 0.11652755527870101, 0.12489037608905729, 0.13953364175120075, 0.15601157644352692, 0.18076605310580698, 0.199767198642696, 0.2285172655450981, 0.2624907375262971, 0.30310801208008126, 0.3583134291440588, 0.4213632206727199, 0.5022253450292836, 0.6078536601891433, 0.732924230425152, 0.8984861326805117, 1.092184082067682, 1.2988437759333122, 1.502744780402716, 1.640978958537751, 1.7034414926074026, 1.6907129551358082, 1.5877377837858027, 1.4230444081472295, 1.2196008013273172, 1.0204850059784782, 0.8432623597475599, 0.70281261817189, 0.5932185348958313, 0.4969965800360657, 0.4238515525606364, 0.36232273293516937, 0.3209064433982803, 0.2788523813988464, 0.24563777396375935, 0.2222135573102074, 0.19461086395235896, 0.1790414740324125, 0.16026490483122524, 0.14931053937371677, 0.13872331959928383, 0.13050569201823223, 0.11706817244535332, 0.10980875906141692, 0.10070623796267796, 0.09872448396700502, 0.08823225067639386, 0.0856], "primeira_derivada": [-0.218366373480529, -0.28001683702784236, -0.3126046730069051, -0.2549806843727405, -0.3114393246708711, -0.42129571376377456, -0.5581737842366212, -0.5923311400464502, -0.6464204753852792, -0.8491047190588651, -1.0097541689813159, -1.2971764841992368, -1.6008512506865606, -1.9481727128584376, -2.5245691660767746, -3.1230302970431785, -3.9343667193606953, -4.863393246419875, -5.419744648465879, -5.557866035959961, -4.631572186075237, -2.716883142528684, -0.6732619358010853, 1.566310940384761, 3.623498138652559, 4.983565255294679, 5.44955042663208, 5.0945905220946734, 4.300413025193545, 3.3849077305273, 2.786184777670733, 2.292764510950964, 1.8231145936996904, 1.3935944870074923, 1.1299596714802762, 1.01893138607399, 0.7667343659428293, 0.6907644380537319, 0.5844316232029758, 0.46495010468840403, 0.4024753285616902, 0.29161399375749125, 0.25456606745921584, 0.29315131077726714, 0.28017971811650233, 0.22149572599775472, 0.15005069002049654, 0.16886358229754303, 0.17766952359427482, 0.07126691225823885], "segunda_derivada": [1.6691564430806205, 1.2757281599244916, -0.33892085403496, -0.015775620908605317, 2.2514494370033407, 3.3401079993350193, 2.3153506668743415, 1.19461821238607, 3.476010147859795, 4.918541895379904, 6.0656630194887695, 8.001833608739002, 8.812703805980087, 12.504607600227574, 15.90435005277062, 19.084792993464028, 23.559741996274887, 20.107944029268474, 9.401257221005292, -10.669693852734941, -38.45911797251435, -53.584666503655924, -57.98270271701245, -58.166349042467274, -46.26025279655614, -24.719740668141984, -1.50297766440745, 15.556169307016027, 23.144416789167067, 20.498498228708957, 14.784624371263927, 13.037329406942943, 12.17229646406776, 9.383416911274802, 5.071911003781684, 4.91707461828304, 4.442480592816139, 2.4678792350196033, 3.0569068567296913, 2.4631892777780506, 2.346495628186389, 2.00228580577516, -0.020811056892111893, -0.3467385933977219, 0.9700201274694634, 1.7615902069541918, 0.7124949004068103, -0.3738832715723544, 1.3211912875099305, 2.8807991708910228], "sigma": 0.045396266004629204, "center": 5601.757814892694, "fwhm": 0.41263800032214304, "statistics": {"wv_mean": 5601.67865, "wv_std": 0.5330056445253742, "wv_min": 5600.77374, "wv_max": 5602.58356, "wv_kurt": -1.2009603841527765, "wv_skew": 1.466374166007094e-17, "int_mean": 0.51480167992099, "int_std": 0.503847241776067, "int_max": 1.7034414926074026, "int_min": 0.08537, "int_kurt": 0.048075083820680486, "int_skew": 1.1896219295577122}}