{"x": [5786.47271, 5786.4600459183675, 5786.447381836735, 5786.434717755102, 5786.422053673469, 5786.409389591837, 5786.396725510204, 5786.384061428572, 5786.3713973469385, 5786.358733265306, 5786.3460691836735, 5786.333405102041, 5786.320741020409, 5786.308076938775, 5786.295412857143, 5786.28274877551, 5786.270084693878, 5786.257420612245, 5786.244756530612, 5786.2320924489795, 5786.219428367347, 5786.206764285715, 5786.194100204082, 5786.181436122449, 5786.168772040816, 5786.156107959184, 5786.143443877551, 5786.130779795918, 5786.1181157142855, 5786.105451632653, 5786.092787551021, 5786.080123469388, 5786.067459387755, 5786.054795306122, 5786.04213122449, 5786.029467142857, 5786.016803061225, 5786.0041389795915, 5785.991474897959, 5785.978810816327, 5785.966146734694, 5785.953482653062, 5785.940818571428, 5785.928154489796, 5785.915490408163, 5785.902826326531, 5785.890162244898, 5785.877498163265, 5785.864834081633, 5785.85217], "y": [0.03416, 0.03772304358599447, 0.04736089869941584, 0.04680785963479821, 0.05067272065489665, 0.05327237177149028, 0.0685062549994487, 0.07160054327762999, 0.08552068701001324, 0.08921492109796954, 0.10495194154198052, 0.11943342973540598, 0.14193662320410758, 0.1643611170584098, 0.19434125465052043, 0.23610305609749196, 0.28292931936004645, 0.34441924486218456, 0.4178140992885037, 0.5030700164545171, 0.5865666997028314, 0.6538564285786189, 0.6816063715162058, 0.6646597420077641, 0.6011198718738199, 0.5230816126575814, 0.4411803889237842, 0.36884810757485065, 0.306026119754679, 0.2518943922882424, 0.21429640361656196, 0.18256859708568748, 0.15627033646271346, 0.13820092908342, 0.12345023094142185, 0.1074685902783373, 0.09689535660411712, 0.08739797958421737, 0.07837918015150915, 0.0741412372818985, 0.0668494464035665, 0.06250816448774897, 0.0542668965582599, 0.05462531426003105, 0.04782738413040222, 0.04761441208863319, 0.04061758325630652, 0.040303247399956915, 0.03848861123835698, 0.03424], "primeira_derivada": [-0.28135033312327706, -0.5211944727825519, -0.35868436070358095, -0.13075649902918346, -0.2552301984582859, -0.7040989967576714, -0.7236281334113556, -0.6717594099494711, -0.6954463154498064, -0.7671797725211251, -1.1930793528671366, -1.4602196485892152, -1.773823346424716, -2.0690261230703153, -2.8324967068739824, -3.4976110893988728, -4.276511787756351, -5.325486041476051, -6.263808785783705, -6.662646582351412, -5.953310176773913, -3.7523317746836757, -0.4265336304001009, 3.177747189861883, 5.5897511347067415, 6.31468935497146, 6.0894074103961975, 5.336125946068397, 4.617536378902888, 3.6216489596435344, 2.737103139987407, 2.2909701956994293, 1.7517128082519131, 1.295794929067538, 1.213366262828654, 1.0484326897115654, 0.7924226673471072, 0.731050896121658, 0.5233992754884925, 0.4552139698146519, 0.45929397534549027, 0.49678098302045687, 0.3112286566136241, 0.25424316641127576, 0.2768026286811407, 0.28465549588739525, 0.28865751582298216, 0.08405552331624785, 0.23938756776541006, 0.33548514307309685], "segunda_derivada": [18.938928745090998, 3.0532821022747045, -15.415171232726184, -4.084550512386479, 22.63656040634977, 18.49316628504271, -1.2768232133507225, -1.1126672576198178, 3.7673621087379505, 19.647419049385068, 27.362421381248634, 22.9287843529373, 24.036739975622147, 41.798268170400505, 56.40302265054428, 57.012230447904614, 72.16768673502922, 78.46194677320388, 52.79342709697335, -12.259025882058728, -114.90429752943732, -218.20676408961, -273.61158769424617, -237.53340113773623, -123.85194032024441, -19.72730002026175, 38.63538775521273, 58.11203189290942, 67.69053754477085, 74.24277944066871, 52.537515256251154, 38.904926559143234, 39.29125283135242, 21.254859256559552, 9.76629204291618, 16.619586311036915, 12.530785997339153, 10.62151207077245, 10.890522278373476, 2.5309889024508467, -1.6411380790236334, 5.84587667008454, 9.575815429786463, 1.3591995429115804, -1.200731737157924, -0.4680515921285065, 7.920036303686341, 1.9452633631757394, -9.926879305337543, -7.588199294399214], "sigma": 0.0007860398655810119, "center": 5786.1913003742575, "fwhm": 0.1346271596735305, "statistics": {"wv_mean": 5786.162439999999, "wv_std": 0.18275371178006186, "wv_min": 5785.85217, "wv_max": 5786.47271, "wv_kurt": -1.2009603841539016, "wv_skew": 1.4929843029586306e-11, "int_mean": 0.198388980775527, "int_std": 0.19316345380757252, "int_max": 0.6816063715162058, "int_min": 0.03416, "int_kurt": 0.32085447450110394, "int_skew": 1.2715738505683465}}