{"x": [5795.99452, 5795.983451020408, 5795.972382040816, 5795.961313061224, 5795.950244081633, 5795.939175102041, 5795.928106122449, 5795.917037142857, 5795.905968163265, 5795.894899183673, 5795.883830204082, 5795.87276122449, 5795.861692244898, 5795.850623265306, 5795.839554285714, 5795.828485306122, 5795.817416326531, 5795.806347346939, 5795.795278367347, 5795.784209387755, 5795.773140408163, 5795.762071428571, 5795.75100244898, 5795.739933469388, 5795.728864489796, 5795.717795510204, 5795.706726530612, 5795.69565755102, 5795.684588571429, 5795.673519591837, 5795.662450612245, 5795.651381632653, 5795.640312653061, 5795.629243673469, 5795.618174693878, 5795.607105714286, 5795.596036734694, 5795.584967755102, 5795.57389877551, 5795.562829795918, 5795.551760816327, 5795.540691836735, 5795.529622857143, 5795.518553877551, 5795.507484897959, 5795.496415918367, 5795.485346938776, 5795.474277959184, 5795.463208979592, 5795.45214], "y": [0.02274, 0.029236160792963532, 0.028519393801414508, 0.032722176840522144, 0.03179070690243729, 0.03425410652219475, 0.03609618288340856, 0.03945949007151421, 0.041542981651416254, 0.04988219158571017, 0.05952659140664647, 0.06503355718485816, 0.08146668985330967, 0.09559193937942012, 0.10873489980913184, 0.13086960539990455, 0.15823105622017442, 0.18807935370146509, 0.2359634929852415, 0.28982221890871784, 0.3481924277214987, 0.4058889855671869, 0.44139888193361687, 0.43721404580971673, 0.40632650016946154, 0.35140185614763336, 0.2954320897480659, 0.24208418357099576, 0.19662404211105905, 0.1578569189561712, 0.13622686569910405, 0.11541241941254009, 0.09727991339353366, 0.0890568611984802, 0.07818884040377842, 0.06833090966209514, 0.061392576286013675, 0.0530770360159386, 0.04758905867770154, 0.050340379086483145, 0.04212689244283729, 0.03979781329765265, 0.036847197737374236, 0.035241751385196515, 0.030255378300342795, 0.031705654424685786, 0.03361193002761519, 0.029348247472584302, 0.023507258207695, 0.02247], "primeira_derivada": [-0.5868798238338828, -0.26106262792284163, -0.15746781438117424, -0.1477694070159215, -0.069199227851371, -0.19448387022457858, -0.23513384888205194, -0.24603888383500724, -0.4708067906162437, -0.8123427099366484, -0.6844066101063608, -0.9910623768136174, -1.3803613034346933, -1.2317400049943688, -1.5935374045696504, -2.235804845503879, -2.5842376810121297, -3.5112738314817373, -4.595855668617698, -5.069524873708643, -5.242884662220297, -4.210255039383161, -1.4149931338976447, 1.5842644515109154, 3.87624662910387, 5.0092426993775865, 4.938019429352764, 4.463286196346184, 3.8046535328013658, 2.728217895337976, 1.9172724635961294, 1.7592837705555315, 1.1905143556841402, 0.8623682441499683, 0.9362178042250981, 0.7587087851318584, 0.689037029989885, 0.6235225882207934, 0.12361830224340074, 0.24673305202608822, 0.47622121360219277, 0.23849057908134766, 0.20580315803256996, 0.29776093551595484, 0.15973003342927838, -0.1516197450504615, 0.10648709452431615, 0.4564409815715636, 0.3106992571188028, 0.09370856627527871], "segunda_derivada": [-29.435160956212954, -19.3970910274214, -5.117600044586805, -3.9872052251936774, 2.1101521970648744, 7.4954795811020825, 2.328806064823314, 10.645648940616658, 25.580669898055792, 9.648577708717047, 8.072996494354454, 31.43716579947566, 10.871717044048006, 9.629437806957617, 45.354896183780845, 44.751201691652135, 57.61456941135336, 90.8673636485258, 70.388197452075, 29.227129213936585, -38.81432010895881, -172.9107681819442, -261.74587472043174, -239.01208413258232, -154.71065871091935, -47.96163871410328, 24.661555227134524, 51.195590667584284, 78.37525973650892, 85.2554227569589, 43.767996712373765, 32.82859553008824, 40.51482428674901, 11.4869012701804, 4.682430668561868, 11.165472489182811, 6.106533840254942, 25.540688870545456, 17.02006644169902, -15.927525588206702, 0.37232307082079147, 12.215130280188271, -2.6773179922356163, 2.0811821098967127, 20.299101503986535, 2.405051814609661, -27.46688263331146, -9.224525210182968, 16.385088267712582, 19.60349542975896], "sigma": 7.456665353666736e-05, "center": 5795.744119690034, "fwhm": 0.11056207199454524, "statistics": {"wv_mean": 5795.72333, "wv_std": 0.1597350020872271, "wv_min": 5795.45214, "wv_max": 5795.99452, "wv_kurt": -1.2009603841538965, "wv_skew": 8.54056219609957e-12, "int_mean": 0.12327579421535019, "int_std": 0.12309684141975553, "int_max": 0.44139888193361687, "int_min": 0.02247, "int_kurt": 0.6205321536649371, "int_skew": 1.3752028686658326}}