{"x": [5647.20866, 5647.203778979592, 5647.198897959184, 5647.194016938775, 5647.189135918367, 5647.184254897959, 5647.179373877551, 5647.174492857143, 5647.169611836735, 5647.1647308163265, 5647.1598497959185, 5647.1549687755105, 5647.1500877551025, 5647.1452067346945, 5647.140325714286, 5647.135444693878, 5647.13056367347, 5647.125682653062, 5647.120801632654, 5647.115920612246, 5647.111039591837, 5647.106158571429, 5647.101277551021, 5647.096396530613, 5647.091515510205, 5647.086634489796, 5647.081753469388, 5647.07687244898, 5647.071991428572, 5647.067110408164, 5647.062229387755, 5647.057348367347, 5647.052467346939, 5647.047586326531, 5647.042705306123, 5647.037824285715, 5647.032943265306, 5647.028062244898, 5647.02318122449, 5647.018300204082, 5647.013419183674, 5647.008538163265, 5647.003657142857, 5646.998776122449, 5646.993895102041, 5646.989014081633, 5646.984133061225, 5646.979252040816, 5646.974371020408, 5646.96949], "y": [0.12175, 0.12778659438310397, 0.13469549683615575, 0.14297348483383576, 0.15310652227969482, 0.16549979745549073, 0.1803866504327092, 0.1978625495591656, 0.21793577245550577, 0.24068209335362123, 0.2662700415141986, 0.2953335941854251, 0.3289021776122151, 0.3684499033617719, 0.4157370305443898, 0.4726442348048738, 0.5408194239364104, 0.6212893918767886, 0.7139108231969136, 0.8166268981855245, 0.9246342531302368, 1.029599992117598, 1.1196990670377678, 1.1814081256235993, 1.2036013301922523, 1.182080990620759, 1.1216129498431475, 1.0334962756118662, 0.9309654116409695, 0.8254052637144553, 0.7249374058596172, 0.6339886480802623, 0.5544817901438388, 0.48659340827358527, 0.4293900438343992, 0.38135551578821403, 0.3407583599513745, 0.30599427772554844, 0.27578348246178025, 0.2492244339191914, 0.22580183808511617, 0.20528817150627915, 0.1875880962392956, 0.1725947294697005, 0.1601152295439365, 0.14979991502357606, 0.14121408807241026, 0.13386272789285322, 0.12729773392774985, 0.1212], "primeira_derivada": [-1.2367484416207177, -1.326105583881319, -1.555708558854626, -1.8859811988980182, -2.3075413272978436, -2.7945107654480057, -3.3151625478435043, -3.8464418179146675, -4.3863311573486214, -4.9512463597817975, -5.598368400827724, -6.415885497574971, -7.48985899102342, -8.895153642657478, -10.673416900979786, -12.81313976757767, -15.226852650370555, -17.731066948323218, -20.009904690099944, -21.586001727080188, -21.816451900455494, -19.9819707358843, -15.55086035467221, -8.594746194575729, -0.06892667320087062, 8.398692638859767, 15.22066111069547, 19.529475628701434, 21.316343152003405, 21.105013761546928, 19.608258070680364, 17.461063616600953, 15.098814129655608, 12.814097857960137, 10.780316787145797, 9.07921668690743, 7.719824110163418, 6.655870295399363, 5.815366364110599, 5.119999528665992, 4.500725128794013, 3.9145238749344915, 3.349037629820448, 2.8142544385157398, 2.335046008903947, 1.936187507081026, 1.6325671475518295, 1.425557873162708, 1.297139412910235, 1.2492744176534658], "segunda_derivada": [18.307061800904822, 32.673507850080384, 57.35231244349343, 77.01594190653572, 93.06758532111984, 103.21829620868432, 107.75728890050374, 109.7279380097508, 113.17352207287033, 124.15818231178125, 150.03411329676052, 193.75975022541843, 253.97027033759767, 326.11602119575537, 401.3490824725287, 466.4430148596009, 503.78064110245754, 489.96435580325067, 394.8902541407572, 185.05835452244625, -164.3130797424873, -641.8321398045435, -1166.479915005249, -1585.9320784768054, -1740.7670334695997, -1566.2286268497128, -1140.210658780979, -624.4270185109388, -161.3943398254923, 174.97213066010573, 373.27749527941364, 461.936599736446, 476.02400422576807, 442.3764890880388, 382.5922510933132, 313.50951449471796, 248.24178027549482, 195.08807450735438, 157.33091017385968, 134.66868865819896, 123.48602882761983, 117.97609952422613, 112.70895678053706, 103.8708647126398, 89.94706619100202, 71.96024628393225, 52.30767249349936, 34.36041099736795, 18.058053518950132, 9.806350159566897], "sigma": 1.8328504047815386e-08, "center": 5647.091111536786, "fwhm": 0.07305172891309078}