{"x": [5779.99802, 5779.977765306123, 5779.957510612245, 5779.937255918368, 5779.9170012244895, 5779.896746530612, 5779.876491836735, 5779.856237142857, 5779.83598244898, 5779.815727755102, 5779.795473061225, 5779.775218367347, 5779.754963673469, 5779.734708979592, 5779.714454285714, 5779.694199591837, 5779.673944897959, 5779.653690204082, 5779.633435510204, 5779.613180816326, 5779.592926122449, 5779.572671428571, 5779.552416734694, 5779.532162040817, 5779.511907346939, 5779.4916526530615, 5779.471397959183, 5779.451143265306, 5779.430888571429, 5779.410633877551, 5779.390379183674, 5779.370124489796, 5779.3498697959185, 5779.329615102041, 5779.309360408163, 5779.289105714286, 5779.268851020408, 5779.248596326531, 5779.228341632653, 5779.2080869387755, 5779.187832244898, 5779.16757755102, 5779.147322857143, 5779.127068163265, 5779.106813469388, 5779.086558775511, 5779.066304081633, 5779.046049387755, 5779.025794693877, 5779.00554], "y": [0.08245, 0.08610460363963507, 0.09685521899531453, 0.10830503148564596, 0.11681030151180366, 0.13387025270475866, 0.1409393030197691, 0.16295711094825935, 0.1838482073090146, 0.2136996434909393, 0.23477306688266122, 0.27118266728651225, 0.3176715313514858, 0.3724359318695465, 0.44107452931065655, 0.5250090852428037, 0.6317777903563733, 0.7663697482910388, 0.932960777827606, 1.1211598644284002, 1.3249829554899555, 1.494917630380935, 1.6091598996974295, 1.6405208554801374, 1.5894807870057703, 1.461880382870709, 1.2781203033045618, 1.0836906043899515, 0.9032453626696241, 0.7504616902471795, 0.6270812403074718, 0.5244127370413983, 0.4450716751532766, 0.38470031502702917, 0.32991061240556935, 0.28712557006469386, 0.25676260601000556, 0.2249322175930355, 0.19746749840782643, 0.1809669075350869, 0.16391862916887195, 0.15073816720156188, 0.13722195574046647, 0.12799989937858602, 0.11646714872359286, 0.11058022067442792, 0.10471937368269417, 0.09560273982370757, 0.08720286284156267, 0.08256], "primeira_derivada": [-0.1804324302206806, -0.35560199236638623, -0.5480316804621614, -0.49260390300260287, -0.6310937448268475, -0.595639747859962, -0.718027594473349, -1.0592335916918223, -1.2526116871782549, -1.2571125458944659, -1.419005000622188, -2.0464013173847917, -2.499501231535539, -3.0462814867680565, -3.766365324872856, -4.707631282848345, -5.958141468501179, -7.434893593000648, -8.758219657152287, -9.677316774835816, -9.226448155933003, -7.015088599322098, -3.5943082127561703, 0.4857914123646977, 4.409853678576341, 7.686131559980072, 9.335855203874544, 9.254026323679422, 8.225967673368913, 6.817286996055942, 5.580162173060849, 4.493021870727775, 3.4488899921561846, 2.8428240743466016, 2.408694635224518, 1.8057050587257446, 1.5352824596460584, 1.4637374418099747, 1.0853116399478293, 0.8281751736755832, 0.7462156800826146, 0.6590243621970334, 0.5613086023503495, 0.512345610905373, 0.43001584743243604, 0.29000129826380766, 0.3697286402155987, 0.4324062103075134, 0.3219683275023721, 0.22922404405203808], "segunda_derivada": [8.648344092876298, 9.074421278897479, 3.381979294871281, 2.050439884860803, 2.5435053592970904, 2.14601736697824, 11.444108872556662, 13.196548314543042, 4.884767832042287, 4.107524765597305, 19.484095298514433, 26.672736636779543, 24.682677887505807, 31.273345847412354, 41.01147630562214, 54.105388036714686, 67.32420461718475, 69.12171088910335, 55.35564238548014, 11.558518277528563, -65.71879564306037, -139.0329564397057, -185.16399352099344, -197.58782679435376, -177.74497583414208, -121.60148050270239, -38.70447939553449, 27.398279560182004, 60.1524600259309, 65.31339146107494, 57.375962810647835, 52.6118092374203, 40.73618210148753, 25.677883931891472, 25.601942490134928, 21.560735029004572, 8.441688108982317, 11.107815857813163, 15.689258795371346, 8.370799428553696, 4.175595358302287, 4.564548811484696, 3.6208582607521267, 3.2410451550418977, 5.4887107647698805, 1.488228051755796, -3.515355820829439, 1.1789936940486059, 5.015680994316446, 4.5789032415264534], "sigma": 0.02163435947665171, "center": 5779.5332873182515, "fwhm": 0.22581200260356082, "statistics": {"wv_mean": 5779.50178, "wv_std": 0.29229284795092914, "wv_min": 5779.00554, "wv_max": 5779.99802, "wv_kurt": -1.200960384153497, "wv_skew": 4.667329233316217e-12, "int_mean": 0.4942431502853868, "int_std": 0.4814961343740261, "int_max": 1.6405208554801374, "int_min": 0.08245, "int_kurt": 0.05927027338932955, "int_skew": 1.1900022083457027}}