{"x": [5602.07319, 5602.058565918367, 5602.043941836735, 5602.029317755102, 5602.014693673469, 5602.000069591837, 5601.985445510204, 5601.970821428571, 5601.956197346939, 5601.941573265306, 5601.926949183673, 5601.912325102041, 5601.897701020408, 5601.883076938776, 5601.868452857143, 5601.85382877551, 5601.839204693878, 5601.824580612245, 5601.809956530612, 5601.79533244898, 5601.780708367347, 5601.766084285714, 5601.751460204082, 5601.736836122449, 5601.722212040816, 5601.707587959184, 5601.692963877551, 5601.678339795918, 5601.663715714286, 5601.649091632653, 5601.63446755102, 5601.619843469388, 5601.605219387755, 5601.590595306122, 5601.57597122449, 5601.561347142857, 5601.546723061224, 5601.532098979592, 5601.517474897959, 5601.502850816327, 5601.488226734694, 5601.473602653061, 5601.458978571429, 5601.444354489796, 5601.429730408163, 5601.415106326531, 5601.400482244898, 5601.385858163265, 5601.371234081633, 5601.35661], "y": [0.08803, 0.10073625374695962, 0.10775325370433725, 0.12837739424689096, 0.13902446917484895, 0.14398932728147534, 0.1717426212406121, 0.19072385867298003, 0.21975814987619105, 0.25115883688066903, 0.2920076970511057, 0.3466914063119416, 0.4088399225695278, 0.4914209534345659, 0.5977860776832815, 0.7324100252087599, 0.9142125549294624, 1.124494028204475, 1.3536595228966308, 1.5618435037143017, 1.7011155972846912, 1.7504274437120915, 1.7281230192277812, 1.6077391853394167, 1.4237501023093924, 1.1994526635688187, 0.9926588500642596, 0.8159415584330755, 0.6764659261340678, 0.5684782335478915, 0.4800513797399603, 0.41031982681530527, 0.35223911416540327, 0.31316746893463904, 0.274899727893397, 0.24573196385797536, 0.21877440629868108, 0.20065360168680418, 0.18448144188026053, 0.1694657053803978, 0.1594628036275455, 0.14269903127322603, 0.135726156871919, 0.12119458789486207, 0.11742093246911682, 0.10733065110442201, 0.1049552997133514, 0.09563337488306332, 0.09637276862701885, 0.08772], "primeira_derivada": [-0.8688582343735118, -0.6743416167918369, -0.9450556005673182, -1.069168521324541, -0.5337748183745367, -1.1186395456453555, -1.5978620936486667, -1.641659621511169, -2.0662828520220495, -2.4702251050079544, -3.2662758534813205, -3.9945149532886677, -4.9483294322152656, -6.460103268761928, -8.23946001610191, -10.818678574063654, -13.405423083930788, -15.02477143509389, -14.953057788507946, -11.879586120999125, -6.447719068135522, -0.9233886483180862, 4.878537400098514, 10.406565162769034, 13.959390135743941, 14.739088001482905, 13.11231415280877, 10.810693343884491, 8.460815902959352, 6.7154489192415765, 5.407464574763322, 4.369924511715882, 3.3216567138688458, 2.6442476257801384, 2.3056321337372143, 1.9189349117201047, 1.541237368059146, 1.1724826652418563, 1.0663198240447187, 0.855391773698875, 0.9151574361708819, 0.8115602521954046, 0.7352408143888319, 0.6258589380931937, 0.47401051015782825, 0.4262022419256105, 0.39993199282285957, 0.2934382924684973, 0.2705597206687731, 0.5916794533961705], "segunda_derivada": [-13.301116778717105, 2.605201752442682, 13.4992033843255, -14.061764441516969, 1.6914232826356748, 36.381336688793, 17.882151132366925, 16.015390577818433, 28.328803965862043, 41.027978083546245, 52.1157460202908, 57.509716541571926, 84.29891111899425, 112.52435081353417, 149.0204791894151, 176.62521304385876, 143.80707680396588, 52.91391088407305, -107.53445560304284, -290.79907149381165, -374.5943761684674, -387.24676027000316, -387.3731730918813, -310.47599991408526, -148.12974064230562, 28.96168129462453, 134.31252492261996, 159.03556772775676, 140.01714868496416, 104.39463498724864, 80.19390435807105, 71.31414858408462, 59.001205314827075, 34.738064435866576, 24.79857307576796, 26.13479549904, 25.52133751832986, 16.237516855703735, 10.841395019222269, 5.168269422734334, 1.4986076597330094, 6.151381888554872, 6.349161566811653, 8.931511420245153, 6.8262986074836745, 2.532757926153923, 4.539223480459907, 4.423261419247242, -10.196919315072996, -21.958283657508574], "sigma": 0.016320940826847652, "center": 5601.76212181446, "fwhm": 0.15756646753493314, "statistics": {"wv_mean": 5601.7149, "wv_std": 0.21103821637184628, "wv_min": 5601.35661, "wv_max": 5602.07319, "wv_kurt": -1.200960384154189, "wv_skew": 2.953023583738011e-17, "int_mean": 0.516942253591357, "int_std": 0.5149282294025777, "int_max": 1.7504274437120915, "int_min": 0.08772, "int_kurt": 0.1749404513499444, "int_skew": 1.2428207825810553}}