{"x": [5577.77994, 5577.759915918367, 5577.739891836735, 5577.719867755102, 5577.699843673469, 5577.679819591837, 5577.659795510204, 5577.639771428571, 5577.619747346939, 5577.599723265306, 5577.579699183673, 5577.559675102041, 5577.539651020408, 5577.519626938776, 5577.499602857143, 5577.47957877551, 5577.459554693878, 5577.439530612245, 5577.419506530612, 5577.39948244898, 5577.379458367347, 5577.359434285714, 5577.339410204082, 5577.319386122449, 5577.299362040816, 5577.279337959184, 5577.259313877551, 5577.239289795918, 5577.219265714286, 5577.199241632653, 5577.17921755102, 5577.159193469388, 5577.139169387755, 5577.119145306122, 5577.09912122449, 5577.079097142857, 5577.059073061224, 5577.039048979592, 5577.019024897959, 5576.999000816327, 5576.978976734694, 5576.958952653061, 5576.938928571429, 5576.918904489796, 5576.898880408163, 5576.878856326531, 5576.858832244898, 5576.838808163265, 5576.818784081633, 5576.79876], "y": [0.08328, 0.0950765230098359, 0.10676126077090906, 0.1182679216771571, 0.1297811689193012, 0.14058874726846193, 0.15722173897558028, 0.1755846287074093, 0.1998539841922102, 0.22471136355174004, 0.25859577893832597, 0.2981708641685738, 0.3464520447493416, 0.40100703264744886, 0.4770154324170037, 0.5601929227566149, 0.6778256753932533, 0.8128496422913891, 0.9822129481234735, 1.1761758312973762, 1.3771040129886545, 1.5450499740418793, 1.6480018452112253, 1.660151253771748, 1.59084815248135, 1.4470533632212685, 1.2526745434115494, 1.0623747093461655, 0.8895384776657972, 0.7459561381725478, 0.625644632249529, 0.5302859921397342, 0.4493701466168756, 0.38450972285239765, 0.3391079914520108, 0.29412540720779273, 0.25738380224536556, 0.23384066847789278, 0.20731190555075024, 0.18773584759336334, 0.17047812898102158, 0.15340094759916487, 0.14024038531989838, 0.12779693186587662, 0.12435386183785352, 0.10977985922314722, 0.10364881715325254, 0.09478261993494899, 0.08924653276530457, 0.08322], "primeira_derivada": [-0.5891168057567946, -0.5863255354683893, -0.579087697826013, -0.5748055908460536, -0.5573495454354886, -0.6851892276473712, -0.8738448554190952, -1.0645243561976128, -1.2266913346110198, -1.466778747279974, -1.8342788939070278, -2.1937651729380563, -2.567812356293663, -3.2601591939070844, -3.9748611953060813, -5.01421854598435, -6.308821652133891, -7.600530159367021, -9.072231018470033, -9.860403890476283, -9.21076305784023, -6.764301034972733, -2.874071376709108, 1.4271239444942947, 5.321040296907235, 8.44417275348254, 9.605400660210163, 9.06748365317948, 7.9009508895433855, 6.589411945404745, 5.385269346946557, 4.401562300522895, 3.6400238462677597, 2.7532387549237685, 2.2568904108386714, 2.04064762380998, 1.5053059570025864, 1.2502919637841754, 1.151234341994379, 0.9197369758494909, 0.8573401922624051, 0.7550344683973964, 0.6393305871190711, 0.39668544538585915, 0.4498851176640725, 0.5170036025763882, 0.3744800776155374, 0.3596240929359901, 0.28871785850508996, 0.3009642527314732], "segunda_derivada": [-0.1393956706512675, -0.25042616472582796, -0.2876522587588316, -0.5428002339622562, 2.7562721433877737, 7.902867052576405, 9.47197318466342, 8.810553354385828, 10.044265661325715, 15.171421352358747, 18.15280318467004, 18.31628226073208, 26.627788493349637, 35.13391687154255, 43.79874653497438, 58.2788389415188, 64.5800307061622, 69.00214993591584, 56.428898278117806, 3.459135902271847, -77.30948445605223, -158.22677407681024, -204.5393424225921, -204.6313989281253, -175.2152467654137, -106.98019619394918, -15.564032126953089, 42.5599985543912, 61.877287389532185, 62.816402487421826, 54.63046158700849, 43.57866524684389, 41.15853040880813, 34.53675081863151, 17.79335362766989, 18.767014328340583, 19.735128794669144, 8.841144915056775, 8.253936285340595, 7.338517569129465, 4.112610767147663, 5.443685486908754, 8.94795151127993, 4.730440899295871, -3.0043364634281393, 1.8828588854243653, 3.9297559939321363, 2.1414769646946743, 1.464732347805361, -0.6115833150725746], "sigma": 0.013973088664838595, "center": 5577.324417683787, "fwhm": 0.22488516637896266, "statistics": {"wv_mean": 5577.289349999999, "wv_std": 0.28896491269614605, "wv_min": 5576.79876, "wv_max": 5577.77994, "wv_kurt": -1.2009603841540464, "wv_skew": 9.442216254740934e-12, "int_mean": 0.5069328436246755, "int_std": 0.4862286420695261, "int_max": 1.660151253771748, "int_min": 0.08322, "int_kurt": 0.044948601738574734, "int_skew": 1.1773314009165006}}