{"x": [5683.58966, 5683.588161020408, 5683.586662040816, 5683.585163061224, 5683.583664081632, 5683.582165102041, 5683.580666122449, 5683.579167142857, 5683.577668163265, 5683.576169183673, 5683.5746702040815, 5683.57317122449, 5683.571672244898, 5683.570173265306, 5683.568674285714, 5683.567175306122, 5683.565676326531, 5683.564177346939, 5683.562678367347, 5683.561179387755, 5683.559680408163, 5683.5581814285715, 5683.55668244898, 5683.555183469388, 5683.553684489796, 5683.552185510203, 5683.5506865306115, 5683.54918755102, 5683.547688571428, 5683.546189591836, 5683.544690612244, 5683.543191632652, 5683.541692653061, 5683.540193673469, 5683.538694693877, 5683.537195714285, 5683.535696734693, 5683.534197755102, 5683.53269877551, 5683.531199795918, 5683.529700816326, 5683.528201836734, 5683.5267028571425, 5683.525203877551, 5683.523704897959, 5683.522205918367, 5683.520706938775, 5683.519207959183, 5683.517708979592, 5683.51621], "y": [0.01059, 0.012975341389385945, 0.015736424983724896, 0.018857424382894963, 0.022317097665210908, 0.026101022949580565, 0.030208939680429602, 0.03459448028029827, 0.03919874515076149, 0.04398408122480845, 0.04892252049175088, 0.053954357595931875, 0.0590046360709745, 0.0639928399324191, 0.06886376507694078, 0.07357632752675505, 0.07804802378839668, 0.08219154830981074, 0.0859620393325959, 0.0893157964048843, 0.09218162653380602, 0.09450745558645143, 0.09626953285189029, 0.09743480574654295, 0.09797475823236082, 0.09788730551394081, 0.09717830151657954, 0.09584909177713764, 0.0939345812361051, 0.09146725806906955, 0.08845727061762075, 0.08497125190925961, 0.08108427787534905, 0.07683242044435384, 0.07225905374737991, 0.06746511398603922, 0.06254145744540952, 0.057510413724039644, 0.0524263630579045, 0.047393696702539054, 0.04249031660757042, 0.03772159767918084, 0.033144272026973995, 0.02883688554052875, 0.024839877707722398, 0.021152986155491042, 0.017813879228979198, 0.014854470847819675, 0.012282561365520318, 0.01009], "primeira_derivada": [-1.5913101168355563, -1.7166427788026009, -1.962029044833466, -2.1950507923580336, -2.416176513088063, -2.6324047566453994, -2.8330797087207578, -2.9986417158102094, -3.1319975921547627, -3.24346488574029, -3.3256878297616583, -3.3629929434239294, -3.3484386282836023, -3.2886134874010216, -3.1966704705863345, -3.063503586574075, -2.873695155723112, -2.6398009644061986, -2.3763659405280007, -2.0746070310662006, -1.7317311089203773, -1.3635630332809707, -0.9764476368040981, -0.5687953958083263, -0.1509359332612916, 0.265666297222585, 0.6798670735518999, 1.0819761316916638, 1.461605525516586, 1.8270130722229099, 2.166809406638589, 2.459337266007115, 2.7147906180125774, 2.943743922917841, 3.1245610378756767, 3.241403803970817, 3.3204922589850785, 3.373993362796371, 3.3745346089895896, 3.3142700889944585, 3.226227720566949, 3.117468920733357, 2.963586758339936, 2.7700158042825636, 2.563043361961852, 2.3435937744268704, 2.1009343096002797, 1.845027742092139, 1.5892380636247816, 1.4627026128253469], "segunda_derivada": [83.6119868818573, 123.65709647485104, 159.57789424471886, 151.48554080865455, 145.88389550977092, 139.06233210546114, 122.16208985248885, 99.70712245387546, 81.66327656054699, 64.607363123708, 39.86980821362514, 7.588761930504352, -24.810029579130408, -50.623823875233235, -75.08771368738647, -107.73172517714579, -141.33035048686767, -165.8892549006577, -188.52622691663245, -215.02455241131548, -237.17601015637297, -251.9325400559796, -265.1028879286098, -275.3578861414031, -278.3432467439826, -277.12285447293823, -272.28850843807396, -260.75686961752046, -248.5147044693645, -235.227979410953, -210.9182130419754, -182.78474715933876, -161.57880319239436, -136.68312167172968, -99.28750287136164, -65.35486613000045, -44.22660573549654, -18.026379511631443, 19.921309845713353, 49.46928204773737, 65.64504591511891, 87.60658372570761, 115.8965466734562, 133.6053534568068, 142.23743678165945, 154.141208754518, 166.30180792885545, 170.6815252086833, 127.52846381442434, 84.41439195725498], "sigma": 0.013225652697336221, "center": 5683.55314566484, "fwhm": 0.04098813873130609}