{"x": [5621.70912, 5621.679544897959, 5621.649969795919, 5621.620394693878, 5621.590819591837, 5621.561244489796, 5621.531669387756, 5621.5020942857145, 5621.472519183674, 5621.442944081633, 5621.413368979592, 5621.383793877551, 5621.35421877551, 5621.32464367347, 5621.295068571429, 5621.265493469388, 5621.235918367347, 5621.206343265307, 5621.1767681632655, 5621.147193061225, 5621.117617959184, 5621.088042857143, 5621.058467755102, 5621.028892653061, 5620.999317551021, 5620.96974244898, 5620.940167346939, 5620.910592244898, 5620.881017142858, 5620.851442040816, 5620.821866938775, 5620.792291836735, 5620.762716734694, 5620.733141632653, 5620.703566530612, 5620.673991428572, 5620.6444163265305, 5620.61484122449, 5620.585266122449, 5620.555691020409, 5620.526115918367, 5620.496540816326, 5620.466965714286, 5620.437390612245, 5620.407815510204, 5620.378240408163, 5620.348665306123, 5620.3190902040815, 5620.289515102041, 5620.25994], "y": [0.04796, 0.11786571558032859, 0.05744770286199619, 0.058805455287730464, 0.06564992749546054, 0.06898246725585715, 0.07883238772290979, 0.08771909818103824, 0.09476974143617165, 0.10829399561997781, 0.12198712471835461, 0.14080276855315565, 0.16583203510781155, 0.18795016192149588, 0.228436947888234, 0.2716679174184049, 0.3254032185584503, 0.3984549909041713, 0.48740744953453113, 0.5961643906075316, 0.7257440020856423, 0.8546702658025328, 0.9344047275780296, 0.9542885948966313, 0.8869118684948294, 0.7794660878661349, 0.6536112396847364, 0.5370355440459916, 0.4390661433883165, 0.3634896681350202, 0.3033465171536788, 0.26568421077225157, 0.21326052152943725, 0.18689845028519325, 0.16088904703926235, 0.14047407979398754, 0.12529642015210682, 0.11289224998295876, 0.0986426761650632, 0.09248737423417812, 0.08306629479180623, 0.07737579611052349, 0.07235434039009978, 0.0662905767142454, 0.06137967804923759, 0.06205711800224283, 0.05635448073641985, 0.051842569400075575, 0.05163845897978662, 0.04808], "primeira_derivada": [-2.36366777307689, -0.16040017121350508, 0.9984794001921092, -0.13866773176563243, -0.17205370845540563, -0.2228641546066717, -0.316763588834714, -0.2694386935890551, -0.34784152917831335, -0.4601401416001012, -0.5495969699166555, -0.7412469841862238, -0.7970791326996854, -1.058405693648961, -1.4153417861664854, -1.6393226731138764, -2.143476518034355, -2.7388617417565606, -3.3424973383142014, -4.029344551752903, -4.370329387783294, -3.527641683275826, -1.684158670978319, 0.8029196149131304, 2.9555689577915323, 3.944206658837534, 4.0985580284027385, 3.627123517622817, 2.9339860885631412, 2.2944912589888844, 1.6535100576813953, 1.523003969690847, 1.3319609240641324, 0.885398035448208, 0.7848556266550138, 0.6017329515563031, 0.4663015155957308, 0.4506111923179709, 0.3449671233702709, 0.26333605462762144, 0.25547803863170393, 0.18109750537692004, 0.18740796533842657, 0.18553887533049593, 0.07157132891993279, 0.08495655071432356, 0.17268830701044724, 0.0797295940032664, 0.06361042127407426, 0.12031941512239602], "segunda_derivada": [-74.49737954551966, -56.84083809132746, -0.36741106451477573, 19.789164328722958, 1.4234341900991956, 2.446481506298276, 0.7873943920491386, 0.5254071532998683, 3.2240201191544666, 3.410900162864066, 4.752423883415669, 4.183961266503507, 5.3619207978625445, 10.452417925968401, 9.821047762809043, 12.309927635479612, 18.588931107093863, 20.270780784230872, 21.817047464737684, 17.376644179483, -8.48184509689219, -45.41270412357426, -73.21295615848793, -78.43975690045308, -53.10695191504217, -19.323501725119282, 5.360643232565966, 19.688384138688487, 22.529630781939282, 21.64787173170916, 13.04285084518468, 5.436145802200176, 10.77943760537926, 9.249423664789457, 4.795673798534386, 5.385511614127891, 2.5548814511265743, 2.051292875645093, 3.1660945316793647, 1.5129125271515877, 1.3903341590510747, 1.1508003116847518, -0.07508629974381413, 1.9583471979026237, 1.700456087649014, -1.7094949993931705, 0.08836751778319814, 1.844082999036948, -0.6862160790377153, -1.9174572506716867], "sigma": 2.2315457331778532e-05, "center": 5621.0358823283095, "fwhm": 0.2935733667807889, "statistics": {"wv_mean": 5620.98453, "wv_std": 0.4267944436095881, "wv_min": 5620.25994, "wv_max": 5621.70912, "wv_kurt": -1.2009603841538403, "wv_skew": 3.196467653402218e-12, "int_mean": 0.2633886499782806, "int_std": 0.26574775443552295, "int_max": 0.9542885948966313, "int_min": 0.04796, "int_kurt": 0.6018199589206503, "int_skew": 1.3668563750201688}}