{"x": [5754.15952, 5754.150641836734, 5754.1417636734695, 5754.132885510204, 5754.124007346939, 5754.115129183673, 5754.106251020408, 5754.097372857143, 5754.088494693878, 5754.079616530612, 5754.070738367347, 5754.061860204081, 5754.0529820408165, 5754.044103877551, 5754.035225714286, 5754.02634755102, 5754.017469387755, 5754.0085912244895, 5753.999713061225, 5753.990834897959, 5753.981956734694, 5753.973078571428, 5753.964200408163, 5753.955322244898, 5753.946444081633, 5753.937565918367, 5753.928687755102, 5753.919809591836, 5753.9109314285715, 5753.902053265306, 5753.893175102041, 5753.884296938775, 5753.87541877551, 5753.8665406122445, 5753.85766244898, 5753.848784285714, 5753.839906122449, 5753.831027959183, 5753.822149795918, 5753.813271632653, 5753.804393469388, 5753.795515306122, 5753.786637142857, 5753.777758979591, 5753.768880816327, 5753.760002653061, 5753.751124489796, 5753.74224632653, 5753.733368163265, 5753.72449], "y": [0.23225, 0.2425756294337867, 0.2530697430216817, 0.26429922667475336, 0.2775620158915742, 0.2941271665149017, 0.31451770908178317, 0.3384218149809836, 0.36542666835838966, 0.3956919482990203, 0.4305278126712133, 0.4718038330929136, 0.5217436378232877, 0.5824388803440964, 0.6563292504202387, 0.7466350277435272, 0.8579658973509816, 0.9951086483606763, 1.1617690635984803, 1.3587105545986398, 1.580200474165502, 1.8134972515061984, 2.0344359398528122, 2.2097463552286825, 2.3005834359459785, 2.278912515922125, 2.147084588351064, 1.9391684928675827, 1.7007588464905372, 1.4672785387788572, 1.2584142523414077, 1.0816365667983134, 0.9357378855126643, 0.8166152408040381, 0.7184532553995677, 0.6368361006722065, 0.5684472512693747, 0.5114246046081287, 0.46401850608125017, 0.4247178097896671, 0.39179083955587235, 0.3637620885138155, 0.33957809605574724, 0.3185098992207735, 0.30009605416825297, 0.2837655804128136, 0.2690633980263523, 0.25563204874081774, 0.24345645515759373, 0.23266], "primeira_derivada": [-1.1630366692630825, -1.172525352346018, -1.223428573669781, -1.3793547233805294, -1.6798485761521518, -2.0812690691674547, -2.4945840227542133, -2.8670884818899403, -3.2253367958338193, -3.6663633212969766, -4.286465709146427, -5.137088743823009, -6.230739621757978, -7.579586485126461, -9.24719125413226, -11.355763625042178, -13.993526205362375, -17.109573070965354, -20.47731582380093, -23.56520138585786, -25.612656769033634, -25.581612553931034, -22.315939225337775, -14.988882730572875, -3.895296731234549, 8.644741204226303, 19.133688630288553, 25.136153082730992, 26.57587723874491, 24.91194298473957, 21.71856725632994, 18.17247313358262, 14.925459133527104, 12.237026039054042, 10.124793538902814, 8.448031402866262, 7.062919002296904, 5.88121338093575, 4.88314937602426, 4.067714479165487, 3.432901572898494, 2.9405149432286968, 2.548510764037609, 2.2235478616265403, 1.9567289860350505, 1.7476957347226543, 1.584422973044949, 1.4421306583096463, 1.2937388091623772, 1.216068553191452], "segunda_derivada": [1.0687664552787632, 3.4011485597861832, 11.648207227879459, 25.704641199033606, 39.530380598523855, 45.884234286706786, 44.25574238948256, 41.15450185147312, 45.01352450513303, 59.76061047779022, 82.82824828604866, 109.49753088056545, 137.55647808638764, 169.88038754374043, 212.66657455328235, 267.30387859483693, 324.04278193477774, 365.15377250237714, 363.56778547417684, 289.2119006923045, 113.56015359350324, -185.66439054899783, -596.5608824040112, -1037.412916592944, -1330.9973712214116, -1296.9453632098707, -928.7625934378657, -419.1288437743145, 12.627054227958022, 273.55376541650037, 379.5531603643621, 382.5739581376741, 334.27224287041753, 270.3636693291701, 213.38842973261592, 172.43851262402148, 144.55794206671607, 122.76016790489818, 102.13254969395565, 81.67499063644654, 63.48157283508082, 49.80708184972727, 40.378119898050514, 33.32793959280842, 26.799018709382356, 20.967513316910214, 17.208800248527748, 16.370737685036485, 12.731355482138074, 8.7484599737479], "sigma": 2.3731082397171477e-05, "center": 5753.943441361016, "fwhm": 0.11910275240836025}