{"x": [5706.37722, 5706.3649210204085, 5706.352622040817, 5706.340323061225, 5706.328024081633, 5706.315725102041, 5706.303426122449, 5706.2911271428575, 5706.278828163266, 5706.266529183674, 5706.254230204082, 5706.24193122449, 5706.229632244898, 5706.2173332653065, 5706.205034285715, 5706.192735306123, 5706.180436326531, 5706.168137346939, 5706.155838367347, 5706.1435393877555, 5706.131240408164, 5706.118941428572, 5706.10664244898, 5706.094343469388, 5706.082044489796, 5706.069745510204, 5706.057446530612, 5706.04514755102, 5706.032848571428, 5706.020549591836, 5706.008250612244, 5705.995951632653, 5705.983652653061, 5705.971353673469, 5705.959054693877, 5705.946755714285, 5705.934456734693, 5705.922157755102, 5705.90985877551, 5705.897559795918, 5705.885260816326, 5705.872961836734, 5705.860662857142, 5705.848363877551, 5705.836064897959, 5705.823765918367, 5705.811466938775, 5705.799167959183, 5705.786868979591, 5705.77457], "y": [0.18253, 0.1880676086550862, 0.19565411618413603, 0.20472632541609517, 0.21459855366991895, 0.22541169500912445, 0.23756683441703158, 0.2510345043759916, 0.26586905037410874, 0.2830373688188014, 0.30427686536216675, 0.33082348408452505, 0.3629788501812945, 0.4013879000999965, 0.44814254717546, 0.5064775313884644, 0.5797743057787672, 0.6715617358865084, 0.7868642304516453, 0.931359485040638, 1.1077378903297768, 1.3102754036089084, 1.5199273738370631, 1.7016565445868792, 1.8081913131039862, 1.7997197246669927, 1.6751745897889463, 1.4774564825174057, 1.2612485204300161, 1.0635929321271866, 0.8986766238452841, 0.7657715658176639, 0.6586233655583388, 0.5716051191791166, 0.5013247509861397, 0.4454534387362384, 0.401095502979926, 0.3649055767375083, 0.3342125202974985, 0.3077907198234277, 0.28529296258904324, 0.26618749099725425, 0.24948615191075021, 0.2344753243955995, 0.22133544069014963, 0.21081318170786548, 0.2029073941977998, 0.1963909948856385, 0.18976589550860617, 0.18277], "primeira_derivada": [-0.4502494384788993, -0.5335449207855852, -0.6772397919934404, -0.7701629775190013, -0.8409384469084461, -0.9337474127676673, -1.041664033001645, -1.1505920367520226, -1.3010373829736739, -1.561422827856491, -1.942686176073332, -2.3864575260417786, -2.868710183986706, -3.4622261285285063, -4.27229066052977, -5.351328442349675, -6.711296789518521, -8.418988060212552, -10.561760315735766, -13.044726901214085, -15.404364066913656, -16.7570602272159, -15.911122465715211, -11.719018521599295, -3.986638864804939, 5.407632491660161, 13.101218671977668, 16.827659004889984, 16.825117372543808, 14.73991780690069, 12.10756404975621, 9.759072144747353, 7.893599838456635, 6.394783136181992, 5.128542555133957, 4.0746977120268815, 3.2745749920675387, 2.719046006338646, 2.3219347787196716, 1.988764894810465, 1.6913284762989582, 1.4556821730995644, 1.2892194171422602, 1.1444327966563166, 0.9619555228568231, 0.7491697321209848, 0.5863163978174251, 0.5342515853071335, 0.5537449177768975, 0.5688191818166597], "segunda_derivada": [6.77255228246724, 9.228015699175291, 9.619418219481457, 6.654968962779206, 6.650325501690142, 8.160253645208499, 8.815553451619282, 10.544506885118542, 16.70182424634964, 26.08544832149095, 33.54077840462266, 37.64637549802494, 43.734059173538604, 57.060850701594276, 76.7991482429819, 99.15481649422217, 124.71195658784353, 156.53589378968206, 188.05376521127167, 196.87014337326022, 150.920379137265, 20.601644023300363, -204.81543480900228, -484.7753226954163, -696.2630877117278, -694.6859862869408, -464.2672356661708, -151.39055532049923, 84.874569568993, 191.7863708758519, 202.4901994902427, 171.31357035903383, 136.77106232452837, 112.41002811155182, 94.32024042448838, 75.37078784558433, 55.112365036708056, 38.728424835360514, 29.6886870197395, 25.636529344250047, 21.671827232923146, 16.347252882008082, 12.653463408051019, 13.304514079475164, 16.068937328662813, 15.271150026496503, 8.737234874207248, 1.3241537559000647, -1.4053034339727146, -1.2256516020054389], "sigma": 0.00011353865273044939, "center": 5706.076101967117, "fwhm": 0.15144756396973452}