{"x": [5574.04259, 5574.015282653061, 5573.987975306122, 5573.960667959183, 5573.9333606122445, 5573.906053265307, 5573.878745918368, 5573.851438571429, 5573.82413122449, 5573.796823877551, 5573.769516530612, 5573.742209183673, 5573.7149018367345, 5573.687594489796, 5573.660287142857, 5573.632979795919, 5573.60567244898, 5573.578365102041, 5573.551057755102, 5573.523750408163, 5573.496443061224, 5573.469135714286, 5573.441828367347, 5573.414521020408, 5573.387213673469, 5573.359906326531, 5573.332598979592, 5573.305291632653, 5573.277984285714, 5573.2506769387755, 5573.223369591837, 5573.196062244898, 5573.168754897959, 5573.14144755102, 5573.114140204081, 5573.086832857143, 5573.059525510204, 5573.0322181632655, 5573.004910816327, 5572.977603469388, 5572.950296122449, 5572.92298877551, 5572.895681428571, 5572.868374081632, 5572.841066734693, 5572.813759387755, 5572.786452040817, 5572.759144693878, 5572.731837346939, 5572.70453], "y": [0.04948, 0.05499941032926298, 0.06051124689451215, 0.06539943645246696, 0.06739017553491358, 0.07517748940343626, 0.07953206804011503, 0.08878032884107612, 0.09943982253705722, 0.10603888258976303, 0.12475278622737568, 0.1440602508389794, 0.16433908540342465, 0.1871180094529806, 0.21754343048760613, 0.26082032094050306, 0.31609432101680757, 0.37703227331259237, 0.46164784846118584, 0.5722382895246981, 0.688774963863988, 0.8154891638357056, 0.9254652272365768, 0.9814890338108442, 0.9621865773420853, 0.8782058296545255, 0.7541055493111044, 0.6352458385580056, 0.5237461350760685, 0.4332019149401612, 0.3610389877165757, 0.3023337636117997, 0.2572450290802019, 0.2200677534258914, 0.1936402992716033, 0.16651372294647895, 0.1496568131442012, 0.13386994763163493, 0.12029989953976988, 0.10967020156256937, 0.09671410295713952, 0.09137982638830101, 0.08313052306447559, 0.08135230002094777, 0.07139883338686276, 0.05971979074038683, 0.062449554491015385, 0.05769856108276284, 0.05617992099062852, 0.04952], "primeira_derivada": [-0.2021218077910992, -0.20198313148485175, -0.1904254218926085, -0.12595380751928698, -0.1790370366814012, -0.22231915338726907, -0.24906922426575315, -0.36451279103583606, -0.3160056849777882, -0.4634826617720248, -0.6961747022574519, -0.7248287295112877, -0.7883914667798245, -0.9741763856314186, -1.3494960102448157, -1.8044757469749961, -2.1278513916464314, -2.6650982933314187, -3.574239867554661, -4.158718089883539, -4.453945578374097, -4.33382019685854, -3.0394726801316443, -0.6723712520977199, 1.8911248388437498, 3.809982502149714, 4.448619480325489, 4.217901774762735, 3.699442572545486, 2.979182630296027, 2.396207724267866, 1.9004767996819554, 1.5062981103596558, 1.164608373544775, 0.9805791569607906, 0.8053416215532945, 0.5977104877292019, 0.5375277516001531, 0.443099546126536, 0.4318580753273114, 0.3348984288955937, 0.24871658024985793, 0.1836049175667099, 0.21480830239341184, 0.39609320761457, 0.16386210853860067, 0.03700889841383639, 0.1147975582253049, 0.1497501954523731, 0.243887515163504], "segunda_derivada": [-0.005078351498514016, -0.21416188699463362, -1.3921038198211955, -0.20852236646609423, 1.7644582259366406, 1.282295708592523, 2.6035784063330074, 1.2256126686689943, 1.812147312548248, 6.9609291984812485, 4.785270211791686, 1.688497325075393, 4.565578206449827, 10.273875098908224, 15.202856638107892, 14.251757652565471, 15.758076906611095, 26.483504222254677, 27.348313988461996, 16.107491379312044, 3.2061354654296643, -25.89912709954804, -67.04146237562775, -90.2796879171957, -82.07230391799644, -46.8279589234647, -7.469038891368657, 13.717497153002942, 22.68105992207395, 23.86234831225221, 19.751201627695412, 16.29432577065033, 13.473817646666884, 9.625961734322845, 6.578206824737056, 7.010360070772584, 4.903696257140533, 2.8309403683335, 1.9348213597863644, 1.981172273402535, 3.353337390985623, 2.770197919035724, 0.6208636439921082, -3.890679869478737, 0.9328294317589487, 6.574866280685701, 0.8983763677799381, -2.0643033776024073, -2.3636488236514293, -3.4473257296605486], "sigma": 0.0005150214660800678, "center": 5573.405641314587, "fwhm": 0.28036202832406276, "statistics": {"wv_mean": 5573.373559999999, "wv_std": 0.3940687652438669, "wv_min": 5572.70453, "wv_max": 5574.04259, "wv_kurt": -1.200960384153965, "wv_skew": 6.923874950875858e-12, "int_mean": 0.27788371081942137, "int_std": 0.2758956799653104, "int_max": 0.9814890338108442, "int_min": 0.04948, "int_kurt": 0.4626443315827786, "int_skew": 1.320648261421033}}