{"x": [5625.14326, 5625.138052244898, 5625.132844489795, 5625.127636734694, 5625.122428979592, 5625.117221224489, 5625.112013469387, 5625.106805714286, 5625.101597959184, 5625.096390204081, 5625.091182448979, 5625.085974693878, 5625.080766938775, 5625.075559183673, 5625.0703514285715, 5625.065143673469, 5625.059935918367, 5625.054728163265, 5625.049520408163, 5625.044312653061, 5625.039104897959, 5625.033897142857, 5625.028689387755, 5625.023481632653, 5625.018273877551, 5625.013066122448, 5625.007858367347, 5625.002650612245, 5624.997442857142, 5624.9922351020405, 5624.987027346939, 5624.981819591837, 5624.976611836734, 5624.9714040816325, 5624.966196326531, 5624.960988571428, 5624.955780816326, 5624.9505730612245, 5624.945365306122, 5624.94015755102, 5624.934949795918, 5624.929742040816, 5624.924534285714, 5624.919326530612, 5624.91411877551, 5624.908911020408, 5624.903703265306, 5624.898495510204, 5624.8932877551015, 5624.88808], "y": [0.08535, 0.09401213963775476, 0.10274413420510627, 0.1145138529356364, 0.13090825005713685, 0.15001961575174758, 0.1690501752510024, 0.1881854141412943, 0.21097512678526528, 0.24097020123080756, 0.27952103103702747, 0.3270929303509609, 0.3854539535360076, 0.45747901624348924, 0.5466493431737368, 0.658823792159756, 0.8026701094313351, 0.9826067986116213, 1.1876775597782738, 1.3893864166465124, 1.5544566389882637, 1.6610691611898645, 1.7024981552118321, 1.6778678956764836, 1.5867181821904264, 1.4358475616395723, 1.2468876209964685, 1.050902705554286, 0.8732050140121298, 0.724429947265764, 0.6042587313514011, 0.5090396542233512, 0.4340399755680362, 0.3738101375525362, 0.32450178255216483, 0.28504239860577807, 0.2544455297388244, 0.22918852194437164, 0.20577771698660743, 0.1844667328322914, 0.16760571756202142, 0.1549175623863472, 0.14337169844862177, 0.13191300809901932, 0.12293003896641101, 0.11760091766789663, 0.11268897661935791, 0.10443602676938192, 0.09384371211997837, 0.08544], "primeira_derivada": [-1.6633154724997772, -1.670022290189245, -1.9683830072140356, -2.704055327264454, -3.4089316912175596, -3.662031378703914, -3.664323460276997, -4.025242231538185, -5.067902200990409, -6.581137448509252, -8.2686999904211, -10.170689713676712, -12.518454049131645, -15.476475610681907, -19.33124464997019, -24.580722521734014, -31.08661987025392, -36.9648190813409, -39.05517925195201, -35.21470115652211, -26.084439382651954, -14.213563552602333, -1.6128575707659605, 11.1161115258832, 23.236531795991134, 32.627356175901284, 36.95880936824859, 35.87751340544864, 31.344864714297888, 25.82170987356885, 20.679764009009226, 16.34281494062797, 12.983475030650387, 10.516834113297174, 8.522649126581255, 6.726147009436435, 5.36256751421361, 4.6726287812071154, 4.293768450538432, 3.664918825738517, 2.8370353315338566, 2.3267241486712646, 2.2086824205244278, 1.9626172009590237, 1.3741132359529862, 0.9832511462269691, 1.2639698527733976, 1.8093462662393902, 1.8238210511556519, 1.6136918798525672], "segunda_derivada": [1.2878519742979477, 29.289735089909307, 99.27819346137619, 138.3080286854693, 91.9759121383416, 24.52033208614183, 34.872113390201264, 134.75852006153417, 245.39318447230994, 307.3107055347717, 344.6352790236959, 408.02168835660444, 509.41200122333305, 654.1005162214764, 874.1047468968121, 1128.641323328929, 1189.0052736360979, 765.0666386272796, -168.02997553331025, -1245.3292844843031, -2016.3330642030003, -2349.5326999398435, -2431.9188000690383, -2385.8062525191467, -2065.308777754418, -1317.4849146045149, -312.04973794236685, 538.9985265972102, 965.4643252708181, 1023.9633485909143, 910.0749505030471, 738.9257777385618, 559.3562593648028, 428.2868353926238, 363.9463674324152, 303.40151853731743, 197.15963866402728, 102.61610259089268, 96.75089704574862, 139.8619069578527, 128.48095300189482, 60.32857715809685, 34.95814805009402, 80.12753751502737, 94.02958045345487, 10.574938818901929, -79.31393699105601, -53.75168257659269, 18.784906600489073, 40.349280485920495], "sigma": 0.00964836428837379, "center": 5625.026781451347, "fwhm": 0.061749587995652375, "statistics": {"wv_mean": 5625.015669999999, "wv_std": 0.07515243525323959, "wv_min": 5624.88808, "wv_max": 5625.14326, "wv_kurt": -1.200960384153295, "wv_skew": 3.630595415813652e-11, "int_mean": 0.5331458316736791, "int_std": 0.5131597487673589, "int_max": 1.7024981552118321, "int_min": 0.08535, "int_kurt": -0.14912498450582445, "int_skew": 1.1243583415888552}}