{"x": [5719.82187, 5719.7937555102035, 5719.765641020408, 5719.737526530612, 5719.7094120408165, 5719.68129755102, 5719.653183061224, 5719.6250685714285, 5719.596954081632, 5719.568839591837, 5719.540725102041, 5719.512610612244, 5719.484496122449, 5719.456381632653, 5719.428267142857, 5719.400152653061, 5719.372038163266, 5719.343923673469, 5719.315809183673, 5719.287694693878, 5719.259580204081, 5719.231465714286, 5719.20335122449, 5719.1752367346935, 5719.147122244898, 5719.119007755102, 5719.0908932653065, 5719.06277877551, 5719.034664285714, 5719.0065497959185, 5718.978435306122, 5718.950320816327, 5718.922206326531, 5718.894091836734, 5718.865977346939, 5718.837862857143, 5718.809748367347, 5718.781633877551, 5718.753519387756, 5718.725404897959, 5718.697290408163, 5718.669175918368, 5718.641061428571, 5718.612946938776, 5718.58483244898, 5718.5567179591835, 5718.528603469388, 5718.500488979592, 5718.4723744897965, 5718.44426], "y": [0.06308, 0.06757732939065562, 0.0671524375583731, 0.07218678810896599, 0.07910720008674474, 0.08336859747736117, 0.09337898730683906, 0.10414050807009573, 0.11294985922767548, 0.12554257260581894, 0.1406129671412825, 0.16482385012109785, 0.18697680170155315, 0.21493297874075457, 0.2517164388525579, 0.29970079462118354, 0.35398309423144486, 0.42398766707141544, 0.5159025391682699, 0.6355714078436594, 0.7782935480268238, 0.9396559622985166, 1.1020111595079267, 1.2325769306379073, 1.2843210919058559, 1.2356193952618042, 1.1174631889823645, 0.9594380453212039, 0.7961556757829725, 0.6513996411618785, 0.5397911189926575, 0.4491806092189893, 0.37487609660217325, 0.3164677319179168, 0.27359838705242895, 0.23768179890954638, 0.20659075939888413, 0.18668006982849544, 0.16405404711456337, 0.14471346107633945, 0.13157421841227981, 0.12136056279163131, 0.11273035090291032, 0.09873260647350848, 0.0896604377161981, 0.08582846394599383, 0.07640911525689748, 0.07339454454893224, 0.07036141289406107, 0.06315], "primeira_derivada": [-0.15996482323682903, -0.07242595522714694, -0.08197656709734716, -0.2126085626164671, -0.19886203608175412, -0.25381551156554355, -0.3694164600457859, -0.34805667936649226, -0.3806233847946429, -0.4919724333342579, -0.6985948847002712, -0.8245540804221639, -0.8911619770367799, -1.151357140413359, -1.507546757846821, -1.8187535345932402, -2.210370406022549, -2.8796440218212194, -3.762894904172496, -4.666472889319744, -5.407968571779074, -5.757131177411007, -5.2094306256652185, -3.242277091313212, -0.05410848011100377, 2.9674716513665116, 4.9117261587583005, 5.714268968201259, 5.478285510360959, 4.559295912038554, 3.596348954070547, 2.9329186406749295, 2.3602220467580866, 1.8011657029035202, 1.4011624180366289, 1.1916920445679562, 0.9070363618802628, 0.7564909161295982, 0.7463519533331006, 0.5776350369086317, 0.41531783884933793, 0.33512732484598334, 0.4024251637225612, 0.4102851119520863, 0.22949273881580265, 0.23566713384334892, 0.2211300914112221, 0.10755490152509091, 0.18219332136792538, 0.2565016454616637], "segunda_derivada": [-3.113656646234557, -1.3869761945859913, 2.4930668919720893, 2.0787407104531868, 0.7328418414904817, 3.0332121478974243, 1.6760248627193894, 0.19930869865049103, 2.5594587526381822, 5.654939894246982, 5.914772942667935, 3.4246947701163775, 5.81200410116846, 10.962048134011663, 11.869260282272208, 12.499313579577768, 18.86732597554548, 27.610753554477615, 31.777721745529014, 29.25668720210661, 19.396729160157136, -3.5308829638326564, -44.72523073192164, -91.68443359622448, -110.43680301112431, -88.31450748230573, -48.850207433651946, -10.07593158737698, 20.540530248821952, 33.46915718473818, 28.924182568753277, 21.983804726486564, 20.12757382353676, 17.05632283719863, 10.839137803348235, 8.787747167827538, 7.739801283944611, 2.857679611369298, 3.180848745964482, 5.887250967071775, 4.31285991358547, 0.2292887977054982, -1.3366379338895584, 3.075503524386116, 3.105480116730407, 0.1487248651018059, 2.278402226905781, 0.6924680178453381, -2.6489320101175724, -2.6430614473953384], "sigma": 2.231743858382984e-06, "center": 5719.144515230461, "fwhm": 0.2864095929027559, "statistics": {"wv_mean": 5719.133065000001, "wv_std": 0.4057165386360592, "wv_min": 5718.44426, "wv_max": 5719.82187, "wv_kurt": -1.2009603841537797, "wv_skew": -6.725157990265212e-12, "int_mean": 0.3594092650253483, "int_std": 0.3628750838372158, "int_max": 1.2843210919058559, "int_min": 0.06308, "int_kurt": 0.4398586102015569, "int_skew": 1.3157150631041088}}