{"x": [5525.07284, 5525.069381020408, 5525.065922040816, 5525.062463061225, 5525.059004081632, 5525.055545102041, 5525.052086122449, 5525.048627142857, 5525.045168163265, 5525.041709183673, 5525.038250204081, 5525.03479122449, 5525.031332244897, 5525.027873265306, 5525.024414285714, 5525.020955306122, 5525.01749632653, 5525.0140373469385, 5525.010578367347, 5525.007119387755, 5525.003660408163, 5525.000201428571, 5524.99674244898, 5524.993283469387, 5524.989824489796, 5524.9863655102035, 5524.982906530612, 5524.97944755102, 5524.975988571428, 5524.972529591836, 5524.969070612245, 5524.965611632652, 5524.962152653061, 5524.9586936734695, 5524.955234693877, 5524.951775714286, 5524.948316734693, 5524.944857755102, 5524.94139877551, 5524.937939795918, 5524.934480816326, 5524.9310218367345, 5524.927562857142, 5524.924103877551, 5524.9206448979585, 5524.917185918367, 5524.913726938775, 5524.910267959183, 5524.906808979591, 5524.90335], "y": [0.07413, 0.08256919182499746, 0.09259438198545958, 0.10362814911734057, 0.11546427227353293, 0.12866542116290453, 0.14429766508565153, 0.1633960285036156, 0.18721187217617874, 0.21656195443193577, 0.25263493422432015, 0.2969370823271638, 0.3517279773222255, 0.42115848053284033, 0.5099037282844192, 0.6233170523116411, 0.7642432621263638, 0.928099577769777, 1.1032450823594002, 1.2680920481048887, 1.3978853993493126, 1.4702782853361394, 1.471674707911938, 1.402849249601663, 1.2785472912707472, 1.1211703288536543, 0.9545806811204897, 0.7987192399561096, 0.6638820698040653, 0.5540701147863338, 0.4667061466795027, 0.3972507382685899, 0.3418200684897697, 0.29665109436424403, 0.2594568885320682, 0.22845569691113787, 0.20240565508971453, 0.18069633247686295, 0.16257068319468668, 0.14742007916273864, 0.13430566793890325, 0.12248893779197677, 0.11175027949083186, 0.1023429440778698, 0.09488613005911381, 0.08956612396894606, 0.08582594017788923, 0.082596416106747, 0.07877029272117714, 0.07401], "primeira_derivada": [-2.4397923150354983, -2.669050437427116, -3.0440996734767416, -3.3058723939615793, -3.619170246684586, -4.16790444209268, -5.020354474243024, -6.203304464617778, -7.685203759700525, -9.456988731868837, -11.618329302110096, -14.324028295922696, -17.956364717744787, -22.86451058196615, -29.222284550912867, -36.76511050250321, -44.056710564955914, -49.003154149056016, -49.14635390366514, -42.59064113626307, -29.226283628056144, -10.666340549692551, 9.746954837920805, 27.91681932659657, 40.71705444723324, 46.829794964935715, 46.61072439622301, 42.020862453157584, 35.3643493221037, 28.50203620571437, 22.66844489143155, 18.052445074162463, 14.541809404433389, 11.905704814117547, 9.857733421354942, 8.246830015485111, 6.903678262014125, 5.758197011145435, 4.810125707642978, 4.085744726887762, 3.6038289195701445, 3.2604107438348717, 2.912129600513287, 2.4377347399446667, 1.846905968881345, 1.3096622342788522, 1.0074803387944846, 1.0199030189853502, 1.241177618817221, 1.3762130117774498], "segunda_derivada": [66.2791197035866, 87.35341484259699, 92.05344229717504, 83.12719950121071, 124.60785402686953, 202.5430029787016, 294.21972123073783, 385.207431076153, 470.3242937453783, 568.5384139957035, 703.5369008095022, 916.1712648627959, 1234.537825276444, 1628.5033683995061, 2009.349802643033, 2144.335579330049, 1769.0251303188088, 735.7145661313439, -926.9370984244223, -2879.4720735609676, -4614.699182038178, -5633.6323228951, -5577.245955278944, -4476.76818939788, -2733.895233553415, -851.9376585574182, 695.1374508080743, 1625.6781480520503, 1954.1639215249043, 1835.2095023219879, 1510.501992569611, 1174.7157320761687, 888.5193013716929, 677.0892771511411, 528.8951121933737, 427.0125163913624, 359.7351383901758, 302.6257453632226, 241.7551534835633, 174.37177006022517, 119.30310097708642, 99.98603644306012, 118.91888663119481, 153.97946176611066, 163.06434827160038, 121.34006688852097, 41.88507153592717, -33.781245858182814, -51.50507300327254, -39.03908346131996], "sigma": 0.00639847161215612, "center": 5524.997307840846, "fwhm": 0.04113907726866674, "statistics": {"wv_mean": 5524.988094999999, "wv_std": 0.049916083749096646, "wv_min": 5524.90335, "wv_max": 5525.07284, "wv_kurt": -1.2009603841496783, "wv_skew": 5.4661460917598243e-11, "int_mean": 0.4520302329083576, "int_std": 0.4405803531993429, "int_max": 1.471674707911938, "int_min": 0.07401, "int_kurt": -0.0718685732972153, "int_skew": 1.1471427004279735}}