{"x": [5525.14818, 5525.141146530613, 5525.1341130612245, 5525.127079591837, 5525.120046122449, 5525.113012653062, 5525.105979183673, 5525.098945714286, 5525.091912244898, 5525.08487877551, 5525.077845306123, 5525.070811836735, 5525.063778367347, 5525.056744897959, 5525.049711428572, 5525.0426779591835, 5525.035644489796, 5525.028611020408, 5525.0215775510205, 5525.014544081632, 5525.007510612245, 5525.000477142858, 5524.993443673469, 5524.986410204082, 5524.979376734694, 5524.972343265306, 5524.965309795918, 5524.958276326531, 5524.9512428571425, 5524.944209387755, 5524.937175918368, 5524.9301424489795, 5524.923108979592, 5524.916075510204, 5524.9090420408165, 5524.902008571428, 5524.894975102041, 5524.887941632653, 5524.880908163265, 5524.873874693877, 5524.86684122449, 5524.859807755102, 5524.852774285714, 5524.845740816327, 5524.8387073469385, 5524.831673877551, 5524.824640408163, 5524.8176069387755, 5524.810573469387, 5524.80354], "y": [0.07679, 0.0827489680945456, 0.08665391853570774, 0.09524911719527629, 0.1083684672158485, 0.12045568095471121, 0.13497124345575262, 0.15289044818384984, 0.16857218074837893, 0.1879308418456311, 0.22012366362122218, 0.25939430806188135, 0.3020420924474758, 0.3586981778687711, 0.4365214791062723, 0.537292191880122, 0.6684505832769227, 0.8354375239067334, 1.033373541059671, 1.2431809837548409, 1.421949466104722, 1.5180868987150091, 1.508317690484518, 1.4018397175453883, 1.2247549513151816, 1.0209107043024654, 0.8350900323117063, 0.6820261475774909, 0.555654074186584, 0.4580967261850308, 0.3902162612041989, 0.33777926098687167, 0.2901405279421163, 0.25104066353559956, 0.22284586828967995, 0.200461631678921, 0.18256997150587925, 0.17018918740261843, 0.15781985985098404, 0.14168305128289885, 0.12804913967799597, 0.1204549818614613, 0.11249851514227101, 0.10298832064852712, 0.0981252315320382, 0.09574904981594075, 0.09005518164542442, 0.08443023394848138, 0.08136833805848345, 0.07699], "primeira_derivada": [-0.8472302595446594, -0.7012128717591316, -0.888619002337673, -1.543658433900727, -1.7919011493199453, -1.8911560407174746, -2.30574453664133, -2.388646018057412, -2.4909750600839846, -3.664726469524883, -5.080242926779507, -5.823472337013967, -7.059380252585174, -9.559961040843628, -12.696011325574522, -16.487532068649195, -21.19475578748376, -25.94188853763856, -28.985941173994203, -27.623346574785067, -19.54269648592788, -6.139802394642172, 8.263857760662782, 20.158098623484747, 27.07973776805698, 27.70076170936375, 24.090853179262357, 19.864731238438033, 15.918845241629043, 11.760754463500366, 8.55320884787975, 7.11425100076323, 6.166131724525823, 4.783888003344353, 3.5955962177331005, 2.8631600255219345, 2.152027868976245, 1.759452575268353, 2.0264633673630668, 2.1163609686422293, 1.5090752694261593, 1.1054732507035376, 1.241681754044071, 1.0217776475398124, 0.5146301514538797, 0.5736891313271454, 0.8046395913147645, 0.6175361765276599, 0.5289163525315019, 0.6225004784064136], "segunda_derivada": [-20.760364443770243, 2.942270770721322, 59.88833644474728, 64.2131284845153, 24.703143474198782, 36.528444142530134, 35.36590194039888, 13.167791969335411, 90.71486496263847, 184.06761472167045, 153.46237741728942, 140.6942446665599, 265.62202078445705, 400.7006188696209, 492.47182619542565, 604.1644594801796, 672.0976482374087, 553.8650242807154, 119.53261928327306, -671.3077264853991, -1527.2366308138094, -1976.7310208811352, -1869.4828660033188, -1337.595926699677, -536.1979039074981, 212.47583688756717, 557.0530017881614, 580.9371937980144, 576.1009487712296, 523.6133114473118, 330.31376171142307, 169.694143226968, 165.6624113171533, 182.7359561164107, 136.5420016721916, 102.62135719673732, 78.46109717680598, 8.92621369980358, -25.372143795252537, 36.780432913652675, 71.86266565377663, 19.00864997334353, 5.949809300998807, 51.68513307604758, 31.85401766228476, -20.616386015957413, -3.1170282248280134, 19.600798950035937, -0.3529056291451212, -13.30554250270869], "sigma": 0.0006046922698983437, "center": 5524.995702435396, "fwhm": 0.06944150912977691, "statistics": {"wv_mean": 5524.9758600000005, "wv_std": 0.10149908020103197, "wv_min": 5524.80354, "wv_max": 5525.14818, "wv_kurt": -1.2009603841529133, "wv_skew": -1.344092650234315e-11, "int_mean": 0.42142654191904205, "int_std": 0.43256136928336947, "int_max": 1.5180868987150091, "int_min": 0.07679, "int_kurt": 0.5422660700838056, "int_skew": 1.3624663631438598}}