{"x": [5735.76376, 5735.735972040816, 5735.708184081633, 5735.680396122449, 5735.6526081632655, 5735.6248202040815, 5735.5970322448975, 5735.569244285714, 5735.54145632653, 5735.513668367346, 5735.485880408163, 5735.458092448979, 5735.430304489796, 5735.402516530612, 5735.374728571428, 5735.346940612245, 5735.319152653061, 5735.291364693878, 5735.263576734694, 5735.23578877551, 5735.208000816327, 5735.180212857143, 5735.1524248979595, 5735.124636938775, 5735.096848979591, 5735.069061020408, 5735.041273061224, 5735.01348510204, 5734.985697142857, 5734.957909183673, 5734.93012122449, 5734.902333265306, 5734.874545306122, 5734.846757346939, 5734.818969387755, 5734.791181428572, 5734.763393469388, 5734.735605510204, 5734.7078175510205, 5734.6800295918365, 5734.652241632653, 5734.624453673469, 5734.596665714285, 5734.568877755102, 5734.541089795918, 5734.513301836734, 5734.485513877551, 5734.457725918367, 5734.429937959184, 5734.40215], "y": [0.0643, 0.06923636564142731, 0.07149300656223767, 0.07590709392040756, 0.08245422674151387, 0.09141759305068987, 0.09574701256065678, 0.10660142379222577, 0.12204940614162393, 0.13737007451112895, 0.1477843339513474, 0.17051085964022494, 0.19927843468716047, 0.22692978099843975, 0.2676050204228552, 0.3106873211391099, 0.37045900620359484, 0.4455315644739358, 0.5467525087780972, 0.6689643886303545, 0.8199383575690571, 0.9803746860903783, 1.1378482936666594, 1.25072227622641, 1.2826879692174376, 1.2190207303213285, 1.092488172051552, 0.9347270482964983, 0.7729903878375044, 0.6360245606051603, 0.528733712413517, 0.44047995810214363, 0.3692463174543505, 0.3125568332958328, 0.27135073195476633, 0.23652183086738673, 0.20559556361871842, 0.18586763546430182, 0.16384929154383457, 0.14452626888697323, 0.13148958294238958, 0.12148380955693497, 0.11285115764869447, 0.09900891899444741, 0.09060041910646482, 0.08651684812117424, 0.07647405664060092, 0.07517185514279717, 0.07276869674271733, 0.06456], "primeira_derivada": [-0.17764405110632367, -0.12942667928076307, -0.12002911467720224, -0.19722967251508705, -0.2790866905305725, -0.2391824770418, -0.27320881395481517, -0.4732696166568231, -0.5536327895679386, -0.46305897528703144, -0.596315564417034, -0.9265542027688705, -1.015168494121969, -1.2294279202586387, -1.5070833303618998, -1.8506934082722013, -2.4263070642221685, -3.1721203671325893, -4.020317265415995, -4.915543581057322, -5.603331561753378, -5.720282191244397, -4.864473643963737, -2.606158922855456, 0.5704187503597894, 3.4223419559062886, 5.115411321538702, 5.748852985269893, 5.374674795620665, 4.395009252216123, 3.5185132022691987, 2.8697212685351867, 2.3017725764104964, 1.7614749045238727, 1.3681285827100789, 1.1831593659264972, 0.9114414460527581, 0.7511575751048142, 0.7438719465546855, 0.5822613382233951, 0.41461229984212905, 0.3353687323754666, 0.40439980521808533, 0.40036654716597103, 0.22477488883845204, 0.2541813591373121, 0.20413505186600725, 0.0666720408182125, 0.19094340596756743, 0.2954048078290151], "segunda_derivada": [-1.7351893856703535, -1.036688877519066, 1.2200067084166013, 2.8619873593922596, 0.7548737971286184, -0.10576301298039432, 4.21202467710243, 5.045782127442608, -0.18372420410891088, 0.7680084486796773, 8.339857281708694, 7.536590343644031, 5.4497294221744665, 8.851222808091885, 11.17868145532789, 16.539964806119603, 23.776970272104464, 28.681670911196527, 31.370119741053696, 28.483817143242494, 14.479987624691965, -13.29456965350847, -56.03368077189019, -97.79221925459093, -108.4732570487975, -81.77989144784361, -41.86185487671795, -4.665032656217097, 24.36025841462752, 33.39866704657017, 27.445124228172677, 21.89330669807174, 19.94112551933254, 16.799434379701587, 10.405865626492536, 8.217356547136152, 7.773183125122077, 3.015145847722975, 3.0390183706128693, 5.924502129455347, 4.442438615533663, 0.18375755046298797, -1.1695319969545561, 3.2320638445057077, 2.6303692736223145, 0.37138094302096913, 3.373931080731679, 0.23736262550435158, -4.115681283029318, -3.759232593140655], "sigma": 1.5702952700813455e-05, "center": 5735.099595324748, "fwhm": 0.28627107922737516, "statistics": {"wv_mean": 5735.082955, "wv_std": 0.4010044179211942, "wv_min": 5734.40215, "wv_max": 5735.76376, "wv_kurt": -1.2009603841536565, "wv_skew": 1.7217209254323303e-17, "int_mean": 0.3637511078445413, "int_std": 0.3636474029876333, "int_max": 1.2826879692174376, "int_min": 0.0643, "int_kurt": 0.396548592599661, "int_skew": 1.3019979509637645}}