{"x": [5602.00822, 5601.997151020408, 5601.986082040816, 5601.975013061224, 5601.963944081633, 5601.952875102041, 5601.941806122449, 5601.930737142857, 5601.919668163265, 5601.908599183673, 5601.897530204082, 5601.88646122449, 5601.875392244898, 5601.864323265306, 5601.853254285714, 5601.842185306122, 5601.831116326531, 5601.820047346939, 5601.808978367347, 5601.797909387755, 5601.786840408163, 5601.775771428571, 5601.76470244898, 5601.753633469388, 5601.742564489796, 5601.731495510204, 5601.720426530612, 5601.70935755102, 5601.698288571429, 5601.687219591837, 5601.676150612245, 5601.665081632653, 5601.654012653061, 5601.642943673469, 5601.631874693878, 5601.620805714286, 5601.609736734694, 5601.598667755102, 5601.58759877551, 5601.576529795918, 5601.565460816327, 5601.554391836735, 5601.543322857143, 5601.532253877551, 5601.521184897959, 5601.510115918367, 5601.499046938776, 5601.487977959184, 5601.476908979592, 5601.46584], "y": [0.08811, 0.0881218760602151, 0.09730704401441928, 0.10587039215358142, 0.1129778032756656, 0.1266453275848557, 0.14409496564188637, 0.15855382755178668, 0.18527822643849115, 0.20892636061925984, 0.2386993739929219, 0.28217703998659377, 0.33287961360663415, 0.39980207157569353, 0.4756491480488433, 0.5884572534985864, 0.7233638795053682, 0.9026986437196756, 1.1235209166443738, 1.36029146630183, 1.5745837335468558, 1.7066814932554146, 1.7498757472404285, 1.716178783932359, 1.5828255819668253, 1.379480658060633, 1.1524879706736673, 0.936751204973994, 0.765583666710755, 0.6358923215987232, 0.5278007643958664, 0.4467444355079114, 0.3778931118774536, 0.3274480737195282, 0.2922019366134016, 0.25770950122851444, 0.2289105355057925, 0.2057780577770948, 0.1853053414894688, 0.17063365426287258, 0.15266104259535346, 0.14128085426374487, 0.13156025005950114, 0.1253960203920049, 0.11949278234957002, 0.11139837641994918, 0.10491331345346144, 0.09688110490653547, 0.0913574951322063, 0.08764], "primeira_derivada": [-0.001072913733051488, -0.41544226990358285, -0.8017232277771095, -0.7078682877525945, -0.9384304695608757, -1.4056021202152909, -1.4413478542341431, -1.860300692325547, -2.2753919026085785, -2.4131017277924856, -3.3088271037829156, -4.254242174316097, -5.313273487029379, -6.449082919333423, -8.521796447232584, -11.189592021929778, -14.194686494029272, -18.075606419441232, -20.670054487840904, -20.3750857589979, -15.64688163326647, -7.918165005369694, -0.4290047966216169, 7.545870144823523, 15.209086035157382, 19.43890164929299, 19.998657031011128, 17.47696347091699, 13.590181501714467, 10.74095856528274, 8.544052526206471, 6.771520864804656, 5.38876961498746, 3.8707802537480713, 3.1501807332083267, 2.858953735602352, 2.345809883371486, 1.9697025210845933, 1.587517766302418, 1.4745848352228175, 1.325903610012728, 0.9531498527260849, 0.7175383123502054, 0.545102988475643, 0.6322915249656127, 0.6585733027851894, 0.6557637672638452, 0.6123336938426519, 0.41743255689210074, 0.3358480428402782], "segunda_derivada": [37.435190184167304, 36.16640122021665, 13.20925815333611, 6.175241387580235, 31.51753179655084, 22.717423069310808, 20.53931748323053, 37.67483901490574, 24.970731532802915, 46.68159303344155, 83.16667454752692, 90.54341308472227, 99.14377051553592, 144.93309584413757, 214.13487409580233, 256.2517167860145, 311.0500990887201, 292.5006745202549, 103.87042999077492, -226.9031581832903, -562.6950817874407, -687.4110079800259, -698.5302946095168, -706.3926128794207, -537.2234814256884, -216.35106271778366, 88.62326296983493, 289.47905614541645, 304.27397800922944, 227.94011559850634, 179.3045902511752, 142.5281745710531, 131.03017251733186, 101.11992994785896, 45.70550111593738, 36.33446259217353, 40.16861749216083, 34.253027154296845, 22.36510067379654, 11.817446862488156, 23.55388670586408, 27.480640496580858, 18.432000025819864, 3.85070668331247, -5.12559958063955, -1.0602712790345323, 2.0887024210402174, 10.765726343211119, 12.489211345309476, 7.370554202748371], "sigma": 0.014082118255865694, "center": 5601.762873559609, "fwhm": 0.11637750949686158, "statistics": {"wv_mean": 5601.73703, "wv_std": 0.1597350020872271, "wv_min": 5601.46584, "wv_max": 5602.00822, "wv_kurt": -1.2009603841538965, "wv_skew": -8.540613271434893e-12, "int_mean": 0.5025354608826114, "int_std": 0.5133008212065844, "int_max": 1.7498757472404285, "int_min": 0.08764, "int_kurt": 0.2793619880480924, "int_skew": 1.2827452961623298}}