{"x": [5525.01839, 5525.01704489796, 5525.015699795918, 5525.014354693878, 5525.013009591837, 5525.011664489796, 5525.010319387755, 5525.008974285714, 5525.007629183674, 5525.006284081633, 5525.004938979592, 5525.003593877551, 5525.00224877551, 5525.000903673469, 5524.999558571429, 5524.998213469388, 5524.996868367347, 5524.9955232653065, 5524.994178163265, 5524.992833061225, 5524.991487959183, 5524.990142857143, 5524.9887977551025, 5524.987452653061, 5524.986107551021, 5524.984762448979, 5524.983417346939, 5524.982072244898, 5524.980727142857, 5524.979382040817, 5524.978036938775, 5524.976691836735, 5524.975346734694, 5524.974001632653, 5524.972656530612, 5524.971311428571, 5524.969966326531, 5524.96862122449, 5524.967276122449, 5524.965931020408, 5524.964585918367, 5524.963240816326, 5524.961895714286, 5524.960550612245, 5524.959205510204, 5524.9578604081635, 5524.956515306122, 5524.955170204082, 5524.95382510204, 5524.95248], "y": [0.03215, 0.040342789473583704, 0.04944742258828426, 0.05935956045716529, 0.07002642655577963, 0.08149055509092275, 0.09367428485395332, 0.10642512779838331, 0.11960686539780901, 0.13321206704553595, 0.14714426378952059, 0.16119871311834402, 0.1751602261971677, 0.18896428604046206, 0.20250415242032246, 0.2155342330982373, 0.22783301554554702, 0.2392795290195125, 0.24977125411728762, 0.2590951287701851, 0.2670741609136173, 0.27359773228210116, 0.27859976227067845, 0.28197426656163616, 0.2836508152892367, 0.28360769671056746, 0.2818516891304717, 0.27839596699146035, 0.27330755584795546, 0.2667052606645154, 0.2586478486640899, 0.24924631832715133, 0.23868332043932688, 0.22716679916075613, 0.2147942983648159, 0.20168424082522374, 0.1880588617030939, 0.17416853870588675, 0.16012213027427039, 0.1459820576155406, 0.13195898218327817, 0.11825807001630706, 0.10497557245162735, 0.09211738739388525, 0.07982770480630727, 0.06825304660959149, 0.057464247802974655, 0.04743550986142557, 0.038216998062068665, 0.0299], "primeira_derivada": [-6.090831198913069, -6.42978081309114, -7.068895297730574, -7.64960699707649, -8.226511432237098, -8.790358493020852, -9.268654700362417, -9.639633189289745, -9.957214558048447, -10.236174488874328, -10.403168392474532, -10.414065831459801, -10.320991299596017, -10.16425720577018, -9.876554439411013, -9.41521994440298, -8.826577909890254, -8.154860339547575, -7.365835136794567, -6.431819397480544, -5.390893430790343, -4.284285136226969, -3.113717035926141, -1.877572431318698, -0.607177039094635, 0.6687693959557071, 1.937299015497756, 3.176016771517494, 4.345657792323308, 5.449291852313048, 6.489820774436132, 7.421194681856393, 8.207377022431157, 8.880003653390377, 9.47235137593606, 9.938070071300777, 10.228109571970222, 10.384614170390517, 10.47745086750757, 10.468777548069825, 10.30553324451155, 10.030246372188245, 9.716988688096107, 9.347940483662146, 8.870829148606727, 8.31292211429284, 7.738274166339472, 7.154568633402748, 6.518282378736073, 6.183172586221563], "segunda_derivada": [251.98803063986145, 363.5650192653271, 453.4325824014662, 430.3079243503108, 424.0390175872794, 387.38446469029236, 315.69154995450543, 255.9507892297098, 221.74574175480464, 165.76951817430745, 66.12559388736973, -30.546787671347307, -92.85861521887647, -165.2056300100752, -278.43138990657593, -390.2962368671739, -468.49962550971196, -542.9858585795131, -640.4870744718266, -734.123377250449, -798.2793111510456, -846.4697570948489, -894.620865834834, -931.7285680346755, -946.523665073063, -945.8301218974149, -931.9915141565232, -895.2327420595537, -845.0195644881246, -797.0261426038736, -732.9937690986109, -638.4483094170985, -542.2670277760043, -470.2150153125771, -393.3034021764723, -280.92968909315766, -165.98893077116378, -92.68489971697886, -31.285127492571593, 63.90504875106366, 163.0103748829881, 218.773200294727, 253.6260699995151, 314.53358695808475, 384.736004372993, 420.9922176316033, 430.58201001859294, 453.4941404145444, 361.0863777074254, 249.13336121840354], "sigma": 0.012610951408871918, "center": 5524.985384730649, "fwhm": 0.03811505436800697}