{"x": [5735.28823, 5735.280120408163, 5735.272010816327, 5735.26390122449, 5735.255791632653, 5735.2476820408165, 5735.23957244898, 5735.231462857143, 5735.223353265306, 5735.21524367347, 5735.207134081633, 5735.199024489796, 5735.190914897959, 5735.182805306123, 5735.174695714286, 5735.166586122449, 5735.1584765306125, 5735.150366938776, 5735.142257346939, 5735.134147755102, 5735.126038163266, 5735.117928571429, 5735.109818979592, 5735.101709387755, 5735.093599795919, 5735.085490204082, 5735.077380612245, 5735.069271020408, 5735.061161428572, 5735.053051836735, 5735.044942244898, 5735.0368326530615, 5735.028723061225, 5735.020613469388, 5735.012503877551, 5735.004394285715, 5734.996284693878, 5734.988175102041, 5734.980065510204, 5734.971955918368, 5734.963846326531, 5734.955736734694, 5734.9476271428575, 5734.939517551021, 5734.931407959184, 5734.923298367347, 5734.915188775511, 5734.907079183674, 5734.898969591837, 5734.89086], "y": [0.06975, 0.08055754115860961, 0.07577308088993656, 0.08067898648709318, 0.09834389206481661, 0.1044195732136503, 0.11253084257171413, 0.12783821957663882, 0.13813287765212462, 0.15813277891530883, 0.18620091843470366, 0.2062760751903288, 0.23390528887098688, 0.28062025622983966, 0.3365207235200467, 0.404909762764998, 0.49867580123926136, 0.6205010688411112, 0.7697884410871754, 0.9478698630476151, 1.1382132611511813, 1.2959077376299644, 1.3756491978309136, 1.3522960722416113, 1.2327222367905784, 1.0597457237427554, 0.8785264425664067, 0.7164629621726195, 0.5851546407591739, 0.4808817682582471, 0.3990373105857064, 0.3368357644415696, 0.28672172425824294, 0.24811094360567412, 0.21730934859544268, 0.19074860389013495, 0.17622412340402063, 0.16342502687205285, 0.1435787288700944, 0.13192531741693783, 0.1240784407795509, 0.11296076210015127, 0.1081277486113257, 0.09978397220465059, 0.08839373811335215, 0.08785537908151252, 0.08501647638422397, 0.07879193744596419, 0.07831418865501709, 0.07005], "primeira_derivada": [-1.3326862037201943, -0.3713553660406259, -0.007487758380979638, -1.3916120335833182, -1.463734994592229, -0.8747018834317307, -1.4438856378027467, -1.5785033079260091, -1.8678226937061384, -2.963653519828189, -2.968293426124096, -2.9412312849230515, -4.58371904137069, -6.326794043093274, -7.663117271343617, -9.997733608787613, -13.292364795704241, -16.715553957971665, -20.184048765799517, -22.715373811750652, -21.458408856416867, -14.639203887203587, -3.47664443210724, 8.812216688454113, 18.037304120159288, 21.838077757503438, 21.165230536968192, 18.087951139449245, 14.524849009504333, 11.475135488973997, 8.881211700710718, 6.9248606211466734, 5.470362912351653, 4.279646686312417, 3.536697090952595, 2.533125342100925, 1.6846456374249352, 2.012764340744978, 1.942126687094986, 1.2022977532745243, 1.1692669433063443, 0.9834460531037312, 0.8124200428820109, 1.2167079980892828, 0.7354619913861546, 0.20822636928733057, 0.5588099757684563, 0.4132321246337159, 0.5389875114535414, 1.0190634524401965], "segunda_derivada": [-118.5424441863666, -81.70561922348618, 62.90431676980128, 89.78548276720467, -31.870293879064885, -1.2238197180026362, 43.39314719310365, 26.138002037500055, 85.40196842144731, 67.84994575398623, -1.382451506596629, 99.59968687513698, 208.73817242176494, 189.86148082239973, 226.33318911740483, 347.07341859462343, 414.1897942852777, 424.9094226224153, 369.92119792058446, 78.57116093351289, -497.9393591654156, -1108.6725932907314, -1445.9063444751057, -1326.4507625914164, -803.1144681077169, -192.85350482391573, 231.21549725042436, 409.4152739839307, 407.7156892487431, 347.9606262816872, 280.54894496780963, 210.2971923267078, 163.091681313363, 119.22090903770986, 107.68244440500227, 114.18894383437079, 32.08305743571707, -15.875093028968683, 49.96962879191177, 47.650964398009044, 13.493385646094858, 22.001532728699082, -14.381854825856454, 4.744878228477197, 62.17832223284992, 10.891547883929508, -12.639708599014655, 1.2221616521524072, -37.35276324652248, -59.198533126217114], "sigma": 0.00020979702554368984, "center": 5735.106249312398, "fwhm": 0.07946996233925933, "statistics": {"wv_mean": 5735.089544999999, "wv_std": 0.11702846303217003, "wv_min": 5734.89086, "wv_max": 5735.28823, "wv_kurt": -1.200960384153661, "wv_skew": 3.4972059192757726e-11, "int_mean": 0.37748551140430064, "int_std": 0.3869946676844273, "int_max": 1.3756491978309136, "int_min": 0.06975, "int_kurt": 0.6075320895046401, "int_skew": 1.3801251565018045}}