{"x": [5808.45613, 5808.446137142857, 5808.436144285713, 5808.426151428571, 5808.416158571428, 5808.406165714286, 5808.396172857142, 5808.3861799999995, 5808.376187142857, 5808.366194285714, 5808.356201428571, 5808.346208571428, 5808.336215714286, 5808.326222857143, 5808.316229999999, 5808.306237142857, 5808.296244285714, 5808.286251428571, 5808.276258571428, 5808.2662657142855, 5808.256272857143, 5808.246279999999, 5808.236287142857, 5808.226294285714, 5808.216301428572, 5808.206308571428, 5808.196315714285, 5808.186322857143, 5808.17633, 5808.166337142857, 5808.156344285714, 5808.1463514285715, 5808.136358571429, 5808.126365714285, 5808.116372857143, 5808.10638, 5808.096387142857, 5808.086394285714, 5808.076401428571, 5808.066408571429, 5808.056415714285, 5808.046422857143, 5808.03643, 5808.0264371428575, 5808.016444285714, 5808.006451428571, 5807.996458571429, 5807.986465714286, 5807.976472857143, 5807.96648], "y": [0.03275, 0.03607089716901325, 0.032193912438950124, 0.037921477358644325, 0.04111133622757204, 0.0429033182641494, 0.04252518845739016, 0.050960870567968476, 0.0567222578120303, 0.05594744669270413, 0.06667795791157956, 0.07253775244574123, 0.08311328507590698, 0.094285807158056, 0.10881162947289291, 0.12543316834961032, 0.148240343797002, 0.18265457878164967, 0.21102908489720618, 0.2587050099424981, 0.31618665144367075, 0.3845483009486678, 0.4669995817512812, 0.5460904848486617, 0.6125004179655589, 0.6385444672223494, 0.613083411962367, 0.5449606335962446, 0.46659836686368933, 0.3927427597354714, 0.3229579482781111, 0.2605680000849979, 0.21554458638012583, 0.1793478788786889, 0.15176809205776765, 0.13300139899825975, 0.1092119128056139, 0.10081245144944638, 0.086970971056497, 0.07447632396349209, 0.0752449605506222, 0.0649036767825266, 0.058359020175022994, 0.058029125928857936, 0.05055870899244321, 0.042640732935730244, 0.041712369978853955, 0.03793308560919907, 0.03775018767626351, 0.03265], "primeira_derivada": [-0.332327093404953, 0.027824252518010996, -0.09259514887171746, -0.44618989651122815, -0.24927009534961522, -0.07074314230539627, -0.4031655906045965, -0.7103608683700956, -0.2495070255470053, -0.49814081983862246, -0.8301082220792774, -0.8223537537754165, -1.0881800070766687, -1.2858356738758556, -1.5584812604462683, -1.9728448911772252, -2.8631156041179784, -3.1416811128839464, -3.805239586413912, -5.261636639340495, -6.296662166013006, -7.546036541327659, -8.082882682833104, -7.280241983742087, -4.626003406737759, -0.02917053593691159, 4.682536350244335, 7.3294876034059415, 7.616333931405848, 7.187154610997414, 6.613461884035356, 5.3745070286259935, 4.063908852269952, 3.191104076107227, 2.3189804086572563, 2.129329912501786, 1.61059780441099, 1.1128419746084888, 1.3177476226326594, 0.5867196107180078, 0.4789744836697038, 0.8449005191719974, 0.3439732378619658, 0.3902943407930287, 0.7699696279463663, 0.442633117202857, 0.23555061677302114, 0.19825072278461328, 0.26434309695238867, 0.5103833271585563], "segunda_derivada": [-36.04087807754183, -11.99516520156125, 23.717648628570355, 7.839346857561277, -18.785756107982944, 7.700274958991388, 32.00374612124066, -7.688419981630783, -10.618587131934333, 29.05081040488209, 16.2222340065137, 12.912812687827735, 23.190660763291913, 23.53187114739132, 34.37501444611503, 65.27834457420502, 58.48358507348219, 47.139870449871445, 106.07354314201903, 124.66017196305627, 114.30163912497477, 89.37486502848918, -13.299227327703518, -172.96751203198727, -362.8127243288127, -465.75967332055427, -368.19590405070323, -146.79473244207475, 7.121736574977624, 50.17944482809326, 90.69716280856717, 127.56877214300182, 109.24818203945398, 87.30878559713884, 53.126655792885714, 35.44444767421528, 50.860725983616454, 14.652975500355884, 26.32492171069222, 41.96863454339476, -12.918272760121965, 6.754887209992099, 22.746556459847646, -21.315044535596694, -2.6188093985798764, 26.740050595477836, 12.227853902577985, -1.4406530468296042, -15.617785779649989, -24.621609885438442], "sigma": 0.0003400198212109018, "center": 5808.205831766383, "fwhm": 0.10111990482310378, "statistics": {"wv_mean": 5808.211305, "wv_std": 0.14420561925581865, "wv_min": 5807.96648, "wv_max": 5808.45613, "wv_kurt": -1.2009603841536651, "wv_skew": 1.1569476277674363e-17, "int_mean": 0.17794583663482094, "int_std": 0.17894565843848592, "int_max": 0.6385444672223494, "int_min": 0.032193912438950124, "int_kurt": 0.48623895684717544, "int_skew": 1.3317206715369705}}