{"x": [5621.20911, 5621.200673673469, 5621.192237346939, 5621.183801020408, 5621.175364693878, 5621.166928367346, 5621.158492040816, 5621.150055714285, 5621.141619387755, 5621.133183061224, 5621.124746734694, 5621.116310408163, 5621.107874081633, 5621.0994377551015, 5621.091001428571, 5621.0825651020405, 5621.07412877551, 5621.0656924489795, 5621.057256122449, 5621.0488197959185, 5621.040383469388, 5621.031947142857, 5621.023510816326, 5621.015074489796, 5621.006638163265, 5620.998201836735, 5620.989765510204, 5620.981329183674, 5620.972892857143, 5620.964456530612, 5620.956020204081, 5620.947583877551, 5620.93914755102, 5620.93071122449, 5620.922274897959, 5620.913838571429, 5620.905402244898, 5620.896965918367, 5620.888529591836, 5620.880093265306, 5620.871656938775, 5620.863220612245, 5620.854784285714, 5620.846347959184, 5620.837911632653, 5620.829475306122, 5620.821038979591, 5620.812602653061, 5620.80416632653, 5620.79573], "y": [0.0546, 0.06091145425907198, 0.06389430302565327, 0.07009019238068102, 0.08479147363421728, 0.09093234847680347, 0.09608038740511136, 0.11041160091346049, 0.12330719480629673, 0.1420851906806846, 0.16693751400738005, 0.19369211653084667, 0.23683802623969705, 0.29287415258958865, 0.35723210375969144, 0.4447616875177315, 0.5605857502416779, 0.7045110580186847, 0.8638855536250917, 1.0027446409530019, 1.0757622772464424, 1.0521407712703363, 0.9435503230938713, 0.7962308861654745, 0.6498139401461941, 0.5222024207075762, 0.4177749980051066, 0.34163393349712384, 0.28748063008045593, 0.241171033728584, 0.20447252615341804, 0.17952236856784065, 0.15979690361204862, 0.1433225784719454, 0.1270165485952111, 0.1144063887652804, 0.10864282626377941, 0.10060135534241367, 0.09087460090556662, 0.08460552514752774, 0.07882441449703372, 0.074038013232618, 0.07158107941320264, 0.07020407975881256, 0.06678147997427494, 0.06090348396085241, 0.05750454370112688, 0.05570344179176709, 0.054689888237798454, 0.05418], "primeira_derivada": [-0.7481282565645138, -0.5508501236913554, -0.5440008805031964, -1.2385231020287029, -1.235262529232822, -0.6690657201017796, -1.154486633858537, -1.613664863655499, -1.8772145466817642, -2.5858600329980965, -3.058613583980311, -4.1428287525147205, -5.878271525812816, -7.135456236683154, -9.001994788787494, -12.052262661171094, -15.394696350471634, -17.975821720916425, -17.675559490028338, -12.557404153060396, -2.927585255033021, 7.835872264276095, 15.167139641860931, 17.409021680569385, 16.24098264020458, 13.752368480652732, 10.701843187176204, 7.722221718990716, 5.954185118363915, 4.919682969978817, 3.6537623892261193, 2.6478125508686996, 2.1454711339717085, 1.9428097583898514, 1.713790332920585, 1.0889646260730115, 0.8181898467427073, 1.0530783329104836, 0.9480328989789434, 0.7141844477550471, 0.6263100341543639, 0.42929437698055206, 0.2272276600451934, 0.28446026961945925, 0.5512230805572846, 0.5498208396218927, 0.3081935099527898, 0.16681759846258454, 0.09029058952728708, 0.060439604365127596], "segunda_derivada": [-23.384364291724992, -12.098119680605656, 40.75665965815717, 40.96935118801344, -33.750316552912736, -4.787385544994009, 55.98403168361753, 42.83427805990731, 57.61957919882508, 70.01856987323822, 92.27764678664774, 167.11408286761534, 177.365555564249, 185.13527490389424, 291.4068348772463, 378.87945295694936, 351.0745487582614, 135.1810608154294, -321.1360743486324, -874.0755933092776, -1208.6585519484606, -1072.429144989838, -567.376652722202, -63.64399211323533, 216.720701047823, 328.29095892641044, 357.3917356008603, 281.3818343593002, 166.0994710629524, 136.34030882381174, 134.64808473786323, 89.3926550733571, 41.783754453436124, 25.58464276426808, 50.60526813595409, 53.08000365680422, 2.126890953713847, -7.69547336508443, 20.085394035557073, 19.067710552777086, 16.884722855648377, 23.652615428430675, 8.583955755948404, -19.202399251661355, -15.727258127620132, 14.403755574939117, 22.69964538324981, 12.914561784546411, 6.304757983991354, 3.538386649003971], "sigma": 5.339903209145014e-05, "center": 5621.036796979505, "fwhm": 0.0772227378378458, "statistics": {"wv_mean": 5621.00242, "wv_std": 0.12174352882274096, "wv_min": 5620.79573, "wv_max": 5621.20911, "wv_kurt": -1.2009603841531746, "wv_skew": 1.922748997929614e-17, "int_mean": 0.28013200018798107, "int_std": 0.29677620984065123, "int_max": 1.0757622772464424, "int_min": 0.05418, "int_kurt": 0.9051275763401572, "int_skew": 1.47304026013133}}