{"x": [5552.11944, 5552.102548163266, 5552.085656326531, 5552.068764489796, 5552.051872653062, 5552.034980816326, 5552.018088979592, 5552.001197142858, 5551.984305306123, 5551.967413469388, 5551.950521632653, 5551.933629795919, 5551.916737959184, 5551.899846122449, 5551.882954285715, 5551.866062448979, 5551.849170612245, 5551.8322787755105, 5551.815386938775, 5551.798495102041, 5551.781603265306, 5551.764711428572, 5551.747819591837, 5551.730927755102, 5551.714035918368, 5551.697144081632, 5551.680252244898, 5551.6633604081635, 5551.646468571428, 5551.629576734694, 5551.612684897959, 5551.595793061225, 5551.5789012244895, 5551.562009387755, 5551.545117551021, 5551.528225714285, 5551.511333877551, 5551.4944420408165, 5551.477550204081, 5551.460658367347, 5551.443766530612, 5551.426874693877, 5551.4099828571425, 5551.393091020408, 5551.376199183674, 5551.359307346938, 5551.342415510204, 5551.325523673469, 5551.308631836734, 5551.29174], "y": [0.07933, 0.08658776753731777, 0.09599720796109176, 0.10805805212291883, 0.1156293324776445, 0.13012256159978178, 0.14649528283102103, 0.16502267003449325, 0.18488187519076835, 0.20736222312249322, 0.2372465209902292, 0.2702843211200303, 0.3174403733143045, 0.4106792412837087, 0.5376781333358739, 0.5039209514870139, 0.6105594016882616, 0.7237546290172163, 0.8794556248037572, 1.0506153029255727, 1.244671977340347, 1.4187451676511662, 1.546581179336235, 1.5832866159629155, 1.5358200634102754, 1.403263359430815, 1.2256948300132544, 1.0426873095965163, 0.8743212544269358, 0.7273312895302175, 0.6137317012012445, 0.5168663044993849, 0.4385585692442625, 0.37903192457448026, 0.32682453298150843, 0.28698434870017825, 0.25102425766680964, 0.22239139600951646, 0.20066488874760588, 0.18132616508596405, 0.16087438171044668, 0.14495920325443104, 0.1377619872557209, 0.12495733458080599, 0.11521836416968646, 0.107497090226658, 0.09942788106705129, 0.09091844867167193, 0.0867752215568534, 0.0793], "primeira_derivada": [-0.42966124119139537, -0.4933509665846617, -0.6355224989021019, -0.5811127832101539, -0.653111613117097, -0.9136351137479309, -1.0330465828969049, -1.1362468440600202, -1.2532548636513876, -1.5499985768663331, -1.8625001823893976, -2.3737457797723795, -4.155703206440948, -6.519058983463348, -2.7599636341127343, -2.157292587426943, -6.507098102662764, -7.959354193856524, -9.675107539765682, -10.810439334645425, -10.89667957704207, -8.936541559520963, -4.870442773459239, 0.3185300715115629, 5.328705793145488, 9.179736883098926, 10.67308592615454, 10.400691798679873, 9.334568674080991, 7.71347596246106, 6.229783899161326, 5.1851416369426895, 4.079910967889242, 3.3073382729010197, 2.724617142557525, 2.2436954756422525, 1.9119576428004084, 1.4906421873946134, 1.2155348044166265, 1.1778028542051544, 1.0764655851908542, 0.6841291097431076, 0.5920572459966865, 0.6672934222743248, 0.5168249204685055, 0.46739982603622227, 0.49072939241693175, 0.37451994441988445, 0.34390720363989263, 0.442534561183436], "segunda_derivada": [3.7704440549942357, 6.093513125353631, 2.597758254561088, 0.52063948081926, 9.842693123212866, 11.246111827352776, 6.589328733516078, 6.5181863943083, 12.24709128143033, 18.033720320058272, 24.382996824348112, 67.87903115697331, 122.70167148638245, -41.31402624450237, -129.1087069006668, 110.91554244102477, 171.74158434184122, 93.77338553599448, 84.39239573340235, 36.15865037300754, -55.46755526309705, -178.37719184016865, -273.95101480938666, -301.8957833583586, -262.292578085577, -158.19416848766357, -36.140383511175294, 39.62024003314078, 79.54184847966103, 91.90192942698839, 74.83894040856141, 63.636446557411695, 55.5831610710402, 40.11682822416936, 31.483929603171106, 24.054799738823146, 22.29045011762104, 20.614183327545554, 9.26007449928109, 4.11646233065672, 14.612790551145576, 14.338533659686753, 0.49833797630979004, 2.2268841071272027, 5.916869768971918, 0.7724301525387421, 2.7492534730406795, 4.345950978611486, -2.0132392300207127, -5.838758632003147], "sigma": 1.3611010185377026e-05, "center": 5551.73141893977, "fwhm": 0.18926432207151767, "statistics": {"wv_mean": 5551.7055900000005, "wv_std": 0.2437638947376103, "wv_min": 5551.29174, "wv_max": 5552.11944, "wv_kurt": -1.2009603841535488, "wv_skew": -5.596584955150812e-12, "int_mean": 0.4805723704149291, "int_std": 0.4587705633012739, "int_max": 1.5832866159629155, "int_min": 0.0793, "int_kurt": 0.06770821280129491, "int_skew": 1.173187846011876}}