{"x": [5775.5648, 5775.555614285714, 5775.546428571429, 5775.537242857143, 5775.5280571428575, 5775.518871428571, 5775.509685714286, 5775.5005, 5775.491314285714, 5775.482128571429, 5775.472942857143, 5775.4637571428575, 5775.454571428571, 5775.445385714286, 5775.4362, 5775.427014285714, 5775.417828571429, 5775.408642857143, 5775.3994571428575, 5775.390271428571, 5775.381085714286, 5775.3719, 5775.362714285714, 5775.353528571429, 5775.344342857143, 5775.3351571428575, 5775.325971428571, 5775.316785714286, 5775.3076, 5775.298414285714, 5775.289228571429, 5775.280042857143, 5775.2708571428575, 5775.261671428571, 5775.252485714286, 5775.2433, 5775.234114285714, 5775.224928571429, 5775.215742857143, 5775.2065571428575, 5775.197371428571, 5775.188185714286, 5775.179, 5775.169814285714, 5775.160628571429, 5775.151442857143, 5775.1422571428575, 5775.133071428571, 5775.123885714286, 5775.1147], "y": [0.04508, 0.052155211391956086, 0.05550452403897143, 0.06052714292510804, 0.06511320868349901, 0.06689523586360965, 0.07661198032176364, 0.08592328780090674, 0.09245130027366212, 0.10298972960213357, 0.11742335473244402, 0.13401131745196238, 0.1498051727426252, 0.16990790682560503, 0.1995941224767454, 0.23736765970846518, 0.27997916003310536, 0.32978943222105, 0.39397118848886353, 0.47221298804368605, 0.5651673917760172, 0.6732245387360245, 0.780698522634209, 0.8627780081571007, 0.8962979038782296, 0.8656153820446958, 0.7831707904005528, 0.6819075420290313, 0.5764774603232004, 0.48092672278335574, 0.40401458285417474, 0.3374198534544222, 0.2856318870959057, 0.24484899515262964, 0.20962368839040732, 0.18175511877310824, 0.15657672665062422, 0.1396343492648467, 0.12598410239432573, 0.1135127274682077, 0.10348387024559151, 0.08799522195438876, 0.07970881069564822, 0.07427028859513327, 0.06770174153866056, 0.06655959219867538, 0.0579610618369864, 0.05430140566731344, 0.05382488771825967, 0.04509], "primeira_derivada": [-0.7702407424819402, -0.5674313240537541, -0.4557038937206491, -0.5230232699235282, -0.3466302532645766, -0.6259051436113375, -1.035741551804165, -0.8621713814819557, -0.9289665055165416, -1.3592875677504013, -1.6885778767521584, -1.7626183987003197, -1.9539356579880582, -2.7101294567751983, -3.671992769517588, -4.375546367795286, -5.0307341181387235, -6.204853804011776, -7.752448606263282, -9.318611376504638, -10.941530753159073, -11.731865598314576, -10.317840481779607, -6.292345790931806, -0.15444492389817388, 6.157774450616658, 9.99964914555745, 11.250803347990935, 10.939857967806892, 9.3875594268403, 7.811415904429189, 6.4438481361874524, 5.03884920775351, 4.137304750717165, 3.4343478589405394, 2.887470701109705, 2.2927323993771593, 1.6652283809921795, 1.4218612175564371, 1.2247404746675448, 1.3889777495955504, 1.2941323238784797, 0.7470803538935251, 0.6535729712247612, 0.4197113124073442, 0.530208070856907, 0.6672418796278117, 0.22514167053880685, 0.5013984422367588, 0.9509209024140024], "segunda_derivada": [-22.078785831057495, -17.12097932616259, -2.4172346727353453, -5.9371343950067885, 5.60010198926692, 37.50994626602656, 12.86052616723133, -5.812016516186738, 27.059201430043323, 41.347430782944656, 21.954244297583735, 14.444047190236015, 51.57525199510698, 93.51788320988504, 90.65255347313682, 73.95948242935292, 99.5734996392334, 148.1493111742285, 169.48913691759873, 173.58923039212604, 131.35909450068638, -33.94892612341219, -296.085837106897, -553.2174876024103, -677.6892822041342, -552.7111857440811, -277.2255231871731, -51.17777415079582, 101.42074220451329, 170.28844824104053, 160.2331184658999, 150.91731630533536, 125.55057308246865, 87.33677637457014, 68.03140238968662, 62.140810393500765, 66.5295197580311, 47.40356355200539, 23.976791168694483, 1.7899243835756176, -3.7771613101085344, 34.939982658987184, 34.86714983192502, 17.819465710881566, 6.715041233134118, -13.473670066527589, 16.60548057730721, 9.02724775851888, -39.50586798726337, -48.937126300264985], "sigma": 4.5085145335299615e-05, "center": 5775.343604372728, "fwhm": 0.10029210147596909, "statistics": {"wv_mean": 5775.339749999998, "wv_std": 0.13255784586359615, "wv_min": 5775.1147, "wv_max": 5775.5648, "wv_kurt": -1.2009603841542227, "wv_skew": 4.1166753761788636e-11, "int_mean": 0.26486954196675777, "int_std": 0.2541449035832518, "int_max": 0.8962979038782296, "int_min": 0.04508, "int_kurt": 0.22663469895892208, "int_skew": 1.2316429274431977}}