{"x": [5573.78553, 5573.769406734694, 5573.7532834693875, 5573.737160204082, 5573.721036938776, 5573.7049136734695, 5573.688790408163, 5573.672667142857, 5573.6565438775515, 5573.640420612245, 5573.624297346939, 5573.608174081633, 5573.592050816326, 5573.575927551021, 5573.559804285715, 5573.543681020408, 5573.527557755102, 5573.511434489796, 5573.49531122449, 5573.479187959184, 5573.463064693878, 5573.446941428571, 5573.430818163265, 5573.41469489796, 5573.398571632653, 5573.382448367347, 5573.366325102041, 5573.350201836735, 5573.334078571429, 5573.317955306123, 5573.301832040816, 5573.28570877551, 5573.269585510205, 5573.253462244898, 5573.237338979592, 5573.221215714286, 5573.2050924489795, 5573.188969183674, 5573.172845918368, 5573.1567226530615, 5573.140599387755, 5573.124476122449, 5573.1083528571435, 5573.092229591837, 5573.076106326531, 5573.059983061225, 5573.043859795918, 5573.027736530613, 5573.011613265307, 5572.99549], "y": [0.04751, 0.05159320648740962, 0.055678883962953396, 0.062139839908283284, 0.062489447823472155, 0.07193863657072361, 0.08040773136105764, 0.08977279693069608, 0.09617841235844347, 0.11294036011579756, 0.12588260130893328, 0.1403227549556168, 0.16470594039847072, 0.1846532995596107, 0.22356770123181074, 0.26181478593101937, 0.31524537984339845, 0.3774707039189655, 0.4579294197631526, 0.5564299886382427, 0.6736667077760119, 0.797324835418563, 0.9007778621198151, 0.949644750692398, 0.9262752645305052, 0.8368371501688097, 0.7200362013721952, 0.6015802394218616, 0.49756812685450064, 0.4128429875592158, 0.34624227771750155, 0.2903481616966819, 0.24475597693678153, 0.2077608401173654, 0.18400772447723307, 0.16069734448990527, 0.14069732258833903, 0.12755762987645083, 0.1102457316724085, 0.10175082772382436, 0.0924166483965989, 0.08385684543300928, 0.07581786689866628, 0.07330048821116132, 0.06774238782564371, 0.06305730703594643, 0.05716427714177825, 0.05520098837628524, 0.05095806507836711, 0.04768], "primeira_derivada": [-0.2532493517806733, -0.2533259798112616, -0.32706257761096, -0.2112029955262061, -0.30387134604205607, -0.555665468414089, -0.5530567171464374, -0.48906597696631793, -0.7184513417606192, -0.92115921887341, -0.8491578572831314, -1.2039539867384978, -1.3747384218725245, -1.8253672477863825, -2.392861647610346, -2.8430245632606352, -3.586615855744712, -4.424787324810056, -5.549722135203586, -6.690248033333913, -7.47041130328962, -7.04296400354424, -4.7236063038224625, -0.7907021911199983, 3.4982864320750555, 6.39569774609046, 7.295572772767762, 6.898977046447579, 5.85294753503923, 4.6927792311964485, 3.7986978299808283, 3.1472006090445763, 2.5611227010371382, 1.8838694056529572, 1.4594902066473843, 1.3431026862764834, 1.0276986077202774, 0.944336967055948, 0.800297013736241, 0.5528992712424469, 0.5549118603108689, 0.5147462745002888, 0.3273641232591225, 0.25042939254570623, 0.31765219329390837, 0.32803872177581556, 0.24363298967766908, 0.19246138873492163, 0.23323403272859491, 0.2033127295303619], "segunda_derivada": [0.004752637206702204, 2.2890284451692575, -1.3062795744535283, -0.719185324094641, 10.682156075208148, 7.727509483049117, -2.0653226930938837, 5.129067266360941, 13.399681569163976, 4.053351261031392, 8.769773445162391, 16.29882516365517, 19.27070135174163, 31.573108995743688, 31.5586606106482, 37.019616853526855, 49.05218426601366, 60.878061677324716, 70.25440149836797, 59.56266090017506, 10.93810600736043, -85.18141168318357, -193.88944155609525, -254.96983954342397, -222.85808118533234, -117.75798104642357, -15.607238695455138, 44.737378265588006, 68.41659469525574, 63.704518471672586, 47.93007473329392, 38.3785512880763, 39.177275180518336, 34.16282227766057, 16.769764346834833, 13.390327291775318, 12.366158828752843, 7.051970852998407, 12.138908849326672, 7.609660598012064, 1.1831659411830735, 7.056502908538574, 8.19675409852222, 0.30117751524612496, -2.406749741932206, 2.2954160404249166, 4.204400612067649, 0.3224829695415602, -0.3365118848226317, 1.8557843358523554], "sigma": 2.237761479895184e-06, "center": 5573.410755319503, "fwhm": 0.16647272809190533, "statistics": {"wv_mean": 5573.390510000001, "wv_std": 0.23267274060442006, "wv_min": 5572.99549, "wv_max": 5573.78553, "wv_kurt": -1.2009603841534728, "wv_skew": -1.1726725519403035e-11, "int_mean": 0.2687296945735176, "int_std": 0.26662934120234444, "int_max": 0.949644750692398, "int_min": 0.04751, "int_kurt": 0.44952119917901623, "int_skew": 1.3113133910114287}}