{"x": [5763.22935, 5763.2280430612245, 5763.2267361224485, 5763.225429183673, 5763.224122244897, 5763.222815306122, 5763.221508367346, 5763.220201428571, 5763.218894489795, 5763.21758755102, 5763.216280612245, 5763.214973673469, 5763.213666734694, 5763.212359795918, 5763.211052857143, 5763.209745918367, 5763.208438979592, 5763.207132040816, 5763.205825102041, 5763.204518163265, 5763.20321122449, 5763.201904285715, 5763.200597346939, 5763.1992904081635, 5763.1979834693875, 5763.196676530612, 5763.195369591836, 5763.194062653061, 5763.192755714285, 5763.19144877551, 5763.190141836735, 5763.188834897959, 5763.187527959184, 5763.186221020408, 5763.184914081633, 5763.183607142857, 5763.182300204082, 5763.180993265306, 5763.179686326531, 5763.178379387755, 5763.17707244898, 5763.175765510205, 5763.174458571429, 5763.173151632654, 5763.171844693878, 5763.1705377551025, 5763.1692308163265, 5763.167923877551, 5763.166616938775, 5763.16531], "y": [0.02182, 0.02692082014538633, 0.03252131285897324, 0.03858149838782197, 0.04505301525677672, 0.051868273580759565, 0.059006635586607764, 0.06645179403548233, 0.07412754590283104, 0.08192690109849624, 0.08978212057528644, 0.09768168034313164, 0.10552539924093127, 0.11319212623329447, 0.12058746242839656, 0.1276716467564117, 0.13437085106090657, 0.14057522145809725, 0.14618320960964104, 0.15114341241258236, 0.15541264462399373, 0.15891320895135724, 0.16158842090654837, 0.1634064320267186, 0.1643522118479834, 0.1644006383322982, 0.16355248984804288, 0.16183230109839367, 0.1592476651865177, 0.15582557305739045, 0.15162533129295674, 0.1467357668076032, 0.1411924939527195, 0.135035410212432, 0.12836740474021438, 0.12130715979323864, 0.11393165388867073, 0.1062747434488522, 0.09842956046100394, 0.09052119518215127, 0.0826535131948364, 0.07483133824424874, 0.06712548233480435, 0.059652247262442885, 0.05249202799469463, 0.045655821392629116, 0.03916334611597029, 0.0330928552190873, 0.02749071219750161, 0.02239], "primeira_derivada": [-3.9028761274949018, -4.094037555253304, -4.461065223808158, -4.794295889110925, -5.083166649266028, -5.3382838549732305, -5.57926688213546, -5.78485794407237, -5.9203641947931365, -5.989023728907131, -6.02735932985808, -6.022959514348052, -5.933883889751406, -5.7623445984362816, -5.539479275572795, -5.273157737167747, -4.936564337656951, -4.519094073030993, -4.043108656754249, -3.5309362561852202, -2.9725174150773994, -2.3626876783085886, -1.7189875912500965, -1.0573528741958056, -0.3803568782964372, 0.305952357871062, 0.9825774864009944, 1.6469113710928043, 2.2980143191907185, 2.916102130740895, 3.477518006157589, 3.9913259654833073, 4.4762451057881245, 4.906537877868169, 5.252063323891286, 5.522734163868757, 5.7510025051287545, 5.930688459845908, 6.026888390454678, 6.035495908988698, 6.002521784868, 5.940611431315821, 5.80711631863106, 5.598370258024754, 5.354660115584584, 5.099199032179051, 4.806256577830015, 4.46563914733724, 4.094627621193239, 3.9027935315181206], "segunda_derivada": [146.26655158012866, 213.5482957423448, 267.90020579468194, 237.9994522695881, 208.11532110087413, 189.79474867275664, 170.84736387665347, 130.49475577620768, 78.10839675716882, 40.93349172297011, 12.982928533451172, -35.761216154862886, -99.7043322873511, -150.88871091722743, -187.14987665186595, -230.65921265734394, -288.4846934868502, -341.8123701058704, -378.04288744735067, -409.5797223678991, -446.94082085002043, -479.567156199509, -499.38636321017685, -512.1244919825298, -521.5643064462836, -521.422422458917, -513.015237712802, -503.2511305833654, -485.5586135324244, -451.2467261092341, -411.3520292089906, -382.08641380931743, -350.13572537288906, -296.8074069809777, -235.7403030394214, -190.88085477855276, -156.0724586382785, -105.54659884946186, -40.09654128568774, 9.322014941583266, 36.300276448116755, 74.75693195952128, 130.93236641826573, 173.0977041593864, 190.9696288713322, 209.80460141564296, 242.38315393885256, 272.2503035161446, 215.3297562028513, 146.78123668209244], "sigma": 0.012599836181478086, "center": 5763.197003095235, "fwhm": 0.038696299389771795}