{"x": [5723.54133, 5723.530683673469, 5723.520037346939, 5723.509391020408, 5723.498744693878, 5723.4880983673465, 5723.477452040816, 5723.466805714285, 5723.456159387755, 5723.445513061224, 5723.434866734694, 5723.424220408163, 5723.413574081633, 5723.402927755102, 5723.392281428572, 5723.3816351020405, 5723.37098877551, 5723.360342448979, 5723.349696122449, 5723.339049795918, 5723.328403469388, 5723.317757142857, 5723.307110816327, 5723.296464489796, 5723.2858181632655, 5723.275171836734, 5723.264525510204, 5723.253879183673, 5723.243232857143, 5723.232586530612, 5723.221940204082, 5723.211293877551, 5723.200647551021, 5723.19000122449, 5723.1793548979595, 5723.168708571428, 5723.158062244898, 5723.147415918367, 5723.136769591837, 5723.126123265306, 5723.115476938776, 5723.104830612245, 5723.094184285715, 5723.083537959184, 5723.072891632653, 5723.062245306122, 5723.051598979592, 5723.040952653061, 5723.030306326531, 5723.01966], "y": [0.22752, 0.23877765786553343, 0.2511680104972226, 0.26423884850976964, 0.27788143321288095, 0.2927731964593648, 0.3104580503560901, 0.33242253415017364, 0.3591823830312213, 0.3902769141046239, 0.4254175352480396, 0.4658443553484186, 0.5145319631464814, 0.5750286984237004, 0.6499490097087717, 0.740935926587287, 0.8502728063825098, 0.9826583879775111, 1.144688676651485, 1.341061113465796, 1.568541612035431, 1.8102921808336203, 2.0346039363608655, 2.200517776679892, 2.271388638186832, 2.22810225153022, 2.08012483556644, 1.8643099352238959, 1.6254175356481377, 1.39662722899817, 1.1948546666482136, 1.0252269354948167, 0.8864806416424649, 0.7740442733264968, 0.682409425349654, 0.6064935769638955, 0.5424868953559073, 0.4881793524743686, 0.44253803892652194, 0.40487465672176703, 0.37403439262429206, 0.34828813264905134, 0.3258086370961319, 0.3054241852837258, 0.2868770357083494, 0.2705635051034745, 0.25685535644424506, 0.24565313142605194, 0.2363357071745887, 0.22803], "primeira_derivada": [-1.0574218095500338, -1.1106183165264698, -1.1957735173274842, -1.2545840407424096, -1.3401029861130134, -1.529946364577585, -1.8621135457770326, -2.2883166571617295, -2.7171052751452724, -3.110704524533128, -3.5489913364277816, -4.1852195516578865, -5.127794209646514, -6.359801485188834, -7.79175933063191, -9.40811819447171, -11.352388107548224, -13.827110666887107, -16.832224920867965, -19.90606497769476, -22.037228804646297, -21.888410194148072, -18.326771902237855, -11.12048842130136, -1.2954926176194037, 8.98261959515194, 17.085344661397528, 21.35512651294169, 21.964510710867774, 20.221194031678277, 17.44264993355684, 14.482649208592004, 11.79668223805891, 9.584114093540753, 7.868944085124001, 6.571399514730039, 5.556575037850481, 4.694053678612294, 3.912368060153321, 3.2172433423540165, 2.6575609864138547, 2.2649012027541553, 2.0130862622945913, 1.8284053788819494, 1.6372163713013228, 1.409954841127679, 1.1699046429683215, 0.9636962200374498, 0.8276625451695092, 0.7801477016844952], "segunda_derivada": [4.996700676166671, 6.497626546571456, 6.761286336751243, 6.778369439009275, 12.93226931578694, 24.515994233476185, 35.61652417874267, 40.1543070706322, 38.62308116359677, 39.069159624735754, 50.464121311509594, 74.14777616862446, 102.12827529193919, 125.11193947167442, 143.16284121663756, 167.22335007669872, 207.53602003997517, 257.3581036410541, 285.4953909845169, 244.45069709329533, 93.09996320114342, -174.25996148728345, -505.71066658027326, -799.8664720483206, -944.1335449679958, -863.2478642364589, -581.0692956966348, -229.14786783235692, 53.25463567192539, 212.36718431996528, 269.50821048884, 265.16036678321, 230.0575274001583, 184.46447897516316, 141.490802961479, 108.599385930265, 88.16871390901777, 77.21945090499534, 69.35774194098452, 58.93145725581052, 44.72632587692049, 30.267469359812004, 20.499832623836163, 17.652562595781998, 19.652343770941172, 21.947087898799307, 20.958338061836702, 16.073248214535695, 8.620274694060557, 4.463027068199985], "sigma": 2.3904931614193714e-06, "center": 5723.283686532265, "fwhm": 0.14116825897562377}