{"x": [5808.30264, 5808.298758163265, 5808.29487632653, 5808.290994489796, 5808.287112653061, 5808.283230816326, 5808.279348979591, 5808.275467142857, 5808.271585306123, 5808.267703469388, 5808.263821632653, 5808.259939795918, 5808.256057959184, 5808.252176122449, 5808.248294285714, 5808.244412448979, 5808.240530612245, 5808.23664877551, 5808.232766938775, 5808.228885102041, 5808.225003265306, 5808.221121428572, 5808.217239591837, 5808.213357755102, 5808.209475918367, 5808.205594081633, 5808.201712244898, 5808.197830408163, 5808.193948571428, 5808.190066734694, 5808.186184897959, 5808.182303061225, 5808.17842122449, 5808.174539387755, 5808.170657551021, 5808.166775714286, 5808.162893877551, 5808.159012040816, 5808.155130204082, 5808.151248367347, 5808.147366530612, 5808.143484693877, 5808.139602857143, 5808.135721020409, 5808.131839183674, 5808.127957346939, 5808.124075510204, 5808.12019367347, 5808.116311836735, 5808.11243], "y": [0.03253, 0.03689575822789833, 0.04139041794980878, 0.04452019912686214, 0.04588445660599577, 0.04654814850366816, 0.04823654164011667, 0.051860002169768694, 0.056869347119662794, 0.06214088660330711, 0.06778005915748157, 0.07580642258986921, 0.0887242932897555, 0.10754571627191979, 0.1314427060586741, 0.16037085615735266, 0.19836531422216236, 0.2538439473872996, 0.3341511920508345, 0.4358292066728421, 0.5411637432664671, 0.6210164657614234, 0.6488133595089022, 0.6146876399027995, 0.5308926379722483, 0.4259905169909073, 0.32872503621423754, 0.2552880170980679, 0.20646043091921162, 0.17257421341806828, 0.14435341328430382, 0.11883137805775967, 0.09778973001458574, 0.08340377363555355, 0.07480217304197259, 0.0686414281103546, 0.06225537990260195, 0.055669485568044776, 0.05058065043152119, 0.0479873011515065, 0.046885893426849186, 0.045311015898388304, 0.042362228840962544, 0.0391561561842887, 0.03750491465537651, 0.03799365901885728, 0.03920377492456487, 0.03897154363704927, 0.03640037577401277, 0.0327], "primeira_derivada": [-1.1246630206782284, -1.1412661782579592, -0.982066148053648, -0.5788546715452351, -0.2612100296033963, -0.3029603245619843, -0.6841933380599836, -1.111948553019757, -1.3242293707859862, -1.4053543184995338, -1.7601894309700057, -2.69772218196502, -4.088179881164931, -5.502345369958755, -6.804142406656018, -8.619966878588102, -12.039801982508218, -17.48990067159025, -23.440612233524273, -26.66425269589803, -23.85304583139366, -13.86580935751358, 0.815184446314721, 15.188779126210687, 24.305133858677102, 26.040198953698514, 21.987336350875523, 15.748293095393263, 10.65395189592491, 7.999694716513982, 6.922346177689628, 5.997635456713136, 4.563252764463392, 2.960912390615559, 1.9014639890696012, 1.6160897529525398, 1.6708511239205461, 1.5037635878049591, 0.9895038021230937, 0.4759031944316858, 0.3447189353883983, 0.5826706395680964, 0.7927767362936657, 0.62564637799631, 0.14973545319679382, -0.2188217054538307, -0.12595643312799942, 0.36109184158194907, 0.8078062094788335, 0.9532538400893457], "segunda_derivada": [4.277139589886484, -18.36719089027896, -72.44141692979436, -92.84987593563132, -35.53657274049306, 54.48236715736139, 104.20173281732876, 82.43984440010826, 37.79213108735833, 56.153837728395615, 166.4634491054106, 299.8568215591148, 361.24950373072903, 349.8295666544651, 401.5652539827443, 674.3791578050204, 1142.4918664879863, 1468.4814212970696, 1181.7024584294536, 53.12351163873434, -1648.5035580927974, -3177.3915240685815, -3742.376414691966, -3025.6230513254945, -1397.717185051858, 298.54391956325486, 1325.6489854580993, 1459.7966412982582, 998.0582528739774, 480.6494931661593, 257.8752529835064, 303.86303890323137, 391.14512968857974, 342.8517165027375, 173.21988655778773, 29.704091246785982, 14.46817226258705, 87.7609451855323, 132.39356309971305, 83.05151797864737, -13.752181303798132, -57.712087282390115, -5.535490203437326, 82.82693568917618, 108.77171570453572, 35.51049479436972, -74.69576732097896, -120.27330184248838, -76.27342917392708, -37.46876557377681], "sigma": 1.1905480627572018e-05, "center": 5808.217986897968, "fwhm": 0.03164835213792192, "statistics": {"wv_mean": 5808.207535, "wv_std": 0.056018280074786125, "wv_min": 5808.11243, "wv_max": 5808.30264, "wv_kurt": -1.200960384155316, "wv_skew": 2.435361536922256e-11, "int_mean": 0.15734303616832335, "int_std": 0.17541925986795348, "int_max": 0.6488133595089022, "int_min": 0.03253, "int_kurt": 1.3715565581012612, "int_skew": 1.6230813431737559}}