{"x": [5647.12768, 5647.126142653061, 5647.124605306122, 5647.123067959184, 5647.121530612245, 5647.119993265305, 5647.118455918367, 5647.116918571428, 5647.115381224489, 5647.113843877551, 5647.112306530612, 5647.110769183673, 5647.109231836735, 5647.107694489796, 5647.106157142857, 5647.104619795918, 5647.103082448979, 5647.10154510204, 5647.100007755102, 5647.098470408163, 5647.096933061224, 5647.095395714286, 5647.093858367347, 5647.092321020408, 5647.09078367347, 5647.08924632653, 5647.087708979591, 5647.086171632653, 5647.084634285714, 5647.083096938775, 5647.081559591837, 5647.080022244898, 5647.078484897959, 5647.076947551021, 5647.075410204082, 5647.073872857142, 5647.072335510204, 5647.070798163265, 5647.069260816326, 5647.067723469388, 5647.066186122449, 5647.06464877551, 5647.063111428572, 5647.061574081633, 5647.060036734694, 5647.058499387755, 5647.056962040816, 5647.055424693877, 5647.053887346939, 5647.05235], "y": [0.03251, 0.03872691401070094, 0.04593136417994689, 0.05404823313631957, 0.06309719180264725, 0.07310080901748531, 0.08394803192867935, 0.09551235963562532, 0.10777938838616878, 0.1206629462579304, 0.13394854155218344, 0.14745287575669166, 0.16114464395040098, 0.1747941094908183, 0.18812136573722202, 0.20097547146376693, 0.2132296097320232, 0.22460508794879658, 0.2348463656887123, 0.24385293478749218, 0.2514570215883501, 0.2574573818283635, 0.26174816784308014, 0.2642682322360574, 0.26495029421564115, 0.2637824161934031, 0.26079164780960257, 0.25602521153346947, 0.24958283409544246, 0.24164264208031278, 0.23231053709236024, 0.22173132297685907, 0.21015842433800208, 0.19783209636618385, 0.1848292461655054, 0.17140108279951705, 0.15784091280635212, 0.14428172946600837, 0.1308100692730239, 0.11768051552114721, 0.10501827603142179, 0.09300701645370642, 0.08171009432951579, 0.07115077845244967, 0.061473663763534525, 0.052759107226308145, 0.04497133396174593, 0.038122718292583506, 0.03224882282160358, 0.02735], "primeira_derivada": [-4.043923888810332, -4.365105833399741, -4.983038876967685, -5.582938759901843, -6.196576516404176, -6.781436120666062, -7.289034782689551, -7.750806229209058, -8.179866882867328, -8.511141014322277, -8.713039595940185, -8.845141494749738, -8.892343376204714, -8.773791103410794, -8.5151117508172, -8.16609554932326, -7.685193202186823, -7.030539240318532, -6.260085591113686, -5.402377134839925, -4.424650902999349, -3.34704743471686, -2.2151312226113324, -1.041445587851154, 0.1580046866093275, 1.352539983066614, 2.5229193439623887, 3.645505588938194, 4.677724035910901, 5.617566395897126, 6.475870411074215, 7.204656345638347, 7.7728800212329485, 8.237951218191606, 8.596307344135695, 8.77756759785618, 8.820179964343671, 8.791393423728222, 8.651662573892501, 8.388410121600835, 8.024701011435859, 7.580651158020627, 7.108427333937108, 6.581608242382344, 5.98162677467641, 5.367145626581979, 4.76027517455842, 4.137813924780058, 3.503671819798159, 3.186543452464186], "segunda_derivada": [208.9196241324922, 305.4336547371005, 396.0826589835995, 394.6856785891446, 389.79404396575194, 355.3063522873834, 315.2736978739156, 289.7303392508899, 247.2879627834958, 173.40676319037937, 108.62885664413845, 58.315977920689996, -23.205689471888828, -122.68916530721991, -197.64424627246984, -269.9190818630963, -369.3233714644665, -463.49577158574147, -529.5363279810199, -596.9487569589091, -668.466449704998, -718.6145250632356, -749.8638690013203, -771.8283523121336, -778.6094049374193, -769.1545080547593, -745.7541132018227, -700.8192613322561, -641.3844387843362, -584.8212690077706, -516.1781995377551, -421.83373756733965, -336.0643087640379, -267.8079040544845, -175.50247310139304, -72.8113526327934, -4.49665118660514, 54.807859635220254, 131.06452811311073, 203.91023869883065, 262.71199534046497, 298.0048466769386, 324.92435198093347, 366.47568968107885, 394.98651374266956, 397.2270568960323, 399.8224704115009, 408.6921836402627, 309.38705128433304, 206.28288862832096], "sigma": 0.011952010917220868, "center": 5647.090460133154, "fwhm": 0.040972400501875006}