{"x": [5740.13389, 5740.095225306122, 5740.0565606122445, 5740.017895918368, 5739.97923122449, 5739.940566530612, 5739.901901836734, 5739.8632371428575, 5739.82457244898, 5739.785907755102, 5739.747243061224, 5739.7085783673465, 5739.66991367347, 5739.631248979592, 5739.592584285714, 5739.553919591836, 5739.5152548979595, 5739.476590204082, 5739.437925510204, 5739.399260816326, 5739.360596122448, 5739.321931428572, 5739.283266734694, 5739.244602040816, 5739.205937346938, 5739.167272653061, 5739.128607959184, 5739.089943265306, 5739.051278571428, 5739.012613877551, 5738.9739491836735, 5738.935284489796, 5738.896619795918, 5738.85795510204, 5738.819290408163, 5738.780625714286, 5738.741961020408, 5738.70329632653, 5738.664631632653, 5738.6259669387755, 5738.587302244898, 5738.54863755102, 5738.509972857142, 5738.471308163265, 5738.432643469388, 5738.39397877551, 5738.355314081632, 5738.316649387755, 5738.277984693877, 5738.23932], "y": [0.09143, 0.09506630284251742, 0.10451003076045745, 0.113433744679689, 0.12479612189164264, 0.14302236317588032, 0.1532417677852362, 0.17629902929530072, 0.2030787915546149, 0.23168012224680237, 0.26564279392447687, 0.3054245578483314, 0.3633926017244621, 0.4236112594949608, 0.5080970409447991, 0.6156565570822946, 0.7480403192158686, 0.9075642478406496, 1.1095859658643201, 1.334836225431082, 1.554708891103605, 1.7162720239898464, 1.8016939317262857, 1.8118789573923435, 1.7738026862082457, 1.6558726037523883, 1.4596506033941374, 1.238716408492331, 1.0271644757095229, 0.8515363474072126, 0.7024049096353981, 0.5911777189000331, 0.5023565098435627, 0.4261710470593026, 0.36733108846800205, 0.3234337349490143, 0.28112663630445967, 0.2551013809568973, 0.22360724084991263, 0.20362085054737547, 0.18143309945820796, 0.16310097563691664, 0.149256640654464, 0.13565248439576685, 0.1245822752630558, 0.11818109788348287, 0.1105544833426933, 0.10140039475278742, 0.09595370763173547, 0.09107], "primeira_derivada": [-0.09404711321427907, -0.169146958744966, -0.2375221422346646, -0.26233352830307516, -0.38263096805750746, -0.3678503958097196, -0.43032367235357766, -0.6444771543714101, -0.716171362000005, -0.8090585505171161, -0.9536404947970003, -1.2640706287519972, -1.5283542916654425, -1.8712735664973137, -2.483471073047644, -3.102873115101634, -3.7748610099519104, -4.675397764579027, -5.525350581349955, -5.756193578649866, -4.932611127985976, -3.1939350329064955, -1.2363596321847885, 0.3606810596537646, 2.017426468382216, 4.062518687086762, 5.394536377022415, 5.592778376209351, 5.006894174744109, 4.199691417506876, 3.3668781825907286, 2.5869647439118584, 2.1338158316006948, 1.7461074669830108, 1.3285675096290261, 1.1147696194889638, 0.88365311009764, 0.7438232362199595, 0.6657304797612131, 0.5453831022823638, 0.5239906339173518, 0.41609612771626475, 0.35495549671555615, 0.3190813493791709, 0.22593462872768502, 0.18140311629921124, 0.21700292240699434, 0.18881276749906964, 0.1335895065592213, 0.1263092279270366], "segunda_derivada": [1.9423364832038292, 1.8553752096677183, 1.2050602269580992, 1.876502970427045, 1.36451187018617, 0.6167474705327921, 3.577252666728577, 3.696494928338056, 2.1283162963351496, 3.070878222232211, 5.884077081709017, 7.432023109922157, 7.852162746614609, 12.351278202302165, 15.926668817008808, 16.699859838566606, 20.335407988323457, 22.636795947902115, 13.976521028302122, -7.665125388525022, -33.13434413672055, -47.79879426344636, -45.96720853135476, -42.076967049755055, -47.871032409822675, -43.67175283162103, -19.788850442737843, 5.012870443301861, 18.01497463193489, 21.208185397219445, 20.85528827272745, 15.94558533022805, 10.873709224068676, 10.413225105659714, 8.164268020554134, 5.75349698794934, 4.796965216403071, 2.8181088285341658, 2.5661671416213783, 1.8329363513385935, 1.6718996272779865, 2.1859107139991036, 1.2545654524634722, 1.6684584183865918, 1.7804128168610887, 0.11550209538614124, -0.09581934391322057, 1.078676791189171, 0.808276664101306, 0.18829267484183415], "sigma": 0.07062072230283478, "center": 5739.251162290551, "fwhm": 0.4487372946530025, "statistics": {"wv_mean": 5739.186605, "wv_std": 0.5579651589376844, "wv_min": 5738.23932, "wv_max": 5740.13389, "wv_kurt": -1.2009603841536978, "wv_skew": 1.2782593619444256e-17, "int_mean": 0.5611444609862475, "int_std": 0.5502386893077987, "int_max": 1.8118789573923435, "int_min": 0.09107, "int_kurt": -0.09773960668261417, "int_skew": 1.14443536614361}}