{"x": [5621.43228, 5621.415215102041, 5621.3981502040815, 5621.381085306122, 5621.364020408163, 5621.346955510204, 5621.3298906122445, 5621.312825714285, 5621.295760816326, 5621.278695918368, 5621.2616310204085, 5621.244566122449, 5621.22750122449, 5621.210436326531, 5621.1933714285715, 5621.176306530612, 5621.159241632653, 5621.142176734694, 5621.1251118367345, 5621.108046938775, 5621.090982040816, 5621.073917142857, 5621.0568522448975, 5621.039787346938, 5621.022722448979, 5621.005657551021, 5620.9885926530615, 5620.971527755102, 5620.954462857143, 5620.937397959184, 5620.9203330612245, 5620.903268163265, 5620.886203265306, 5620.869138367347, 5620.8520734693875, 5620.835008571428, 5620.817943673469, 5620.80087877551, 5620.7838138775505, 5620.766748979591, 5620.749684081632, 5620.732619183674, 5620.7155542857145, 5620.698489387755, 5620.681424489796, 5620.664359591837, 5620.6472946938775, 5620.630229795918, 5620.613164897959, 5620.5961], "y": [0.04649, 0.049788280519185726, 0.05232766492359331, 0.05804041267744852, 0.0641622350013511, 0.07128050720763418, 0.07687115404873249, 0.08746591178564053, 0.09744708513683656, 0.10669858486489962, 0.12023768118051527, 0.13543099251733753, 0.1597307983422264, 0.18452560084175498, 0.21661024323270192, 0.25677397801635643, 0.308220051168337, 0.36928601149282264, 0.4480071516170117, 0.5477654540167789, 0.6610315761930482, 0.7812066021967244, 0.876390826936071, 0.9239821773115302, 0.8921589398677235, 0.8039074250527409, 0.6897580738705535, 0.5727743731999813, 0.47355958409300075, 0.3944041933221978, 0.32711975470932175, 0.2753674079733368, 0.23491993296154492, 0.20199985204182802, 0.1781069846399651, 0.151539265568268, 0.1373977763465434, 0.12290349194805333, 0.11045685692529653, 0.09477536578228003, 0.08664092295293041, 0.0798291163606415, 0.07673963499848231, 0.06773550938654706, 0.06684473463298578, 0.060893458591872805, 0.05396269123167854, 0.05440054585522623, 0.0474286915270518, 0.04632], "primeira_derivada": [-0.19327865464317126, -0.17104306564080501, -0.24178674194159228, -0.34675185594493574, -0.38793359801525623, -0.37237020337695054, -0.47423092176295495, -0.602872959956899, -0.563515619188131, -0.6677624471800634, -0.8418570014616822, -1.1571448377843134, -1.4384676791408033, -1.6665627015854274, -2.116871057393684, -2.6841592652480215, -3.2965926237934835, -4.095749672295882, -5.229431870914639, -6.241596787885818, -6.8398049826453144, -6.310006987951546, -4.183311715540101, -0.4620043134541807, 3.5181796149253586, 5.930327461844581, 6.772177964520206, 6.334596617392472, 5.226230485051279, 4.29067404133966, 3.4877672762284906, 2.7014466177288528, 2.149662895926216, 1.6646143580015829, 1.4784907180246254, 1.1927762003220483, 0.8390256328694399, 0.7893665548305449, 0.8241516073799888, 0.6978047577326629, 0.437923785355548, 0.2901068608308994, 0.35434161408340514, 0.2899197050321753, 0.20047148277754073, 0.37744273162585423, 0.19024176857527836, 0.19144561310099104, 0.23675927844763062, 0.06496912725172249], "segunda_derivada": [-1.3030015799374268, 1.4212826649849257, 5.148252006070366, 4.282089949283711, 0.7506153125907509, 2.5285039486846275, 6.753710368806582, 2.6160337330587264, 1.901256233112783, 8.155377868233533, 14.338860735441598, 17.480640057268257, 14.925898327014494, 19.877158945605693, 29.815489260260993, 34.5657374927557, 41.359474003862545, 56.63201888863663, 62.87313058404504, 47.1837896592378, 2.0044128077738956, -77.83501763238377, -171.3459608274256, -225.65301441762995, -187.29475531397193, -95.34186367398786, -11.845050480623964, 45.29612433549502, 59.886750595704385, 50.93681816834545, 46.56422286867245, 39.20633992356828, 30.37909345263929, 19.665285415258182, 13.824816263373378, 18.736270403796336, 11.819866912036575, 0.43580763052244353, 2.682752551950707, 11.316441005005146, 11.945512299174721, 2.44895022150111, 0.005483648339741528, 4.50838123009435, -2.5644169335998477, 0.29972972081912785, 5.449699112443456, -1.362958922562826, 3.7057498424933355, 10.066872453980734], "sigma": 2.9565615132343126e-05, "center": 5621.036859593985, "fwhm": 0.17551523268909963, "statistics": {"wv_mean": 5621.01419, "wv_std": 0.24626131871637075, "wv_min": 5620.5961, "wv_max": 5621.43228, "wv_kurt": -1.200960384154125, "wv_skew": 1.858496023420132e-17, "int_mean": 0.26003431130137183, "int_std": 0.25834975414982936, "int_max": 0.9239821773115302, "int_min": 0.04632, "int_kurt": 0.4626318457031151, "int_skew": 1.3155113784652395}}