{"x": [5723.43587, 5723.429720408163, 5723.423570816327, 5723.41742122449, 5723.411271632654, 5723.405122040816, 5723.39897244898, 5723.392822857143, 5723.386673265306, 5723.38052367347, 5723.374374081633, 5723.368224489796, 5723.362074897959, 5723.355925306123, 5723.349775714286, 5723.343626122449, 5723.337476530613, 5723.331326938775, 5723.325177346939, 5723.319027755102, 5723.312878163266, 5723.306728571429, 5723.300578979592, 5723.294429387755, 5723.288279795918, 5723.282130204082, 5723.275980612245, 5723.269831020409, 5723.2636814285715, 5723.257531836734, 5723.251382244898, 5723.245232653061, 5723.239083061225, 5723.232933469388, 5723.2267838775515, 5723.220634285714, 5723.214484693877, 5723.208335102041, 5723.202185510204, 5723.196035918368, 5723.1898863265305, 5723.183736734694, 5723.177587142857, 5723.17143755102, 5723.165287959184, 5723.159138367347, 5723.1529887755105, 5723.146839183673, 5723.140689591837, 5723.13454], "y": [0.09153, 0.10103490352510348, 0.1138022167702249, 0.1288235207245754, 0.14077491476425716, 0.1517529710744118, 0.170600962448462, 0.19776575810144978, 0.22596015869498445, 0.2570661515307997, 0.3003378816679802, 0.35494160657373014, 0.4152714708232737, 0.4905555309757353, 0.5968154857447492, 0.7351341124867203, 0.9013418153590202, 1.1040603973553602, 1.3404493212298312, 1.5640753141947992, 1.71700381213401, 1.7890873195504728, 1.8110641751396925, 1.7931459045818718, 1.707627630441661, 1.5375278553555887, 1.3124917071327746, 1.0856435046736685, 0.8923466420791384, 0.7383212591160153, 0.6144652704855118, 0.5137706552027528, 0.4350241349189084, 0.37543924023877173, 0.327296688657176, 0.2857877285541083, 0.25247861827834994, 0.22781814737114275, 0.20662914066247584, 0.1858481791777818, 0.1682535370578731, 0.1552528365286533, 0.14443379703647963, 0.13519700655181052, 0.12807184734779986, 0.12003135791223284, 0.10920047624270614, 0.09996358764238371, 0.09529796184301949, 0.09106], "primeira_derivada": [-1.54561534762615, -1.8108695147374956, -2.259387121739369, -2.193047824180324, -1.8643066856154018, -2.425042870839842, -3.741125285147386, -4.501046387524563, -4.821490190267448, -6.047370699419996, -7.957882217420305, -9.344814437102995, -11.026254099763179, -14.760655645371099, -19.885757298093992, -24.75988144433893, -29.995997674875134, -35.70216670739767, -37.40206903619467, -30.6162181901658, -18.294873166521587, -7.647691545784885, -0.32998816337652565, 8.41003333596578, 20.783334570421864, 32.12700401938888, 36.741003523762586, 34.16040252850634, 28.239455134293046, 22.5934809149785, 18.257358364347283, 14.5896784967471, 11.247202955731922, 8.758910275904395, 7.289224558775256, 6.083173677242977, 4.713286891436476, 3.72784721600872, 3.4124190115401904, 3.1201748525602078, 2.487591328148486, 1.9366927638464502, 1.6306635064584365, 1.3303281033304915, 1.2330614000374645, 1.5343596458345352, 1.6316343265393913, 1.1303607433566387, 0.7239169589504377, 0.6891452238231537], "segunda_derivada": [43.133621569780594, 58.034077144476115, 31.0734695564362, -32.12249256672723, 18.86263778320715, 152.59700557190976, 168.791976103519, 87.84037491701196, 125.72576790166534, 255.00814610558837, 268.1026501643515, 249.47768598591585, 440.34151794997825, 720.3326199224404, 812.9991439916151, 822.025318533043, 889.6757340708278, 602.1595870112639, -413.5191938187377, -1553.533663463881, -1867.4838309920651, -1460.6566971387306, -1305.5927375526535, -1716.6442338403822, -1928.3369785602229, -1297.4575693116299, -165.32792444783226, 691.2286713703977, 940.4625477491428, 811.6064476356962, 650.758833334179, 569.9691617587263, 474.07766041231923, 321.80821931565794, 217.55399949505934, 209.43972669747725, 191.5026658507416, 105.76863590671644, 49.4075362713113, 75.19423304456404, 96.22444221873293, 69.67355268845337, 49.30121189953805, 32.327520019278325, -16.58903126604715, -32.40645371981802, 32.84761925731033, 73.80305812944938, 35.87356130712562, 5.654315936440439], "sigma": 0.01323067294898772, "center": 5723.299887659703, "fwhm": 0.07268143112826592, "statistics": {"wv_mean": 5723.285205, "wv_std": 0.08874395844057784, "wv_min": 5723.13454, "wv_max": 5723.43587, "wv_kurt": -1.2009603841544998, "wv_skew": -1.2410345445220347e-17, "int_mean": 0.568753490319206, "int_std": 0.5582950343098386, "int_max": 1.8110641751396925, "int_min": 0.09106, "int_kurt": -0.16779593408608218, "int_skew": 1.1303155133825726}}