{"x": [5754.24712, 5754.233744897959, 5754.2203697959185, 5754.206994693877, 5754.193619591837, 5754.180244489796, 5754.1668693877555, 5754.153494285714, 5754.140119183673, 5754.126744081633, 5754.1133689795915, 5754.099993877551, 5754.08661877551, 5754.07324367347, 5754.0598685714285, 5754.046493469387, 5754.033118367347, 5754.019743265306, 5754.0063681632655, 5753.992993061224, 5753.979617959184, 5753.966242857143, 5753.952867755102, 5753.939492653061, 5753.92611755102, 5753.91274244898, 5753.899367346939, 5753.885992244898, 5753.872617142857, 5753.859242040816, 5753.8458669387755, 5753.832491836734, 5753.819116734694, 5753.805741632653, 5753.7923665306125, 5753.778991428571, 5753.76561632653, 5753.75224122449, 5753.738866122449, 5753.725491020408, 5753.712115918367, 5753.698740816327, 5753.685365714286, 5753.671990612244, 5753.658615510204, 5753.645240408163, 5753.631865306123, 5753.618490204081, 5753.605115102041, 5753.59174], "y": [0.09151, 0.11220312298205015, 0.11517726009891335, 0.13004667763064132, 0.14430337475924057, 0.16237959069872993, 0.1816584669393722, 0.1992654191723473, 0.23129233692129664, 0.267213203916996, 0.3028945018143418, 0.3624862219013462, 0.42370478642641557, 0.5116729686797785, 0.6239097189898671, 0.7644737812059111, 0.9411075969660457, 1.1578356390864917, 1.4014117008675013, 1.6177469924922059, 1.757403364083237, 1.8100045235773643, 1.8078203352751772, 1.7407645405332661, 1.5807894990148175, 1.3494538458930552, 1.1193591755099328, 0.9234798418369914, 0.7566565381186198, 0.6330149767308715, 0.5320861252411634, 0.4534227924239711, 0.39102524671117567, 0.3410058656170118, 0.29790524104280647, 0.2666306407069447, 0.236418423103673, 0.21500815229872164, 0.1927798265882539, 0.17131771508938348, 0.1636239002104511, 0.15356777886182332, 0.13879455228753446, 0.1262904996953646, 0.12299019106724417, 0.11375495658590001, 0.10868398921499559, 0.10196286401221653, 0.09748489169034509, 0.09142], "primeira_derivada": [-1.5471375783372638, -0.8847506369221838, -0.6670436828900893, -1.0888184094438635, -1.208697809166952, -1.3964413903650716, -1.378898955732259, -1.8554576192764987, -2.5400847237504913, -2.676696023509605, -3.561580976879647, -4.5162378665957235, -5.577032097544183, -7.484239445554127, -9.450425564875847, -11.857774131728679, -14.705003994810376, -17.20749877267822, -17.192816623168458, -13.307998029884779, -7.187142591486131, -1.8847322075227426, 2.588390833696872, 8.487069316128894, 14.628325580166525, 17.2496001188959, 15.924140345176633, 13.558873655174546, 10.858416788566814, 8.395091573626209, 6.713675296071626, 5.273263639416359, 4.202469875161356, 3.4810951492044366, 2.7803610276558284, 2.2985550969888062, 1.9297979279308466, 1.6313369566247304, 1.633274911705787, 1.0899328576695577, 0.6635439555330289, 0.9281928409690146, 1.0197035911358447, 0.5908127344424671, 0.4686148588350327, 0.5348072040369135, 0.44082252747502565, 0.4186546573822926, 0.3941227506187257, 0.45344638655158953], "segunda_derivada": [-49.52387947204005, -32.900455367200045, 7.6286435759472235, 20.248597903269175, 11.499836785688423, 6.362611142954195, 17.159354280542598, 43.40848258355625, 30.700266873881144, 38.18648448500128, 68.76739472644645, 75.34339231668598, 110.95248357413622, 144.79865108801752, 163.49537643524263, 196.43133988524482, 199.98818045083823, 93.00163171756094, -145.77461655662592, -374.04103539526915, -427.0347167279519, -365.43771386058324, -387.72794002050887, -450.08758474453236, -327.5687458707699, -48.4413038891858, 137.9700301528756, 189.37139848258255, 193.03710975955687, 154.94242510696395, 116.70295765585658, 93.87612196372541, 66.99644177484102, 53.162541981822244, 44.206767492778276, 31.796508808096043, 24.942543927180427, 11.08488800016415, 20.23925115881339, 36.25134796048479, 6.046309635908399, -13.314277323551789, 12.612244208943869, 20.601290764796573, 2.0936487151612995, 1.0389577318858119, 4.342118149854102, 1.7457727318267933, -1.3006154668310277, -4.4353781937577414], "sigma": 0.02090365211873335, "center": 5753.959551110915, "fwhm": 0.14944447919165435, "statistics": {"wv_mean": 5753.91943, "wv_std": 0.19301435463697675, "wv_min": 5753.59174, "wv_max": 5754.24712, "wv_kurt": -1.200960384154047, "wv_skew": 5.789921430776674e-17, "int_mean": 0.550744273091436, "int_std": 0.5454820417594165, "int_max": 1.8100045235773643, "int_min": 0.09142, "int_kurt": 0.037906572238193714, "int_skew": 1.2003289902891625}}