{"x": [5804.25455, 5804.227357755101, 5804.200165510204, 5804.172973265306, 5804.145781020407, 5804.11858877551, 5804.091396530612, 5804.064204285714, 5804.037012040816, 5804.009819795918, 5803.98262755102, 5803.955435306122, 5803.928243061224, 5803.9010508163265, 5803.873858571428, 5803.846666326531, 5803.8194740816325, 5803.792281836734, 5803.765089591837, 5803.737897346939, 5803.71070510204, 5803.683512857143, 5803.656320612245, 5803.629128367346, 5803.601936122449, 5803.574743877551, 5803.547551632653, 5803.520359387755, 5803.493167142857, 5803.465974897959, 5803.438782653061, 5803.411590408163, 5803.384398163265, 5803.357205918367, 5803.330013673469, 5803.302821428571, 5803.275629183673, 5803.248436938776, 5803.221244693877, 5803.194052448979, 5803.166860204082, 5803.1396679591835, 5803.112475714285, 5803.085283469388, 5803.0580912244895, 5803.030898979592, 5803.003706734694, 5802.976514489796, 5802.949322244898, 5802.92213], "y": [0.01258, 0.01846682090347689, 0.023658283629600266, 0.019038449035849017, 0.02151267034534241, 0.019790654774585557, 0.023815915966577467, 0.024544954729816566, 0.04451922149357297, 0.22582252869711053, 0.08764236526623714, 0.03271452446291328, 0.025736345754979278, 0.019348919396168656, 0.017460448088993972, 0.020028289616736642, 0.0228662303866606, 0.021119172742143727, 0.02273188312006075, 0.02483995001559786, 0.02390903743434409, 0.0230556836743283, 0.02629299906052119, 0.025150452548740647, 0.02222279584297719, 0.026002338721819993, 0.019486185102200983, 0.022698932386894275, 0.026976485714950836, 0.023591330079064162, 0.0231977638583874, 0.02547644281044451, 0.02347741975653197, 0.021183117885546315, 0.019760922352760422, 0.017052043179229724, 0.018107881214380367, 0.01884284941194385, 0.02258216052597304, 0.01832227573440553, 0.017720545069154096, 0.015050570434945556, 0.016558805834566644, 0.02098392745568865, 0.015510099910673465, 0.01544884904212612, 0.019803408261738077, 0.015962341777380627, 0.01651348384266575, 0.01277], "primeira_derivada": [-0.21648896313991245, -0.20370299824864982, -0.010510866876196791, 0.03945266917614741, -0.013831254858926414, -0.042351148827337315, -0.08742014447674172, -0.3806840076055174, -3.7010106138748413, -0.7929309245096701, 3.5507918702509613, 1.1383028459550975, 0.24576133962021188, 0.15217385870639952, -0.012491984812591294, -0.09939933826679798, -0.020058717650703706, 0.0024703231951723878, -0.06841614746104775, -0.021645037375297063, 0.032808367752891046, -0.04383532207683011, -0.03851776273433482, 0.07484125037922777, -0.01566413836518576, 0.0503196913505713, 0.06074169946867776, -0.13772861786085017, -0.016409047791434896, 0.06948160901685188, -0.034662690381606714, -0.005142199535111857, 0.07894392208199655, 0.06833745094737595, 0.0759605306924439, 0.03039545180235907, -0.032928620631407245, -0.08227123814902894, 0.009572098211926226, 0.08939341851114274, 0.060158793651507225, 0.021361591125207257, -0.10910016887233778, 0.019283180330152742, 0.10177678294600144, -0.07894361732904871, -0.009441896709433524, 0.0604937994533601, 0.05869948930981843, 0.1376673333396416], "segunda_derivada": [-0.4702063010644531, -3.787441916576192, -4.4710480568703375, 0.06105395113844943, 1.5041755160495007, 1.353122735807659, 6.22112775258843, 66.44523986480559, 7.580229555267633, -133.3432107457908, -35.51074539304901, 60.7715645213033, 18.132540931316857, 4.748657666976658, 4.6258261853409115, 0.1391340227065147, -1.8731381289594247, 0.8891768589175535, 0.44342349557890387, -1.8612754407105374, 0.4080259791883057, 1.3115160361936493, -2.182176809968542, -0.4202232006775266, 0.45089250852199103, -1.4049196401572646, 3.4577562448035932, 1.418616733349785, -3.810097835913043, 0.3356405964045006, 1.372152406524234, -2.088952436447363, -1.3511140907741588, 0.05485739409732406, 0.6976621328539251, 2.002209669208457, 2.0716695214885807, -0.7814860266781508, -3.156500268776652, -0.930167693576714, 1.2509417233028275, 3.1122653380946663, 0.03821697698854107, -3.8775200909422587, 1.806154622912897, 2.0450440938824097, -2.563918817735952, -1.252956243136113, -1.4190357246383798, -2.9040575474809596], "sigma": 0.00014526302775297317, "center": 5804.005756340515, "fwhm": 0.037466667020707785, "statistics": {"wv_mean": 5803.58834, "wv_std": 0.3924077426917253, "wv_min": 5802.92213, "wv_max": 5804.25455, "wv_kurt": -1.200960384153964, "wv_skew": -3.4766052626882088e-12, "int_mean": 0.026838975547016145, "int_std": 0.030329494361034093, "int_max": 0.22582252869711053, "int_min": 0.01258, "int_kurt": 34.38530846039013, "int_skew": 5.796882809115467}}