{"x": [5800.01813, 5800.016016122449, 5800.013902244898, 5800.011788367347, 5800.009674489796, 5800.0075606122455, 5800.0054467346945, 5800.0033328571435, 5800.0012189795925, 5799.9991051020415, 5799.996991224491, 5799.99487734694, 5799.992763469389, 5799.990649591837, 5799.988535714286, 5799.986421836735, 5799.984307959184, 5799.982194081633, 5799.980080204082, 5799.977966326531, 5799.97585244898, 5799.973738571429, 5799.971624693878, 5799.969510816327, 5799.967396938776, 5799.965283061225, 5799.963169183674, 5799.961055306123, 5799.958941428572, 5799.956827551021, 5799.95471367347, 5799.952599795919, 5799.950485918368, 5799.948372040817, 5799.946258163266, 5799.944144285715, 5799.942030408164, 5799.939916530612, 5799.937802653061, 5799.93568877551, 5799.933574897959, 5799.931461020408, 5799.929347142857, 5799.927233265306, 5799.925119387755, 5799.923005510204, 5799.920891632653, 5799.918777755102, 5799.916663877551, 5799.91455], "y": [0.04792, 0.048960271947139436, 0.04924204226885704, 0.049978034756630874, 0.05256318541464309, 0.058080052895045586, 0.06703848627940093, 0.07909575205861431, 0.09316651713803298, 0.10825757538746343, 0.12361151969322477, 0.13972149741323953, 0.15869453721371318, 0.183878050909121, 0.21997535502340718, 0.27125424603011605, 0.3401164036554339, 0.427524188605207, 0.5296035149286235, 0.639434366693523, 0.7474455635933444, 0.8413892718940802, 0.9111125159383314, 0.947291803910311, 0.9453369292564646, 0.9055268633391533, 0.8331335405628059, 0.7373637202914826, 0.6291698211735041, 0.5208878207470589, 0.42127807558230995, 0.33765432770436776, 0.27313595735262275, 0.2265521173020671, 0.19478427436007845, 0.17325005647768033, 0.15694260385586983, 0.1423251043905647, 0.12741447920168064, 0.11172975997637308, 0.09628928148290108, 0.08242747391469005, 0.0714820654749049, 0.06411399150584257, 0.059992237919141156, 0.05815677728749963, 0.05722099370358669, 0.05588675282082716, 0.05333690404095018, 0.0494], "primeira_derivada": [-0.49211551854358654, -0.312705499011172, -0.24073362457024958, -0.7855571256344306, -1.9163877620651932, -3.423874021943557, -4.970888487320409, -6.180119289900954, -6.897708742706982, -7.201221882752918, -7.442229094857206, -8.298261529902954, -10.444444491559436, -14.494883530038491, -20.667279209332772, -28.417220424187384, -36.9628653519815, -44.819793650089046, -50.12356983256085, -51.5266479279897, -47.76882774186325, -38.71249596953023, -25.049353489516186, -8.095174032721266, 9.878751148983142, 26.53970866039616, 39.775989619054485, 48.243976879004826, 51.20350974061878, 49.17308135813288, 43.34061189057993, 35.0403735923179, 26.27924459263447, 18.53269196130226, 12.60765099653259, 8.950771648674477, 7.314745375409345, 6.98435078089353, 7.2367825657569895, 7.362109906581828, 6.930932694768117, 5.867704114759441, 4.331727351079287, 2.717713604182752, 1.4090726815216643, 0.6554883498966936, 0.5369337655384313, 0.9187120750752791, 1.5343255851815942, 1.8624087469589783], "segunda_derivada": [-84.87247496858113, -59.45989961823685, 111.84461143538475, 396.34607423596054, 624.0467654057766, 722.4876208736437, 651.9406165878036, 455.7549358738736, 241.5235907059356, 128.79656910522522, 259.48514535293356, 710.120459746292, 1465.7003183373033, 2418.0290648392433, 3293.080265618382, 3854.430010639491, 3879.735895363799, 3112.9297140371136, 1586.3866558361321, -556.97220721301, -3030.9589012152464, -5373.88607059726, -7241.9809564128545, -8261.619653007796, -8192.263236112785, -7071.658066517243, -5133.757205690562, -2702.9758928686565, -219.76307915663983, 1859.828126369948, 3342.8397399948203, 4035.561873017418, 3904.5974123104925, 3233.7714144669844, 2266.432203741859, 1251.942341377101, 465.1217537278551, 18.440710910465132, -89.35217782901051, 72.34332727709472, 353.4750135190547, 614.7956258111211, 745.0740250097506, 691.3017899733846, 487.78257125808653, 206.2888920831395, -62.26087340211192, -235.91523056279968, -223.21460186874288, -155.20443065629956], "sigma": 0.005202274133998541, "center": 5799.968202773592, "fwhm": 0.02497924189340945, "statistics": {"wv_mean": 5799.966340000001, "wv_std": 0.030505091478737333, "wv_min": 5799.91455, "wv_max": 5800.01813, "wv_kurt": -1.2009603841499956, "wv_skew": -4.472183087539975e-11, "int_mean": 0.29040293366743863, "int_std": 0.2915286653537561, "int_max": 0.947291803910311, "int_min": 0.04792, "int_kurt": -0.1845253267653515, "int_skew": 1.1281879709364113}}