{"x": [5702.63703, 5702.6083965306125, 5702.579763061224, 5702.551129591837, 5702.5224961224485, 5702.493862653061, 5702.465229183674, 5702.436595714285, 5702.407962244898, 5702.37932877551, 5702.350695306122, 5702.322061836735, 5702.293428367347, 5702.264794897959, 5702.236161428571, 5702.207527959184, 5702.178894489795, 5702.150261020408, 5702.1216275510205, 5702.092994081632, 5702.064360612245, 5702.035727142857, 5702.007093673469, 5701.978460204082, 5701.9498267346935, 5701.921193265306, 5701.892559795918, 5701.86392632653, 5701.835292857143, 5701.806659387755, 5701.778025918367, 5701.749392448979, 5701.720758979592, 5701.692125510204, 5701.663492040816, 5701.634858571429, 5701.60622510204, 5701.577591632653, 5701.548958163265, 5701.520324693877, 5701.49169122449, 5701.4630577551015, 5701.434424285714, 5701.405790816326, 5701.3771573469385, 5701.348523877551, 5701.319890408163, 5701.291256938775, 5701.262623469387, 5701.23399], "y": [0.05593, 0.06092530439566802, 0.06576262729919038, 0.0693647926975025, 0.08237067342254815, 0.0893171190272045, 0.0928169860605084, 0.10018555508123285, 0.11552737817299871, 0.12891249435575852, 0.1474830905794729, 0.1659659237409045, 0.18950713830604987, 0.22197655237711802, 0.26426029543961493, 0.311507850464811, 0.37744287156989914, 0.45112755150678435, 0.5535692120048302, 0.6796557583999451, 0.8264056199286575, 0.9639469814311225, 1.0772570223671631, 1.1163220921347925, 1.069485043561528, 0.961395825910938, 0.8200548053350958, 0.677741337111485, 0.5566018430173996, 0.45987320894567785, 0.3815994045602098, 0.31729583507241566, 0.2676796136923886, 0.2310525504203104, 0.19879032401710092, 0.17588024304701097, 0.15546207024433123, 0.1388085968316895, 0.12468329678150841, 0.11676076732881599, 0.10280336912428938, 0.0937759615517276, 0.08726242976180432, 0.0817003720151981, 0.07473364737111111, 0.0707291545180694, 0.06574714370526957, 0.063820220542391, 0.056813819716582455, 0.05583], "primeira_derivada": [-0.17445683329832415, -0.17169814747222928, -0.1473710395956779, -0.2900110688369797, -0.34840916515296944, -0.18241437138878241, -0.18978552523298692, -0.39657073693859884, -0.5016321788571619, -0.5580132811297269, -0.6470300347443771, -0.733827381470254, -0.9780622089057229, -1.3053457847009426, -1.5634028988067699, -1.9764034633250547, -2.4380507152454753, -3.0755326581646316, -3.9905783647405073, -4.764291819273557, -4.964316743815431, -4.380387843343611, -2.660786729022641, 0.1357149338133529, 2.705335216724375, 4.355571356860192, 4.953198038235262, 4.600437319582168, 3.8044311923011085, 3.0559069892434962, 2.489697841746757, 1.9892767677708314, 1.5059873374983979, 1.2029504483403524, 0.9634233739891606, 0.7566015348312594, 0.6473481385225167, 0.5374614763918923, 0.3850010140970813, 0.3820690982500572, 0.4013625709437822, 0.27137716271790796, 0.21086493873594397, 0.21877862966918693, 0.19158030325800407, 0.15692306692072397, 0.1206443739334653, 0.1559944390196809, 0.13952588898961413, 0.03435908178894426], "segunda_derivada": [-0.09634479806733025, -0.4729743597565486, 2.0659899742185734, 3.5105443010454165, -1.8788623898626329, -2.76989906067507, 3.7396160878910436, 5.445491941619059, 2.819122999109567, 2.5389493309000524, 3.0700802959276334, 5.78051108088755, 9.979901413437656, 10.221267321339607, 11.718064435968376, 15.27317218517187, 19.193084497582586, 27.110365643971267, 29.489251516024957, 17.003499748591306, -6.703762836594292, -40.22443078048583, -78.86055853130954, -93.70366323868505, -73.68748030301003, -39.25236566801397, -4.27586960219971, 20.059861248252865, 26.9707157979695, 22.957982016538583, 18.625584748832058, 17.17763381942922, 13.730894932642327, 9.474296603044925, 7.794181478033226, 5.519331785914426, 3.826641743462959, 4.58112708718479, 2.7134745014136863, -0.28570685279772967, 1.932911692132414, 3.326485338321028, 0.9184799148205124, 0.33674989252487464, 1.0801269296362412, 1.2386890384065663, 0.016215776867007536, -0.32971057052845854, 2.1240066228646683, 3.6728628926467493], "sigma": 2.756274239956724e-07, "center": 5701.977888189234, "fwhm": 0.29027214623523767, "statistics": {"wv_mean": 5701.935509999999, "wv_std": 0.41320586549769034, "wv_min": 5701.23399, "wv_max": 5702.63703, "wv_kurt": -1.2009603841535454, "wv_skew": 3.301537849172149e-12, "int_mean": 0.3122784354989625, "int_std": 0.31408717278240394, "int_max": 1.1163220921347925, "int_min": 0.05583, "int_kurt": 0.4803349224089799, "int_skew": 1.329896887652428}}