{"x": [5750.03516, 5750.024936530613, 5750.014713061225, 5750.004489591837, 5749.9942661224495, 5749.984042653062, 5749.973819183674, 5749.963595714286, 5749.953372244899, 5749.94314877551, 5749.932925306122, 5749.922701836735, 5749.912478367347, 5749.902254897959, 5749.8920314285715, 5749.881807959184, 5749.871584489796, 5749.861361020408, 5749.851137551021, 5749.840914081633, 5749.830690612245, 5749.8204671428575, 5749.81024367347, 5749.800020204082, 5749.789796734694, 5749.779573265306, 5749.769349795918, 5749.75912632653, 5749.748902857143, 5749.738679387755, 5749.728455918367, 5749.7182324489795, 5749.708008979592, 5749.697785510204, 5749.687562040816, 5749.677338571429, 5749.667115102041, 5749.656891632653, 5749.6466681632655, 5749.636444693878, 5749.62622122449, 5749.6159977551015, 5749.605774285714, 5749.595550816326, 5749.585327346938, 5749.575103877551, 5749.564880408163, 5749.554656938775, 5749.5444334693875, 5749.53421], "y": [0.04754, 0.05024991059076466, 0.05211816107077636, 0.05192399141890685, 0.050641917007764645, 0.05071658699791982, 0.053590487017250416, 0.0581719102683396, 0.06194395955653614, 0.0636280609344316, 0.06441649336627432, 0.0665722862837387, 0.07113094050590991, 0.0775940361556418, 0.08566871352297681, 0.09671091751757543, 0.11263550649056471, 0.13381915206888254, 0.1596250495719306, 0.19293370600782564, 0.24483435321234348, 0.33284142613562373, 0.4720841982394715, 0.6591978295476482, 0.848619836122177, 0.944253037436898, 0.8776298275898202, 0.7007795400766594, 0.5130675569026022, 0.3681627241365256, 0.273334402250816, 0.21438659866913207, 0.17413151160787732, 0.14253935294468548, 0.1179265652421144, 0.1014982582695679, 0.09217348892024854, 0.08616976861634729, 0.08018322586595569, 0.07368260497750073, 0.06792678668986032, 0.06342384501806837, 0.059297607317788534, 0.05484835155799918, 0.051044001190559685, 0.04964240675008002, 0.0508490716372374, 0.052419672852508474, 0.05150471771241835, 0.0475], "primeira_derivada": [-0.2650676094381554, -0.22390447396847385, -0.08187439922080322, 0.07219878140322145, 0.05905062044976644, -0.1442059391809851, -0.36461806592689155, -0.40854392097691855, -0.2668443783089877, -0.12092440031171454, -0.143993454553022, -0.32838398028103605, -0.5390415647525628, -0.7109999778813905, -0.9349507802563211, -1.31886700810214, -1.8148552680127044, -2.2981211807534763, -2.8911200149922807, -4.16733793631932, -6.842477578891923, -11.114125567798716, -15.96113760580747, -18.415257267524236, -13.941216873951978, -1.4187938734978063, 11.907576974451938, 17.8296748814763, 16.267316080584084, 11.724647747268625, 7.5207407405279385, 4.851723367127521, 3.5138387468940424, 2.7488196146664534, 2.0071999591670595, 1.2595076751940273, 0.7496716169388816, 0.5864087131079908, 0.610710668036863, 0.5994266090740352, 0.5017259586705307, 0.42202793613588435, 0.4194023151464335, 0.4036597467172037, 0.25460754126074897, 0.009533434587117947, -0.13582796588440374, -0.03206573279170178, 0.2406068168219982, 0.3917180714828819], "segunda_derivada": [-4.026337235299206, -8.959444356411977, -14.481544578576656, -6.892230725509374, 10.583722236422874, 20.72039687847711, 12.927997912024033, -4.781825225369849, -14.066629915190335, -6.00827953268854, 10.146241559577614, 19.320648168341545, 18.712629885715764, 19.362762311376617, 29.728999382119795, 43.03355614357685, 47.89245878842543, 52.63696237371774, 91.41792696189569, 193.2493468728632, 339.7470745024111, 445.9670040131733, 357.0770069748488, -98.78841786740004, -831.2473363348238, -1264.1889395358244, -941.3863349613923, -213.2220942223785, 298.57902942157165, 427.7694297480873, 336.1346388146259, 195.96586255006673, 102.84687480890199, 73.68529853173183, 72.83789303769355, 61.50203490313183, 32.91930246767016, 6.796173766072884, -0.6366672345932137, 5.330123524277301, 8.676050477712762, 4.0262087359205685, 0.8983344460717152, 8.059630622251262, 19.27556571959068, 19.095059237643877, 2.034493663610142, -18.410324735695816, -20.726026958323782, -14.780819399970841], "sigma": 6.635287944334323e-05, "center": 5749.777698217006, "fwhm": 0.06649580066583459, "statistics": {"wv_mean": 5749.7846850000005, "wv_std": 0.1475335545111601, "wv_min": 5749.53421, "wv_max": 5750.03516, "wv_kurt": -1.2009603841528886, "wv_skew": -9.246975283335421e-12, "int_mean": 0.1893516870768909, "int_std": 0.23324703442051004, "int_max": 0.944253037436898, "int_min": 0.0475, "int_kurt": 2.963007907985549, "int_skew": 2.0197245986739234}}