{"x": [5808.2565, 5808.254924285715, 5808.253348571429, 5808.251772857143, 5808.250197142857, 5808.248621428572, 5808.247045714286, 5808.245470000001, 5808.243894285714, 5808.242318571429, 5808.240742857143, 5808.239167142858, 5808.237591428572, 5808.236015714286, 5808.23444, 5808.232864285715, 5808.231288571429, 5808.229712857144, 5808.228137142857, 5808.226561428572, 5808.224985714286, 5808.2234100000005, 5808.221834285715, 5808.2202585714285, 5808.218682857143, 5808.2171071428575, 5808.215531428572, 5808.2139557142855, 5808.21238, 5808.210804285714, 5808.209228571429, 5808.207652857143, 5808.206077142857, 5808.204501428571, 5808.202925714286, 5808.20135, 5808.199774285715, 5808.198198571428, 5808.196622857143, 5808.195047142857, 5808.193471428572, 5808.191895714286, 5808.19032, 5808.188744285714, 5808.187168571429, 5808.185592857143, 5808.184017142858, 5808.182441428571, 5808.180865714286, 5808.17929], "y": [0.02849, 0.03396346646291599, 0.04015496633672962, 0.04661940746662712, 0.05274641860004004, 0.05807879470966569, 0.06241448671332114, 0.06590963542522893, 0.06913948113741805, 0.07303120256282415, 0.07898310408939138, 0.08850566729093534, 0.10316695567978777, 0.12413313818125511, 0.15254711605963975, 0.1884753199920945, 0.23105628817987495, 0.27924571759479744, 0.3306494424889576, 0.3823236031493336, 0.4308523444803605, 0.4730077109231469, 0.5058605067612127, 0.5267947137677881, 0.5341906747636701, 0.5276269651402463, 0.5075356631978839, 0.47557364104126143, 0.43439125454728794, 0.3866086380410158, 0.33576981159427366, 0.2854139883507727, 0.23781512692858245, 0.1954448326193596, 0.15972771663341612, 0.1314630553025829, 0.11000471522351342, 0.09475985318769467, 0.08445653626212068, 0.07754569140815906, 0.07260124619894939, 0.06837588686084521, 0.06403410160874737, 0.05903132155112561, 0.05331827817646627, 0.047149484532326, 0.040993856200447897, 0.03533462281944996, 0.030678236526146443, 0.02736], "primeira_derivada": [-3.473641454645314, -3.701485238727408, -4.0159377611248015, -3.99547442555247, -3.6362516187818144, -3.0678366636722028, -2.484854261792009, -2.1339510861472206, -2.2597901157936606, -3.123543094813832, -4.910301591523502, -7.673932962460936, -11.30518115088043, -15.66913520390907, -20.416830132671258, -24.912248635706955, -28.802936685886685, -31.602542159614455, -32.70830456731567, -31.796025114189256, -28.77555550717881, -23.80132076270388, -17.067498633106922, -8.989627197749767, -0.26408701758229475, 8.458072573960562, 16.51737391790013, 23.209921145250032, 28.230055352313332, 31.294202209838833, 32.11072293343972, 31.0826288549125, 28.548689483646594, 24.77841668757389, 20.302467872529665, 15.777924293228335, 11.64652832090111, 8.106856423315001, 5.462336014068646, 3.761878080306835, 2.909729457771724, 2.7184955630497707, 2.9651839146212553, 3.400306619874744, 3.7703018649586566, 3.9107413346268864, 3.7490495002539377, 3.2733153992485766, 2.5304786827947607, 2.105861802869234], "segunda_derivada": [144.59714313279528, 172.07951703467867, 93.28759326445483, -120.48064351468524, -294.35468422008256, -365.35727560465256, -296.33721864972637, -71.41654676843356, 314.01378329325655, 841.0507856846644, 1443.9133761163232, 2029.2002230531566, 2537.008870367367, 2891.275741674067, 2932.9915698046425, 2661.049223895552, 2122.9399216971947, 1239.2373148322722, 61.39531649073677, -1247.9258125143353, -2536.8508824440696, -3715.1585733343877, -4699.993424137025, -5331.998245149903, -5536.4414513038055, -5325.032935704446, -4681.003625606702, -3716.6260211463136, -2565.275043450179, -1231.3995045762354, 67.13569740034215, 1130.2916656469233, 2000.4299711521794, 2616.6614362799564, 2856.0039332516935, 2746.6716622049425, 2434.155715319997, 1962.3456999193868, 1378.7329285807427, 809.9839481457791, 331.0823944525874, -17.59660915133809, -216.34983666982293, -255.4771374885824, -161.9693111363742, 6.743724068441934, 202.2657092866834, 386.67251680487715, 370.4521838430682, 269.4758077800796], "sigma": 0.005143827295589265, "center": 5808.218810569283, "fwhm": 0.022423639104099037, "statistics": {"wv_mean": 5808.217895, "wv_std": 0.022738927525430386, "wv_min": 5808.17929, "wv_max": 5808.2565, "wv_kurt": -1.2009603841555914, "wv_skew": 5.999580820104614e-11, "int_mean": 0.19006709373539382, "int_std": 0.16919902505372128, "int_max": 0.5341906747636701, "int_min": 0.02736, "int_kurt": -0.7437070392151104, "int_skew": 0.8874264050129682}}