{"x": [5683.75065, 5683.7425979591835, 5683.734545918367, 5683.726493877551, 5683.718441836734, 5683.710389795919, 5683.702337755102, 5683.694285714286, 5683.686233673469, 5683.678181632653, 5683.6701295918365, 5683.66207755102, 5683.654025510204, 5683.645973469388, 5683.637921428572, 5683.629869387755, 5683.621817346939, 5683.613765306122, 5683.605713265306, 5683.5976612244895, 5683.589609183673, 5683.5815571428575, 5683.573505102041, 5683.565453061225, 5683.557401020408, 5683.549348979592, 5683.541296938775, 5683.533244897959, 5683.525192857142, 5683.517140816327, 5683.5090887755105, 5683.501036734694, 5683.492984693878, 5683.484932653061, 5683.476880612245, 5683.468828571428, 5683.460776530612, 5683.452724489796, 5683.44467244898, 5683.436620408163, 5683.428568367347, 5683.420516326531, 5683.412464285714, 5683.404412244898, 5683.396360204081, 5683.388308163266, 5683.380256122449, 5683.372204081633, 5683.364152040816, 5683.3561], "y": [0.04407, 0.0468993856584438, 0.04554292038107707, 0.04898242357987222, 0.05822912379115416, 0.06225026299289516, 0.060091294588277756, 0.06288288132150789, 0.07173456576195651, 0.08063744361467931, 0.08847262213238634, 0.09833731589588598, 0.11704563196048254, 0.1400483891640341, 0.15766391758901513, 0.18540740401815656, 0.23489728704032511, 0.2914832040459713, 0.3611729670388265, 0.4649144656352505, 0.5961566261155783, 0.7350938297838037, 0.8465632086926199, 0.876549276259277, 0.8112098996908612, 0.6907023660632725, 0.5594508889664341, 0.4427402915688056, 0.34999895352513927, 0.279276380317386, 0.2285868934462266, 0.19261917512690782, 0.16328910784652595, 0.1410616829348056, 0.126055836107261, 0.10963313688211056, 0.09283395171650642, 0.08662503311372838, 0.08512578063413358, 0.07661256981086352, 0.06832394099557833, 0.06457142820201674, 0.058557760529478926, 0.05452892479198433, 0.0545283556520939, 0.050311241315482494, 0.04507374313320577, 0.04472903130919068, 0.04500535962439095, 0.04394], "primeira_derivada": [-0.35138739643096056, -0.0914625505915371, -0.12934844525229447, -0.7877632329048401, -0.8238805363906732, -0.11563346732093774, -0.03928310493168985, -0.7230012514287106, -1.1024883441305395, -1.0393673325811144, -1.099092309931787, -1.7742712983872977, -2.590093258429242, -2.522235452899593, -2.8166160535057245, -4.795887850794612, -6.58688911581711, -7.841222050236074, -10.769397817459833, -14.591559111141983, -16.777073683746433, -15.549261876566824, -8.783825721965101, 2.195301154558738, 11.540360663387032, 15.633242333451905, 15.39746755805527, 13.006139699001384, 10.15046464537007, 7.539210422152719, 5.381070908978463, 4.054735134129048, 3.201517066757305, 2.312039431249317, 1.951588843696402, 2.0629480865853984, 1.4287125645657823, 0.4786470448009056, 0.6217345099906425, 1.0433280221491064, 0.7477074373658095, 0.6064413164773476, 0.6235998822516862, 0.25021016219635656, 0.2619015211727453, 0.5870941749401812, 0.3466332407863753, 0.004246346384336697, 0.04899573457079022, 0.13230926775931331], "segunda_derivada": [-32.28061702181271, -13.787743768349616, 43.23752811162285, 43.12770557003104, -41.73660944749371, -48.72040824120077, 37.71514563537027, 66.02085505008944, 19.645086777663312, -0.21088033929359593, 45.634639873281785, 92.58528256921598, 46.445626121742734, 14.066172803474238, 141.18485299115497, 234.11909777051272, 189.10325151511208, 259.71730627001483, 419.16932705592524, 373.0529938461362, 59.46956723839905, -496.34919546826364, -1101.8674293665804, -1262.0518728532866, -834.4431855996575, -239.5111365304001, 163.13271966328892, 325.8182013914982, 339.4747618515032, 296.1605539135295, 216.37218237334503, 135.34170354500668, 108.21453483706739, 77.61561643535686, 15.467590784898984, 32.46855617418227, 98.37885065359833, 50.11015673028769, -35.06446317283041, -7.822422305535552, 27.128942564467273, 7.706590039929317, 22.12055070273473, 22.460042697533677, -20.91916946540636, -5.261505843676501, 36.192553033636734, 18.48211608714061, -7.952202695840028, -10.346884111472221], "sigma": 1.7987550799958285e-06, "center": 5683.565796369208, "fwhm": 0.06895122706299514, "statistics": {"wv_mean": 5683.5533749999995, "wv_std": 0.11619795175619028, "wv_min": 5683.3561, "wv_max": 5683.75065, "wv_kurt": -1.2009603841541712, "wv_skew": 1.174064276843156e-11, "int_mean": 0.2148103636073173, "int_std": 0.2354525444052061, "int_max": 0.876549276259277, "int_min": 0.04394, "int_kurt": 1.2946911822085179, "int_skew": 1.5854858857088934}}