{"x": [5702.36584, 5702.349101836735, 5702.332363673469, 5702.315625510205, 5702.298887346939, 5702.282149183674, 5702.2654110204085, 5702.248672857143, 5702.2319346938775, 5702.215196530613, 5702.1984583673475, 5702.181720204082, 5702.1649820408165, 5702.148243877551, 5702.1315057142865, 5702.114767551021, 5702.098029387756, 5702.08129122449, 5702.064553061225, 5702.047814897959, 5702.031076734695, 5702.014338571429, 5701.997600408164, 5701.980862244898, 5701.964124081633, 5701.947385918368, 5701.930647755103, 5701.913909591837, 5701.897171428572, 5701.880433265306, 5701.863695102042, 5701.846956938776, 5701.830218775511, 5701.813480612245, 5701.79674244898, 5701.780004285714, 5701.76326612245, 5701.746527959184, 5701.729789795919, 5701.713051632653, 5701.696313469388, 5701.679575306123, 5701.662837142858, 5701.646098979592, 5701.629360816327, 5701.612622653061, 5701.595884489796, 5701.579146326531, 5701.562408163266, 5701.54567], "y": [0.05418, 0.05943211489595843, 0.06221082984454622, 0.06820185403578759, 0.08163091480814655, 0.08299700057896243, 0.0921727769943838, 0.10304294202785844, 0.11475810940686662, 0.1311714736999188, 0.14797301455556022, 0.16882353602970082, 0.19220599949507458, 0.22478345922566384, 0.2662035710552364, 0.3122023998710243, 0.37526515352697887, 0.4556271006785424, 0.550897180895599, 0.6674417538866944, 0.8020984068644301, 0.9354418592426419, 1.0430926543460834, 1.0835804989514206, 1.038641055857759, 0.9257457637562085, 0.7966918436056368, 0.6669180944415758, 0.5516333509938922, 0.45714741023230826, 0.38386357312387864, 0.3219663312121421, 0.27395348306212775, 0.2353158505789623, 0.20377341016992137, 0.1785803841808699, 0.1529542264855696, 0.13978156429870525, 0.12570929321633798, 0.11326398209635677, 0.10354701677312014, 0.09171053282882961, 0.0862671277123861, 0.08148231495076416, 0.07348875426735182, 0.06912695793143622, 0.06676022503032984, 0.05877515908052894, 0.05799345033208599, 0.05426], "primeira_derivada": [-0.313780837996277, -0.2398957913474376, -0.2619683832979961, -0.5801139783415733, -0.44195848458756476, -0.3149049874541216, -0.5988094730276324, -0.674665793799252, -0.8402514429659169, -0.992190858184301, -1.124736977785698, -1.3213213492414213, -1.6716267582177775, -2.210444789806028, -2.611365992231177, -3.257871868674967, -4.284361985624062, -5.246454601470974, -6.32729678426201, -7.503846807786716, -8.005660511032929, -7.198945417708346, -4.425176088895016, 0.13297750827616872, 4.7148164555510945, 7.2274719878551466, 7.731662823738383, 7.320351962310377, 6.266239636997209, 5.011594618050127, 4.0381097041481055, 3.2832183650781515, 2.588410665461814, 2.0964090198885303, 1.6947936729451885, 1.5180633286856096, 1.1589927540990488, 0.8138567188382217, 0.7921293926272408, 0.6620283268754564, 0.6438415292726096, 0.5161823548718931, 0.3055358498971119, 0.38171372934907355, 0.3690774436647616, 0.20099365534633187, 0.30922744291012777, 0.2618798299263275, 0.13487618112325497, 0.2230501801704479], "segunda_derivada": [-4.414166923634327, -1.5477341771770143, 10.162948634429425, 5.376638357499583, -7.9222847417950195, 4.6854301141757, 10.746722942034134, 7.212319718386687, 9.485062947398436, 8.498110883359253, 9.83173857958636, 16.33661267841161, 26.559767235593196, 28.071754921205468, 31.288590697942226, 49.97549512627689, 59.40265670899717, 61.02625378413319, 67.43249454891824, 50.1358392852655, -9.107970368397773, -106.95571447566657, -219.01814463444921, -273.02853961581775, -211.92571631817864, -90.11879978768113, -2.7744972068358216, 43.774910170820824, 68.9668665445142, 66.5583761363423, 51.62980625790166, 43.30520068700552, 35.452197662505185, 26.69399797168861, 17.276259110100106, 16.005367804182868, 21.035958327612995, 10.95888944483462, 4.535395836291012, 4.429633676131014, 4.356689849846842, 10.105818482561594, 4.016827395876895, -1.8981053285196392, 5.398443997004509, 1.7878305942352957, -1.8187830294153682, 5.208195756796766, 1.1599136996105694, -5.267841975772748], "sigma": 9.296053624630041e-05, "center": 5701.980353668331, "fwhm": 0.17413557810785985, "statistics": {"wv_mean": 5701.955755000002, "wv_std": 0.24154625292588802, "wv_min": 5701.54567, "wv_max": 5702.36584, "wv_kurt": -1.2009603841535745, "wv_skew": -1.694393947644078e-11, "int_mean": 0.3076957152227233, "int_std": 0.30466309714590606, "int_max": 1.0835804989514206, "int_min": 0.05418, "int_kurt": 0.3943173041964019, "int_skew": 1.2930323966713049}}