{"x": [5763.6437, 5763.624521428571, 5763.605342857142, 5763.5861642857135, 5763.566985714286, 5763.547807142857, 5763.528628571428, 5763.50945, 5763.490271428571, 5763.471092857142, 5763.451914285714, 5763.432735714286, 5763.413557142857, 5763.394378571428, 5763.3751999999995, 5763.356021428571, 5763.336842857143, 5763.317664285714, 5763.298485714286, 5763.279307142857, 5763.260128571428, 5763.240949999999, 5763.221771428572, 5763.202592857143, 5763.183414285714, 5763.1642357142855, 5763.145057142857, 5763.125878571428, 5763.1067, 5763.087521428572, 5763.068342857143, 5763.049164285714, 5763.029985714285, 5763.010807142857, 5762.991628571429, 5762.97245, 5762.9532714285715, 5762.934092857143, 5762.914914285714, 5762.895735714285, 5762.876557142858, 5762.857378571429, 5762.8382, 5762.819021428571, 5762.799842857143, 5762.780664285714, 5762.761485714286, 5762.7423071428575, 5762.723128571429, 5762.70395], "y": [0.05589, 0.0641054357107643, 0.06665101162631182, 0.07202696922259648, 0.08169461667760501, 0.09002431876599368, 0.09850236606472958, 0.10736373016928781, 0.1239762399948432, 0.13968821263446263, 0.15742124521195425, 0.17899793944957293, 0.2061551069505834, 0.24122994387710076, 0.2809133583550962, 0.3319844055309022, 0.398130374469589, 0.4765604543453378, 0.5810576537854508, 0.699987390314835, 0.8340952722530446, 0.9678092316027657, 1.065957017759399, 1.1116183757023412, 1.082231048839866, 0.9951919591564361, 0.8646321595205957, 0.735155352570479, 0.6137786942818382, 0.5129394445974046, 0.4320736488948546, 0.3596174129922943, 0.31132322595715944, 0.266764914759516, 0.22920311532784002, 0.19840851033151616, 0.17900186045362143, 0.1545482835891267, 0.13749746225159998, 0.1267041529985074, 0.1104954728615224, 0.10267693461957811, 0.10096023543220865, 0.08807532664213676, 0.07987080194342444, 0.07318967714320163, 0.07076168558531343, 0.06791328982191608, 0.06317097147386866, 0.05583], "primeira_derivada": [-0.42836536294176847, -0.28054778913830786, -0.20652042675017718, -0.3921982695001285, -0.46920464359721653, -0.43819085925146184, -0.4520516939373462, -0.6641233426797033, -0.8427239376334467, -0.8719368213170513, -1.0248345910998073, -1.2705289838656482, -1.622435869607192, -1.9490046920960484, -2.366038106413394, -3.0559371054560382, -3.7692079766022193, -4.769053836877964, -5.824910807356136, -6.596883907859563, -6.982319884550835, -6.044812732108673, -3.7492141851530256, -0.4242764155025758, 3.03532557100714, 5.672969181466781, 6.779352871837914, 6.5399413657362615, 5.793338383005986, 4.737189265175596, 3.9972224254300834, 3.148055719023194, 2.4207355218798057, 2.1409339829225007, 1.7821036536456973, 1.3087850432662125, 1.1434695984897447, 1.0820513497655129, 0.7259177435118047, 0.7039624794549425, 0.6264079279525944, 0.2485909199430597, 0.38067506831041775, 0.5498176328507165, 0.38808024764167287, 0.2374816182786813, 0.13755944599480954, 0.1978957124012197, 0.3150205912580942, 0.3827694623218431], "segunda_derivada": [-7.707434015766925, -5.783666865288123, 2.910813268257238, 6.848378092959111, 1.1990619302220826, -0.44719049392260884, 5.890232342592941, 10.185123671705188, 5.41785605382075, 4.747763777599602, 10.391602003300084, 15.579921599706939, 17.688379730273038, 19.386278054397067, 28.858573160013616, 36.58170983792677, 44.66226115512376, 53.593742328390725, 47.65292550010529, 30.174538325154764, -14.392917058577895, -84.28953406389918, -146.53167306104223, -176.87813144423188, -158.9598479645271, -97.60965030027964, -22.602626777811125, 25.706150547251493, 46.99912366529695, 46.82611434986969, 41.42992485283436, 41.10021722447598, 26.256432598337636, 16.649620401163098, 21.694758203686526, 16.649677415490512, 5.911120500906409, 10.885895660425895, 9.857065520129504, 2.59429686750812, 11.871884233279745, 6.406443268092157, -7.8532103923213565, -0.19305867902573323, 8.142838368671763, 6.531268571906475, 1.0320347901183957, -4.626547548729873, -4.819799811675849, -3.532529589890491], "sigma": 0.00010660416448371457, "center": 5763.19910532606, "fwhm": 0.2082686403272367, "statistics": {"wv_mean": 5763.173825, "wv_std": 0.27676346511939715, "wv_min": 5762.70395, "wv_max": 5763.6437, "wv_kurt": -1.2009603841537964, "wv_skew": -1.3092541533577437e-17, "int_mean": 0.32887712625040794, "int_std": 0.3184178683226736, "int_max": 1.1116183757023412, "int_min": 0.05583, "int_kurt": 0.1956667341449756, "int_skew": 1.227641238898049}}