{"x": [5468.21711, 5468.213535714285, 5468.209961428571, 5468.206387142856, 5468.202812857143, 5468.199238571428, 5468.195664285714, 5468.19209, 5468.188515714285, 5468.184941428571, 5468.181367142857, 5468.177792857143, 5468.174218571428, 5468.170644285714, 5468.1670699999995, 5468.163495714285, 5468.159921428572, 5468.156347142857, 5468.152772857143, 5468.149198571428, 5468.145624285714, 5468.1420499999995, 5468.138475714286, 5468.1349014285715, 5468.131327142857, 5468.127752857143, 5468.124178571428, 5468.120604285714, 5468.11703, 5468.113455714286, 5468.1098814285715, 5468.106307142857, 5468.102732857143, 5468.099158571428, 5468.095584285715, 5468.09201, 5468.088435714286, 5468.0848614285715, 5468.081287142857, 5468.077712857143, 5468.074138571429, 5468.070564285715, 5468.06699, 5468.063415714286, 5468.059841428571, 5468.056267142857, 5468.0526928571435, 5468.049118571429, 5468.045544285715, 5468.04197], "y": [0.0603, 0.06524454177878683, 0.07057058884911176, 0.07576078285646547, 0.08039917941051242, 0.08416874351598023, 0.08697086311367243, 0.08907934709936742, 0.09103525857707305, 0.09370954367381291, 0.09823924155487382, 0.10584370467607875, 0.11782474080713835, 0.1353983600913439, 0.15945287853082213, 0.19077708868844798, 0.2293024606557287, 0.2748516167346358, 0.326069173697111, 0.3809500138666597, 0.43678119463305703, 0.4894120665500758, 0.5346629701832295, 0.5680637565349219, 0.5857782793591656, 0.585785312938779, 0.5680412174257115, 0.534776330138449, 0.48951157007308865, 0.4369789269638603, 0.38150708903949426, 0.32673172129992745, 0.2759233291298977, 0.23082100857535048, 0.19260634703822047, 0.16182964918086612, 0.13810457730502868, 0.1209054146640175, 0.10919867375946916, 0.10174021843132218, 0.09726176353666015, 0.09446026295630382, 0.0922098114178923, 0.08965589449320245, 0.08625071704821179, 0.08180663588919261, 0.07641305171242203, 0.07047004655038015, 0.06446502299176428, 0.05892], "primeira_derivada": [-1.3833650060029452, -1.4367330523791497, -1.4710968733204541, -1.3749027565137033, -1.1761735535942612, -0.9193002781849221, -0.6869349536851557, -0.5685605164413299, -0.6477093529154252, -1.0077514158494518, -1.6974246007882188, -2.739778072754725, -4.134344282553982, -5.8232806565692, -7.746824543665275, -9.771124598680844, -11.76102510743098, -13.536510616785737, -14.841902076258378, -15.487293095967182, -15.172549335633219, -13.692494582581249, -11.002434651140407, -7.15042294600255, -2.4790346687108253, 2.481203707623201, 7.135549152453094, 10.985362340476147, 13.680691892150817, 15.108540511719745, 15.42227097558412, 14.76991045841556, 13.416766367836695, 11.655053451115082, 9.651069460521537, 7.624148443602267, 5.724812981755871, 4.043591622926342, 2.6809826863264115, 1.6698315660895588, 1.0183790633428695, 0.7067079302564392, 0.6720739256681193, 0.8336063266622677, 1.0980177902874253, 1.3761722093660078, 1.5858538245157978, 1.6713869112995368, 1.6157139458351595, 1.5513653453587621], "segunda_derivada": [14.93110809829128, 12.272643309337445, -8.649321963263231, -41.256259757546445, -63.733360283495955, -68.43865306222447, -49.064315190086496, -5.487194352072106, 61.437575854119274, 146.8426605868393, 242.28990006832768, 340.8960386033707, 431.3452854892449, 505.34296216664575, 552.2563467972077, 561.5388478990425, 526.7326564565735, 430.97799322487964, 272.89123408776277, 46.253613419984156, -251.07093511639732, -583.3493763800011, -915.1579028804657, -1192.322139783009, -1347.3498515751485, -1344.9657623020012, -1189.630504150888, -915.587513628569, -576.7835172118591, -243.62617073481724, 47.370311211816635, 280.5462081074932, 435.7313958887989, 526.7761461542564, 563.8756006216685, 549.2365177920897, 500.87725307313866, 425.795604860057, 332.06075933706234, 232.57844448288608, 134.72952540834564, 48.443964101343184, -17.751574236752074, -59.58447346566622, -75.89850477182216, -68.24245083739842, -41.29702065785688, -4.1770753242924785, 16.78958756102166, 18.003205568252568], "sigma": 0.004739943153089454, "center": 5468.129724548432, "fwhm": 0.04993714943840065}