{"x": [5578.11611, 5578.081711428571, 5578.047312857143, 5578.012914285714, 5577.978515714286, 5577.944117142857, 5577.909718571428, 5577.87532, 5577.840921428571, 5577.806522857143, 5577.772124285714, 5577.737725714285, 5577.703327142857, 5577.668928571428, 5577.63453, 5577.600131428571, 5577.565732857143, 5577.531334285714, 5577.496935714285, 5577.462537142857, 5577.4281385714285, 5577.39374, 5577.3593414285715, 5577.324942857143, 5577.2905442857145, 5577.256145714286, 5577.221747142858, 5577.187348571429, 5577.15295, 5577.118551428572, 5577.084152857143, 5577.049754285715, 5577.015355714286, 5576.980957142857, 5576.946558571429, 5576.91216, 5576.877761428572, 5576.843362857143, 5576.808964285715, 5576.774565714286, 5576.740167142857, 5576.705768571429, 5576.67137, 5576.636971428572, 5576.602572857143, 5576.568174285714, 5576.533775714286, 5576.499377142857, 5576.464978571429, 5576.43058], "y": [0.08515, 0.08946545289778982, 0.14990889596983634, 0.10733433627730168, 0.11589673650194712, 0.1288658626235867, 0.14452801855327294, 0.15623329720743764, 0.17335238612473416, 0.20143077148907193, 0.22420032059411002, 0.2615189392861248, 0.30629223510826564, 0.35742429102169504, 0.42456560609716104, 0.5037418382337164, 0.6120795387416608, 0.7413985652935313, 0.9011194627416137, 1.0988918374005276, 1.3087251926711014, 1.500222434098054, 1.6293009921469062, 1.6822779505307441, 1.6475559106570492, 1.5336812285153938, 1.3586840032472667, 1.1551743722430372, 0.9651335453055516, 0.7988696839399246, 0.6675334830187875, 0.5631885979285641, 0.4756091579544428, 0.4076414309652377, 0.3490996911098754, 0.30767549866164023, 0.27536329973059015, 0.2394267385624532, 0.2101247670150218, 0.19498253417849043, 0.17534014801529071, 0.15601881138280224, 0.14530356752335696, 0.1344759697471376, 0.12136439379648255, 0.10933344511948297, 0.10445281381904832, 0.09544904634263401, 0.09383653738701708, 0.08471], "primeira_derivada": [-0.1254544220449656, -0.9413021134391458, -0.25973292839591716, 0.4943833138332961, -0.31297122892226426, -0.41616963818503305, -0.39779899930946216, -0.41897623032673526, -0.6569673158608254, -0.7390995084649472, -0.8734108031373701, -1.1932459852995803, -1.394031027348984, -1.7191610883433774, -2.1267968571925584, -2.7256063966835926, -3.4544563508098265, -4.201336160094154, -5.196338935909777, -5.924747932874653, -5.833535813135786, -4.6597254793314145, -2.646265656828091, -0.2653441371554695, 2.1599257737242743, 4.198893957127984, 5.501781622811022, 5.720447704561431, 5.179062291059061, 4.3257619419675315, 3.4257394453336514, 2.789713599929147, 2.2609538783415006, 1.8388767555011767, 1.4530535448461057, 1.071794384435251, 0.9920289893590718, 0.9482738672913256, 0.6460181707889489, 0.5056113895833027, 0.5663566999678579, 0.4365963359028172, 0.31313570216795034, 0.34796755697610626, 0.36545884877218704, 0.2458180569009199, 0.20181650284105115, 0.15431275182609408, 0.15609727230913262, 0.26531733754906717], "segunda_derivada": [23.717487602053644, 1.95180353100022, -20.868387372675404, 0.7738446440578743, 13.235330919358669, 1.2330129837287, 0.04079518458400702, 3.767137787832183, 4.6531478611513455, 3.1461115721992647, 6.601240370880449, 7.567468685349682, 7.644432329656709, 10.6511084532544, 14.629173052036384, 19.29817778010892, 21.450451314216917, 25.319112287823245, 25.05063002926744, 9.261967151031122, -18.387717876210633, -46.32852505131323, -63.874474427726064, -69.8603347604829, -64.88987636543212, -48.57550343383775, -22.116525254498953, 4.690882765562702, 20.2724372652155, 25.48540205180766, 22.32721125108275, 16.930725879326573, 13.820876927872783, 11.74322508094679, 11.149916104230517, 6.701216596240632, 1.7954309149252656, 5.029435877729784, 6.43431484688765, 1.1579183017187253, 1.0031674400196113, 3.68069061132922, 1.2882624953041597, -0.7605424357959256, 1.4847927665573661, 2.378621249887675, 1.3300742047540042, 0.6645512972387878, -1.6135057520304337, -3.1751337541899876], "sigma": 0.0362567254208126, "center": 5577.318461360274, "fwhm": 0.38124315570895556, "statistics": {"wv_mean": 5577.273345, "wv_std": 0.4964013017961301, "wv_min": 5576.43058, "wv_max": 5578.11611, "wv_kurt": -1.2009603841537582, "wv_skew": 2.7482296609109906e-12, "int_mean": 0.5054790727555354, "int_std": 0.49288374686227004, "int_max": 1.6822779505307441, "int_min": 0.08471, "int_kurt": 0.08381726958007762, "int_skew": 1.2015826970547865}}