{"x": [5597.83311, 5597.831687959183, 5597.830265918367, 5597.828843877551, 5597.827421836734, 5597.825999795918, 5597.824577755102, 5597.823155714285, 5597.821733673469, 5597.820311632653, 5597.8188895918365, 5597.81746755102, 5597.816045510203, 5597.814623469388, 5597.813201428571, 5597.8117793877545, 5597.810357346939, 5597.808935306122, 5597.807513265306, 5597.806091224489, 5597.8046691836735, 5597.803247142857, 5597.80182510204, 5597.800403061225, 5597.798981020408, 5597.7975589795915, 5597.796136938775, 5597.794714897959, 5597.793292857143, 5597.791870816326, 5597.79044877551, 5597.789026734694, 5597.787604693877, 5597.786182653061, 5597.784760612245, 5597.783338571428, 5597.781916530612, 5597.780494489796, 5597.77907244898, 5597.777650408163, 5597.776228367346, 5597.774806326531, 5597.773384285714, 5597.771962244898, 5597.770540204082, 5597.769118163265, 5597.767696122449, 5597.766274081632, 5597.764852040817, 5597.76343], "y": [0.01908, 0.024024762412477047, 0.029576786056111654, 0.03566357789713423, 0.042264295558201784, 0.04940190121419198, 0.05698934737218878, 0.06491980883473901, 0.07313860168272728, 0.08162863693523899, 0.09027826066280287, 0.0989398802860258, 0.10752889225537526, 0.1160126694732059, 0.1242424081511656, 0.13206617016533634, 0.13940415876906923, 0.1462116713510907, 0.15234185499104527, 0.15767740303683786, 0.1621616662055523, 0.16575975791506736, 0.16838981243208115, 0.16999922997208972, 0.17057254914046316, 0.17011145279810772, 0.16861410320467865, 0.16611870836335718, 0.16267158966406758, 0.15831211881109905, 0.15309683919368303, 0.14716293418064028, 0.14058213389771246, 0.13339212730182265, 0.12573948304415955, 0.11777388698255238, 0.10956597226781824, 0.10116988340868766, 0.09272907221488386, 0.08437681488530425, 0.07617404131253447, 0.06816267726734562, 0.060447221853361946, 0.05314414361283501, 0.04627452526899151, 0.03983613914338377, 0.033905863031423476, 0.02855096779127835, 0.023770517222852557, 0.01952], "primeira_derivada": [-3.477229594840201, -3.69074710693786, -4.092293045562397, -4.461021566391472, -4.83049542491827, -5.177436416391463, -5.456210343823902, -5.678196477297967, -5.874946735371125, -6.026430038343407, -6.086760361928304, -6.065448822376208, -6.002918127807054, -5.87659499864079, -5.644528801485941, -5.330982924679118, -4.973662157009637, -4.548989055428777, -4.031435508769464, -3.452717778268518, -2.8418153637324486, -2.1898619765059273, -1.4906295265767502, -0.7674662652553048, -0.0394583702203509, 0.6886039813177794, 1.403878281649625, 2.089431426029634, 2.7448542479398945, 3.366552619946799, 3.9201352394548676, 4.400262337786715, 4.841916883916204, 5.218785102811897, 5.491488057932257, 5.686725228906231, 5.838089661563287, 5.919977774910312, 5.9045662851611525, 5.8208705085494925, 5.701009926760443, 5.529665281353393, 5.280626786313798, 4.9832242589928315, 4.679192157693418, 4.348912525355193, 3.967949168737329, 3.563662060066282, 3.1753546342980754, 2.989026175127581], "segunda_derivada": [150.14865228088985, 216.26082871475225, 270.8341598637516, 259.55738075510726, 251.89672534287152, 220.0059631942501, 176.07091696268526, 147.2307920650128, 122.44147885807446, 74.47522748839462, 13.719291168690036, -29.479545574150997, -66.40239210932727, -126.01232055281463, -191.8412142608151, -235.8816416764444, -274.95479046163945, -331.29381282715235, -385.45703624669466, -418.27918423601517, -444.0293792709263, -475.0868686057963, -500.124783734395, -510.24244167343244, -511.96499762805325, -507.4877721663583, -492.54122273733395, -471.49700314005986, -449.0451958299252, -413.23743249462365, -363.4599324152061, -324.1051992724336, -287.79861853566945, -228.39399778507553, -164.531186724268, -121.86767060069396, -82.01330909752286, -23.373669322332006, 34.8468430741972, 71.57191130789569, 102.38989763665957, 147.80980112532097, 192.13267860882277, 211.46883472017504, 223.02866642278377, 250.07826099796404, 276.0998334697352, 278.68206223496634, 202.04619952650665, 131.02891070231482], "sigma": 0.014650969527752578, "center": 5597.798304753436, "fwhm": 0.04050795538634589}