{"x": [5597.94799, 5597.942109591836, 5597.936229183673, 5597.93034877551, 5597.924468367347, 5597.918587959183, 5597.9127075510205, 5597.906827142857, 5597.900946734693, 5597.8950663265305, 5597.889185918367, 5597.883305510204, 5597.87742510204, 5597.871544693878, 5597.865664285714, 5597.85978387755, 5597.853903469388, 5597.848023061224, 5597.842142653061, 5597.836262244898, 5597.830381836735, 5597.824501428571, 5597.818621020408, 5597.812740612245, 5597.806860204081, 5597.8009797959185, 5597.795099387755, 5597.789218979592, 5597.783338571428, 5597.777458163265, 5597.771577755102, 5597.765697346938, 5597.759816938776, 5597.753936530612, 5597.748056122449, 5597.742175714286, 5597.736295306122, 5597.730414897959, 5597.724534489796, 5597.718654081633, 5597.712773673469, 5597.7068932653065, 5597.701012857143, 5597.695132448979, 5597.689252040816, 5597.683371632653, 5597.67749122449, 5597.671610816326, 5597.665730408164, 5597.65985], "y": [0.07209, 0.07476734498068327, 0.07754936085406935, 0.08041231919094338, 0.08345539790670296, 0.08687433443703645, 0.09102897173908142, 0.0963425830857917, 0.10321153838838967, 0.11186502071418832, 0.1223362687264107, 0.13448391184695252, 0.14813393262305097, 0.16333743704441356, 0.1806411762075031, 0.20120822753557147, 0.22683917490063027, 0.2597080281680116, 0.3019101577036528, 0.3548119596031404, 0.41832501918248644, 0.4901491311816595, 0.5650469359289413, 0.6347676216932854, 0.6888741981179064, 0.7173866511405174, 0.7143697862062162, 0.6806149378190249, 0.623273301390199, 0.5526984119461509, 0.4789039245441017, 0.4093589917385597, 0.34842479340958393, 0.2977414146666935, 0.256988787673874, 0.2246556707923376, 0.1989414929945319, 0.1780072545414214, 0.16050099522078692, 0.14561397739127185, 0.13295042071302693, 0.1222995619942836, 0.1134631960750679, 0.1060699512724201, 0.09964771347625409, 0.09370588758555877, 0.08792742875775171, 0.0822476773065328, 0.07690802004758304, 0.07231], "primeira_derivada": [-0.4552991741685993, -0.4641991425221622, -0.4799814956377631, -0.5021791760647393, -0.5494529517984914, -0.6439666790294395, -0.805067300261478, -1.0358606333331808, -1.3198435548704466, -1.6261397004485612, -1.9232415935292009, -2.1935266380072904, -2.453360752920266, -2.764029526719036, -3.220081790008226, -3.92812857637074, -4.9741275612977045, -6.383143883863948, -8.086507670539206, -9.898535802964961, -11.507464092851707, -12.47548747155599, -12.296637112439056, -10.528798235811646, -7.024940034295662, -2.167841702544709, 3.126629334308282, 7.745762053237074, 10.876500602767424, 12.27545544795122, 12.187880180221265, 11.0943940891053, 9.490631770299798, 7.774630875797546, 6.214342767209102, 4.935651834355884, 3.9664267306220276, 3.268522924509877, 2.7543391760546103, 2.3425733166112974, 1.9823807081043994, 1.6569619061422862, 1.3799731472887204, 1.1747043925698621, 1.0512929837294687, 0.9965536739321925, 0.9742699793141224, 0.9369595106629968, 0.8449819324392065, 0.7819219209998707], "segunda_derivada": [1.5134949999867964, 2.098691177906272, 3.2293705205959746, 5.9070267090951285, 12.055923588108774, 21.734405280140912, 33.32200277836867, 43.77045268653688, 50.1903142378836, 51.30579561088489, 48.24383969722692, 45.07503090594858, 48.50878313878251, 65.19284170502142, 98.98114359203923, 149.14319912930546, 208.745314896646, 264.6398024479414, 298.9071354863216, 290.87746355133567, 219.11333338395488, 67.10189136749989, -165.5233090730896, -448.24244608903155, -710.9163429844745, -863.1687705068368, -842.9350038857004, -658.9569170527254, -385.1512742530449, -111.50412871525043, 100.42341671437185, 229.34193809913432, 282.2731961096523, 278.5766661230799, 241.39302601572783, 191.13605501769354, 141.75282255753092, 103.06151553850592, 78.73174635174843, 65.6381705594905, 58.29624334245962, 51.22157715056823, 41.00544555339508, 27.947053540987728, 15.147819138878024, 6.549120594846513, 5.067179149417512, 10.993118444069546, 13.18255343511164, 10.72374734617308], "sigma": 2.2178669367711734e-07, "center": 5597.79847465487, "fwhm": 0.07862404558684287}