{"x": [5621.17812, 5621.172008979592, 5621.165897959183, 5621.159786938775, 5621.153675918367, 5621.147564897959, 5621.141453877551, 5621.135342857143, 5621.129231836734, 5621.123120816326, 5621.117009795918, 5621.11089877551, 5621.104787755102, 5621.098676734693, 5621.092565714285, 5621.086454693877, 5621.080343673469, 5621.074232653061, 5621.068121632653, 5621.062010612244, 5621.055899591836, 5621.0497885714285, 5621.04367755102, 5621.037566530612, 5621.031455510204, 5621.025344489795, 5621.0192334693875, 5621.01312244898, 5621.007011428571, 5621.000900408163, 5620.994789387755, 5620.988678367346, 5620.982567346939, 5620.976456326531, 5620.970345306122, 5620.964234285714, 5620.958123265306, 5620.952012244898, 5620.94590122449, 5620.939790204081, 5620.933679183673, 5620.927568163265, 5620.9214571428565, 5620.915346122449, 5620.909235102041, 5620.903124081632, 5620.897013061224, 5620.890902040816, 5620.884791020408, 5620.87868], "y": [0.06499, 0.06815811314346791, 0.07097089331084826, 0.07333168089888877, 0.07541424622719431, 0.07771622871567287, 0.08088497162194815, 0.08560604063079319, 0.09230598763422822, 0.10106825012426382, 0.1115805789604839, 0.12328527782497074, 0.13572388896085216, 0.14883529027627834, 0.16334208467548186, 0.18084798208298827, 0.2036366753030104, 0.2343039642197551, 0.27502914190343164, 0.32688605693913836, 0.3890694550741471, 0.45822342694916895, 0.5279133878969611, 0.5888704390270054, 0.6306659290937013, 0.6448796143155243, 0.6286694306698668, 0.5860390055771153, 0.5259015923907063, 0.4584411614390079, 0.3921461992019496, 0.33250076985743077, 0.28210547335086616, 0.24131769290000046, 0.20910746148796366, 0.18375789669771392, 0.16349532739064185, 0.1468628878996816, 0.13291837041214385, 0.12114444647778486, 0.11130273482232952, 0.10322461472388249, 0.0966152240788254, 0.09109860471865489, 0.08621921072016167, 0.08159300027309897, 0.07704101660726412, 0.07260775541723406, 0.0685236550872505, 0.06508], "primeira_derivada": [-0.5184262090504229, -0.48935307945683076, -0.42329818997133994, -0.3635524527657643, -0.3587410549988095, -0.44761144859910384, -0.6455396471098483, -0.9344606341660974, -1.2651086447424635, -1.5770354245191005, -1.8177837919293545, -1.9753910466069624, -2.0904865917821374, -2.2597040976272984, -2.619259114699023, -3.2968790754498287, -4.3737361819460645, -5.84128851122742, -7.575010925644236, -9.33070956659419, -10.74594431410064, -11.360126750213695, -10.689459644123913, -8.407150879815655, -4.582636904015752, 0.16335229556127553, 4.814303079637094, 8.408402477237352, 10.439978564369316, 10.943785510607098, 10.304366796956494, 9.00346574703493, 7.46054430127591, 5.9726532547478755, 4.709507770922212, 3.7319572717169347, 3.018727342812831, 2.5017881577501138, 2.104267348459078, 1.7685782525340037, 1.4661898142987064, 1.2017232607798625, 0.9921428169968278, 0.8505955360025472, 0.7777428162937093, 0.7509543005645046, 0.7351673089107037, 0.6968853768225206, 0.6159164030128599, 0.5635155599923629], "segunda_derivada": [-4.75749181859683, -7.783317083175857, -10.292931318004326, -5.282025804534608, 6.877656284636121, 23.4656876388112, 39.83370640868327, 50.69276129329616, 52.575081362883004, 45.21954684340128, 32.59321647387646, 22.312378427217354, 23.262322167528545, 43.26384855456268, 84.86103045011691, 143.55025429670508, 208.18204373222483, 261.9263666334271, 285.5023238531998, 259.44385524803, 166.04568862303705, -4.621541592303413, -241.6107027222744, -499.65654936042904, -701.2333949776518, -768.851955631919, -674.6050275903181, -460.28937140296034, -207.44350893731652, 11.095672928760932, 158.75579149903368, 232.67983950921416, 247.97924814628075, 225.08814784992143, 183.33239240932548, 138.3386337525034, 100.65169413412708, 74.82056459114776, 59.99079173590328, 52.207118576625184, 46.37973316425297, 38.78623909177169, 28.729058431921818, 17.54207860506794, 8.152585720605975, 3.483502307175575, 4.423886694322721, 9.757037117395127, 10.91223788494144, 8.574810673720425], "sigma": 3.137493709282069e-08, "center": 5621.025165353354, "fwhm": 0.07949933371929843}