{"x": [5739.80149, 5739.778025918367, 5739.754561836735, 5739.7310977551015, 5739.707633673469, 5739.6841695918365, 5739.660705510204, 5739.6372414285715, 5739.613777346939, 5739.590313265306, 5739.566849183673, 5739.543385102041, 5739.519921020408, 5739.496456938776, 5739.472992857142, 5739.44952877551, 5739.426064693877, 5739.402600612245, 5739.379136530612, 5739.35567244898, 5739.3322083673465, 5739.308744285714, 5739.285280204082, 5739.261816122449, 5739.238352040817, 5739.214887959183, 5739.191423877551, 5739.167959795918, 5739.144495714286, 5739.121031632653, 5739.09756755102, 5739.074103469387, 5739.050639387755, 5739.027175306122, 5739.00371122449, 5738.9802471428575, 5738.956783061224, 5738.933318979592, 5738.909854897959, 5738.886390816327, 5738.862926734694, 5738.839462653061, 5738.815998571428, 5738.792534489796, 5738.769070408163, 5738.745606326531, 5738.722142244898, 5738.698678163265, 5738.6752140816325, 5738.65175], "y": [0.091, 0.09841830857974523, 0.10775136725893582, 0.11659131725340872, 0.1260207099054432, 0.1441146571010769, 0.1543751259269319, 0.17777714788788374, 0.19917654691057343, 0.22567745444651402, 0.2595153567935547, 0.2931246484804862, 0.3414521562624768, 0.39795328376575945, 0.4649560424619216, 0.5631355921712141, 0.6766071453030964, 0.8146358659325249, 0.9911968797058256, 1.2025742339626593, 1.4289230997807818, 1.6358170968551902, 1.7704248653448564, 1.8132605636199917, 1.7922671296030641, 1.6854452379747444, 1.503699075764624, 1.2810299961590708, 1.0676293634708005, 0.8824234335721977, 0.7346014658261845, 0.6140368176911718, 0.5209167310370962, 0.44080259158930446, 0.37883014354964056, 0.330745682900782, 0.2895891923713401, 0.2566589591210376, 0.22868907272268132, 0.20527174815338475, 0.1870330894333383, 0.16961624218897808, 0.15392648808373885, 0.1397027933977788, 0.12841194054591915, 0.11678711534735932, 0.10713604221740289, 0.1047140242736126, 0.09772495201709056, 0.09097], "primeira_derivada": [-0.3161559312628557, -0.3569576581200161, -0.3872516503725704, -0.38930444694801075, -0.58649940532013, -0.604208945093253, -0.7173195890225227, -0.9546808966437516, -1.0207155623638546, -1.285769688899337, -1.4372434235951743, -1.7460048245717876, -2.233810743740186, -2.6317647571187606, -3.5198971557783407, -4.510108389415373, -5.3592609696077815, -6.703644730915532, -8.266642907794196, -9.327580489246653, -9.232043888825611, -7.277117658236275, -3.781172209168334, -0.4654404250786903, 2.7236379340290875, 6.1491444317463895, 8.61775133904704, 9.29228169088337, 8.493973231730038, 7.096546603748849, 5.719094829270476, 4.553443389262505, 3.691476803039439, 3.027746615293839, 2.3452208872339635, 1.9016502025169701, 1.5787262620955504, 1.297730731646262, 1.0950185856947094, 0.8876542440867622, 0.7597890793721848, 0.7054740489635531, 0.6374306324818684, 0.5436937174327424, 0.48831397728125797, 0.4533716397206611, 0.25726749639328, 0.20054247908645223, 0.29287368857824675, 0.28788478163744896], "segunda_derivada": [1.7389015047013907, 1.5149904484497865, 0.6892830781535506, 4.2458033956860195, 4.579435528551378, 2.787668951877721, 7.4682648364408974, 6.465115023324056, 7.055225885994686, 8.875861151254758, 9.807226698259523, 16.974184897189346, 18.874805040755646, 27.40542826600179, 40.02593542079882, 39.195308016724205, 46.74242904234357, 61.95388303971709, 55.91388146848784, 20.571889327137438, -43.69365192056065, -116.15352701704116, -145.1511578387918, -138.61207621679154, -140.95128376002427, -125.59863831926315, -66.97763220329388, 2.6376081803612537, 46.789282477069875, 59.130343259724185, 54.19140740877092, 43.20684819439272, 32.511325136555826, 28.687590183409835, 23.99617488582949, 16.33336086042367, 12.869019983781566, 10.307406954534631, 8.738387761825013, 7.143461047681637, 3.8821079378507526, 2.6073564012528205, 3.4474038674253658, 3.1775514920255707, 1.924688106843338, 4.9234077111316985, 5.387578439876007, -0.7587382438821927, -1.8611915846321396, 0.21261888783626426], "sigma": 0.03165761973575765, "center": 5739.256865076773, "fwhm": 0.2642197200978009, "statistics": {"wv_mean": 5739.226620000001, "wv_std": 0.3386071044283734, "wv_min": 5738.65175, "wv_max": 5739.80149, "wv_kurt": -1.2009603841537233, "wv_skew": -1.2086922834358227e-11, "int_mean": 0.552062775894464, "int_std": 0.5398004103134488, "int_max": 1.8132605636199917, "int_min": 0.09097, "int_kurt": 0.016576443670048402, "int_skew": 1.1792563198634916}}