{"x": [5767.63623, 5767.62537244898, 5767.614514897959, 5767.603657346939, 5767.592799795919, 5767.581942244898, 5767.571084693877, 5767.560227142857, 5767.549369591837, 5767.538512040816, 5767.527654489796, 5767.516796938776, 5767.5059393877555, 5767.495081836735, 5767.484224285715, 5767.473366734694, 5767.462509183673, 5767.451651632653, 5767.440794081633, 5767.429936530612, 5767.419078979592, 5767.408221428572, 5767.3973638775515, 5767.386506326531, 5767.375648775511, 5767.36479122449, 5767.353933673469, 5767.343076122449, 5767.332218571429, 5767.321361020408, 5767.310503469388, 5767.299645918368, 5767.2887883673475, 5767.277930816327, 5767.267073265307, 5767.256215714286, 5767.245358163265, 5767.234500612245, 5767.223643061225, 5767.212785510204, 5767.201927959184, 5767.191070408164, 5767.1802128571435, 5767.169355306123, 5767.158497755103, 5767.147640204082, 5767.136782653061, 5767.125925102041, 5767.115067551021, 5767.10421], "y": [0.08966, 0.09746616458993741, 0.10327056741051995, 0.11343489018213374, 0.12344435276595503, 0.13975423128533782, 0.1512975964637363, 0.1736837693098325, 0.19442685435549648, 0.2181737220189231, 0.24806628110257795, 0.2980046038046368, 0.3446038124806169, 0.4136953466116937, 0.49103834067082786, 0.5940814618379873, 0.7295976422056017, 0.8960222901105919, 1.1117212878243288, 1.3456487642278316, 1.5636850062911885, 1.7073872838949198, 1.7738506163698784, 1.7641329312552982, 1.6831840480948537, 1.510132151763067, 1.28569010060612, 1.0605753336993222, 0.8783577682046334, 0.718483324877223, 0.5950024532291983, 0.5072704804755482, 0.4271847755510894, 0.3697006438469699, 0.3229866294254061, 0.28764655843482995, 0.25061665076858514, 0.22474672637026955, 0.20495147152038176, 0.18536055443070978, 0.16725397533514189, 0.15813315904579142, 0.14049848450398408, 0.13191135393985626, 0.12425439985032458, 0.1137377717538278, 0.10468341166093988, 0.10071733338167221, 0.10201819574296828, 0.08914], "primeira_derivada": [-0.7189618151769781, -0.6267788834269571, -0.7353741908432262, -0.9290209789344606, -1.2120293541735867, -1.2826669496886303, -1.5624857742336304, -1.9861411570201424, -2.0488023784496043, -2.4701438955595645, -3.676283981369119, -4.445640236802634, -5.32766286755949, -6.743441864390833, -8.306943015111829, -10.985870620298103, -13.904646992118613, -17.597137922907102, -20.705703950930097, -20.813336157550555, -16.65838451923853, -9.67831556515794, -2.613188151464375, 4.175277100031135, 11.696964582828352, 18.3049541617905, 20.70249622695235, 18.75802064570568, 15.753645006237777, 13.048767371456144, 9.726541648600975, 7.728155150467154, 6.335214836718943, 4.798418443108816, 3.7786645098525335, 3.332702674775728, 2.896593897966097, 2.1029226186821677, 1.8137686788618876, 1.7360036399888787, 1.25384607145717, 1.2321144418807628, 1.2075377337343114, 0.7480547235410762, 0.8369098220802782, 0.9012616266761753, 0.5996029098920148, 0.12273559262979887, 0.5331466257914772, 1.1861050175017058], "segunda_derivada": [-8.490214006602441, 0.7558046761903342, 13.918520619529406, 21.950399424272373, 16.28571535505069, 16.13883367390424, 32.395620615354275, 22.395317475660868, 22.28876187798401, 74.94699310532563, 90.97338513759065, 76.04748451568874, 105.81583375893644, 137.1985331673707, 195.36766384032947, 257.7793079812513, 304.4548116901851, 313.1947962340062, 148.10882438534327, -186.38270380315896, -512.7777236121417, -646.7939382234429, -637.97041521044, -658.9954174531048, -650.6843502157698, -414.71284025756376, -20.86411949931231, 227.899054375068, 262.91625356265166, 277.5535360765792, 245.01898314993952, 156.17365304288379, 134.91701314037135, 117.73144432315307, 67.49753077513509, 40.620145841343586, 56.63247880637894, 49.865076253331566, 16.896949321582596, 25.78494019311666, 23.204551245747417, 2.1325406455029596, 22.291385849087533, 17.067749023734905, -7.0553158277645345, 10.928196963314333, 35.85182480792432, 3.0603717162478237, -48.96911941205531, -60.13864364891522], "sigma": 0.014886074490526813, "center": 5767.392054154904, "fwhm": 0.11852612908404501, "statistics": {"wv_mean": 5767.37022, "wv_std": 0.15668390392426107, "wv_min": 5767.10421, "wv_max": 5767.63623, "wv_kurt": -1.2009603841528973, "wv_skew": 8.706959055682851e-12, "int_mean": 0.5286077114716513, "int_std": 0.5276838327752057, "int_max": 1.7738506163698784, "int_min": 0.08914, "int_kurt": 0.12063819236459494, "int_skew": 1.2268414897653943}}