{"x": [5815.36679, 5815.355913061225, 5815.345036122449, 5815.334159183673, 5815.323282244898, 5815.312405306123, 5815.301528367347, 5815.290651428571, 5815.279774489796, 5815.26889755102, 5815.258020612245, 5815.2471436734695, 5815.236266734694, 5815.225389795918, 5815.214512857143, 5815.203635918368, 5815.192758979591, 5815.181882040816, 5815.171005102041, 5815.160128163266, 5815.1492512244895, 5815.138374285714, 5815.127497346939, 5815.116620408163, 5815.105743469388, 5815.094866530612, 5815.083989591837, 5815.073112653061, 5815.062235714286, 5815.05135877551, 5815.040481836734, 5815.029604897959, 5815.018727959184, 5815.007851020408, 5814.996974081632, 5814.986097142857, 5814.975220204082, 5814.964343265306, 5814.95346632653, 5814.942589387755, 5814.93171244898, 5814.920835510204, 5814.909958571428, 5814.899081632653, 5814.888204693877, 5814.877327755102, 5814.8664508163265, 5814.855573877551, 5814.844696938775, 5814.83382], "y": [0.01661, 0.016985694117465918, 0.019067289892154587, 0.01664593620150227, 0.020044186813797164, 0.022768222562484525, 0.025380813146366313, 0.025988185129664568, 0.03005644537984875, 0.02994113791979197, 0.03569859703293394, 0.04316579485133398, 0.05182944794535355, 0.06240784528241236, 0.07239455551663819, 0.09434340621329547, 0.117103260099716, 0.1432143024362132, 0.1858908336316643, 0.23564040909411152, 0.2860919269639787, 0.32687792159369555, 0.31548561534963965, 0.27025819978168397, 0.21876830089282806, 0.17308981891239314, 0.13706050487449498, 0.10790062450676173, 0.0865751800818263, 0.0714751679067677, 0.05965748994072939, 0.05195357892502548, 0.04355463094650705, 0.04206008075833701, 0.03400138960299134, 0.03231575503371857, 0.028270142917114886, 0.027712713828238558, 0.029641186693045937, 0.02501393421716226, 0.02431934695040777, 0.01966562037026381, 0.021193714232368495, 0.020141467218402584, 0.017884011621563705, 0.017153809570861937, 0.01825221039035277, 0.022317322692552016, 0.02169199952029994, 0.01701], "primeira_derivada": [-0.0345404277093696, -0.11295870753829584, 0.01561826921019388, -0.044906795093167924, -0.28143425680167944, -0.2453183953047098, -0.1480178675994281, -0.2149332790269854, -0.1817125604749777, -0.2593630326248328, -0.6079218245499659, -0.7415161216645783, -0.8845342806401711, -0.9453536512134868, -1.4680399325009434, -2.0552062259890027, -2.246537248699871, -3.16208332846567, -4.2487187143211385, -4.606125647966626, -4.194080447677913, -1.3511930605205178, 2.602741588398775, 4.445980456964773, 4.466715446185685, 3.7560106619438542, 2.996670099459141, 2.320750618979951, 1.6744351215280997, 1.2373743521113836, 0.8973843369118912, 0.7402293663202825, 0.45479239936500204, 0.43915119596197016, 0.44793511876612635, 0.26345862582748314, 0.21159635538997748, -0.06302525941365549, 0.12405970406012262, 0.24463867327935898, 0.24585565650339372, 0.14368163609689222, -0.021874116328637595, 0.1521431111755507, 0.13733908543333803, -0.01692566154857517, -0.23736058593238007, -0.15812303447128964, 0.24397134166115267, 0.43045195132951136], "segunda_derivada": [7.209590993316149, -2.305735922297341, -3.128265859007297, 13.65515298696356, 9.212684025926775, -6.132993480674959, -1.3967678270646064, 1.5489051456374092, 2.0423831794047294, 19.59233534654126, 22.16400675788775, 12.715547168451, 9.370169941754428, 26.823064094277864, 51.01860908238607, 35.78660008354061, 50.88183014087476, 92.03791190662534, 66.38091605269534, -2.511656439826864, -149.62539803548063, -312.4418633089914, -266.4892042249848, -85.68467177316447, 31.71709473030352, 67.5762444333582, 65.97720519348564, 60.78157674675425, 49.8015245490437, 35.72010473900721, 22.853166504041607, 20.34542745399117, 13.840207092241668, 0.3152210718602916, 8.076379473921891, 10.86421318808142, 15.008077730944517, 4.023956240580506, -14.142946790918884, -5.598815758729917, 4.640875491913552, 12.30722073337095, -0.38896399315534835, -7.318842417203615, 7.771891347853111, 17.22450034462706, 6.490676091877254, -22.126258937324277, -27.056095374703464, -17.144585762734046], "sigma": 0.0003482112431176798, "center": 5815.134132851755, "fwhm": 0.08924006184776595, "statistics": {"wv_mean": 5815.100305, "wv_std": 0.1569636860918778, "wv_min": 5814.83382, "wv_max": 5815.36679, "wv_kurt": -1.200960384153655, "wv_skew": 0.0, "int_mean": 0.07665140059121524, "int_std": 0.08496975672702914, "int_max": 0.32687792159369555, "int_min": 0.01661, "int_kurt": 1.6231449874290487, "int_skew": 1.6663345943600314}}