{"x": [5647.52311, 5647.504719183674, 5647.486328367347, 5647.46793755102, 5647.449546734694, 5647.431155918367, 5647.412765102041, 5647.394374285715, 5647.375983469388, 5647.357592653061, 5647.339201836735, 5647.320811020409, 5647.3024202040815, 5647.284029387755, 5647.265638571429, 5647.247247755102, 5647.228856938776, 5647.210466122449, 5647.192075306122, 5647.173684489796, 5647.15529367347, 5647.1369028571435, 5647.118512040816, 5647.10012122449, 5647.081730408164, 5647.063339591837, 5647.04494877551, 5647.026557959184, 5647.008167142857, 5646.989776326531, 5646.9713855102045, 5646.952994693878, 5646.934603877551, 5646.916213061225, 5646.897822244899, 5646.8794314285715, 5646.861040612245, 5646.842649795919, 5646.824258979592, 5646.805868163266, 5646.787477346939, 5646.769086530612, 5646.750695714286, 5646.73230489796, 5646.713914081633, 5646.695523265306, 5646.67713244898, 5646.658741632654, 5646.640350816327, 5646.62196], "y": [0.06828, 0.07430183349441849, 0.08019688378565736, 0.0884868984228592, 0.10012751242613889, 0.10914468995710984, 0.1240256069934385, 0.13688293536066615, 0.15378202664253499, 0.17028517472982413, 0.19705547282375838, 0.22358438647017612, 0.2625033926243583, 0.3033807572720494, 0.3577349982816602, 0.4238216908287587, 0.5093848047104025, 0.6156711242104039, 0.7388306749764072, 0.8926363216685028, 1.0621874353281884, 1.2206284752861611, 1.3333882155574508, 1.3599393947985254, 1.3041956704538546, 1.1722660211817475, 1.0098070155741483, 0.8497789645950977, 0.7096682506442599, 0.5921641189708304, 0.49676608127599803, 0.4170999681402614, 0.3565337885716518, 0.30299532922175587, 0.2670634215822902, 0.23555092992057505, 0.2063699080312013, 0.18047825648230822, 0.1648238071409296, 0.15139418562372178, 0.13385353910267828, 0.12401560675233426, 0.11336014983606865, 0.10124097813834727, 0.09784716555449668, 0.08983109128849529, 0.08296569067373263, 0.07832462705519153, 0.07399478593760293, 0.06822], "primeira_derivada": [-0.3274369874394666, -0.3239900712932441, -0.3856562067842039, -0.5418636205951936, -0.5616333491477145, -0.6497290316744481, -0.754133065968654, -0.8090021432770934, -0.908122803680638, -1.1764960677247676, -1.4490713950605822, -1.7793641847637773, -2.1694624475701336, -2.589107627631388, -3.2744857927227495, -4.122976482794036, -5.215903143675404, -6.23805561944755, -7.529986503535158, -8.79125631553161, -8.917280989576717, -7.37326651007659, -3.7875132087015255, 0.7936718138480612, 5.102366591098666, 8.003686450076174, 8.767611259496489, 8.16001746736315, 7.003899148572618, 5.788274038287947, 4.759553565350225, 3.8125630263826538, 3.102217892112909, 2.4324740512381977, 1.8336434365684493, 1.6501038472928302, 1.4972873542234146, 1.1295338975778166, 0.7907226721730922, 0.8420036253108876, 0.7443546383430002, 0.5571636653468294, 0.6191848205640806, 0.4217589911828201, 0.3102061008919604, 0.4045898402877984, 0.3128317968377155, 0.24389631696515154, 0.2747193728567988, 0.3140037851045055], "segunda_derivada": [-0.1874259459218974, 1.5828340164599475, 5.923433343892167, 4.784375506822137, 2.9325889934165352, 5.233582713276847, 4.330234960134533, 4.18659332408814, 9.991234698867894, 14.7070304485226, 16.390466479148255, 19.585619249093806, 22.014885812653947, 30.042803036851026, 41.70203290366482, 52.78225056638786, 57.50367735539421, 62.91410122181653, 69.41509965430986, 37.71704478560119, -38.551573249942784, -139.46547259643856, -222.03849407346684, -241.69345291957745, -196.02214790651516, -99.64877586962959, -4.250246821938903, 47.95089243437326, 64.48173335383169, 61.01810663019482, 53.714608880241045, 45.058784879253125, 37.5211450820914, 34.48934601489266, 21.27067635408572, 9.144675156607873, 14.152986481956745, 19.20971504197182, 7.817224291710208, 1.260630115801859, 7.7440814726237885, 3.403052250518988, 3.681312231115347, 8.400353583847489, 0.46678599225894135, -0.07138606299773177, 4.368852379144215, 1.0361808661419616, -1.9060455744307794, -2.1360885537007532], "sigma": 3.1784266281142948e-06, "center": 5647.101902678847, "fwhm": 0.19779981961559756, "statistics": {"wv_mean": 5647.072535, "wv_std": 0.26539547389456136, "wv_min": 5646.62196, "wv_max": 5647.52311, "wv_kurt": -1.2009603841535572, "wv_skew": -2.9696119213540174e-17, "int_mean": 0.3997374011679807, "int_std": 0.3895616992801808, "int_max": 1.3599393947985254, "int_min": 0.06822, "int_kurt": 0.2338418892192169, "int_skew": 1.2397695376917206}}