{"x": [5573.58307, 5573.574979795918, 5573.566889591836, 5573.558799387754, 5573.5507091836735, 5573.542618979592, 5573.53452877551, 5573.526438571428, 5573.518348367346, 5573.510258163265, 5573.502167959184, 5573.494077755102, 5573.48598755102, 5573.477897346938, 5573.469807142857, 5573.461716938775, 5573.453626734694, 5573.445536530612, 5573.43744632653, 5573.429356122449, 5573.421265918367, 5573.413175714285, 5573.405085510204, 5573.396995306122, 5573.388905102041, 5573.380814897959, 5573.372724693877, 5573.364634489795, 5573.356544285714, 5573.348454081633, 5573.340363877551, 5573.332273673469, 5573.324183469387, 5573.316093265305, 5573.308003061225, 5573.299912857143, 5573.291822653061, 5573.283732448979, 5573.275642244897, 5573.267552040816, 5573.259461836735, 5573.251371632653, 5573.243281428571, 5573.235191224489, 5573.227101020408, 5573.219010816326, 5573.210920612245, 5573.202830408163, 5573.194740204081, 5573.18665], "y": [0.05446, 0.0597234499285623, 0.06813267339004456, 0.07456035704863587, 0.07938871182183974, 0.08858720644776558, 0.09862374381024352, 0.10699843921454726, 0.12147988320616938, 0.14074476111382972, 0.1616974346554505, 0.19025069649490634, 0.22480917873528702, 0.266505540573207, 0.3272241855112271, 0.4085757224291206, 0.5097282409541752, 0.6381434825611386, 0.792600124471551, 0.9488568455956836, 1.0604605243919536, 1.0831970512750448, 1.013540588426742, 0.883606181079913, 0.7317868972879383, 0.5938309768589828, 0.4835743819848559, 0.39124525702732277, 0.3182540607780542, 0.27037980209812595, 0.23092677174626994, 0.19426733500855414, 0.17127924249946483, 0.15239675805031205, 0.13123488494939675, 0.120244121107553, 0.11441736734633814, 0.10268336035615554, 0.09212702068529288, 0.08624845359898214, 0.0804143156063859, 0.0758181507085611, 0.07404427265061428, 0.07163601736731946, 0.06641343845402158, 0.06236153852680951, 0.06085412001343244, 0.058077859235799285, 0.05626411987558423, 0.05476], "primeira_derivada": [-0.6505954454739833, -0.8450141215123204, -0.9169674194922022, -0.6956584975263541, -0.8669033103568367, -1.1887853380434945, -1.1378719609954913, -1.4125811391702152, -2.085628592193061, -2.485570885789318, -3.059622160542318, -3.900503834134201, -4.71278865820068, -6.329568805721859, -8.780383066963557, -11.279323340197527, -14.188007980038506, -17.482370077311693, -19.203060880394446, -16.554613283711312, -8.302646281932427, 2.8997992815475944, 12.33534211181428, 17.413262279333512, 17.909016959996627, 15.340312357634257, 12.520433216750261, 10.217314640329995, 7.469864401082591, 5.397100502596382, 4.703989313506181, 3.6864044864531946, 2.587733049437499, 2.47486695932022, 1.9871338608731854, 1.039375362664188, 1.085310121591503, 1.3776133726490534, 1.0157288117232293, 0.7238819293780814, 0.6446254498384717, 0.3936886444012073, 0.258468964377505, 0.47160949955368925, 0.5731918964439321, 0.34358332526002205, 0.26474482274787897, 0.283676412328357, 0.20505411249579575, 0.18591865673343427], "segunda_derivada": [24.031368562894993, 16.462623892149768, -9.230646252935502, -3.094119050155846, 30.476786219479944, 16.746712932053402, 13.83128279981722, 58.574333948620776, 66.31413347379855, 60.19585900171044, 87.4472963921066, 102.17087733182721, 150.12383785580982, 251.39009891744277, 305.9103629797121, 334.20818923197623, 383.36775406144204, 309.9460069029177, -57.338281223929535, -673.6798286095416, -1202.3437461279789, -1275.4924465614527, -896.9775577901836, -344.4705962815934, 128.11481025350676, 333.0313851649799, 316.61733533030565, 312.1410019386794, 297.90435996905745, 170.93975996259618, 105.72638210669284, 130.791278110909, 74.87682108423006, 37.11891458650277, 88.71788537258735, 55.73553708691226, -20.90417043659851, 4.300343301905229, 40.40265465880492, 22.935352319559936, 20.406981187223018, 23.865682593257688, -4.815753370668991, -19.450864828932108, 7.912419328331068, 19.06299708853921, 3.7024352123536324, 3.689073208085035, 6.041736067886177, 2.3652624295908904], "sigma": 0.0004251539760096179, "center": 5573.4138929987585, "fwhm": 0.07472040831328496, "statistics": {"wv_mean": 5573.38486, "wv_std": 0.11674868086476567, "wv_min": 5573.18665, "wv_max": 5573.58307, "wv_kurt": -1.2009603841539829, "wv_skew": -1.1685312459775245e-11, "int_mean": 0.2849487109391833, "int_std": 0.2998319486477712, "int_max": 1.0831970512750448, "int_min": 0.05446, "int_kurt": 0.8458566475972287, "int_skew": 1.4535202455901148}}