{"x": [5749.81482, 5749.813397959183, 5749.811975918367, 5749.810553877551, 5749.809131836734, 5749.807709795918, 5749.806287755102, 5749.804865714285, 5749.803443673469, 5749.802021632653, 5749.8005995918365, 5749.79917755102, 5749.797755510203, 5749.796333469388, 5749.794911428571, 5749.793489387755, 5749.792067346939, 5749.790645306122, 5749.789223265306, 5749.787801224489, 5749.7863791836735, 5749.784957142857, 5749.78353510204, 5749.782113061225, 5749.780691020408, 5749.7792689795915, 5749.777846938775, 5749.776424897959, 5749.775002857143, 5749.773580816326, 5749.77215877551, 5749.770736734694, 5749.769314693877, 5749.767892653061, 5749.766470612245, 5749.765048571428, 5749.763626530612, 5749.762204489796, 5749.76078244898, 5749.759360408163, 5749.7579383673465, 5749.756516326531, 5749.755094285714, 5749.753672244898, 5749.752250204082, 5749.750828163265, 5749.749406122449, 5749.747984081632, 5749.746562040817, 5749.74514], "y": [0.02109, 0.02645710286693652, 0.03246252615746677, 0.039135412660623974, 0.04647532548386023, 0.05442358041483401, 0.06287585337649824, 0.07182126702568938, 0.08123510748544151, 0.090985195972514, 0.10093331932726712, 0.1110340482740645, 0.12121935562627802, 0.1313224056744065, 0.1411732067051977, 0.15069693437276516, 0.15980233238058814, 0.1683167255915912, 0.17606989152766903, 0.1829944508794811, 0.18900871352721885, 0.19397330392031398, 0.19779004945414877, 0.2004229392105998, 0.2018311424682805, 0.2019667065788138, 0.20083905211169065, 0.19846474426550662, 0.19487514509818474, 0.19013713039018734, 0.18435544256104736, 0.177588388667743, 0.16992653353635206, 0.1615195117688066, 0.15252686126943096, 0.14302866277581402, 0.13313109180135885, 0.12300829639679418, 0.11284540066939976, 0.10267488737420102, 0.09259392808858902, 0.08277659527967197, 0.07334540297303835, 0.06430868202094697, 0.05573530096052756, 0.04774553062895971, 0.04040790955024833, 0.033701169448482615, 0.0276441058216457, 0.0223], "primeira_derivada": [-3.774225608974085, -3.9986637614479292, -4.457786882744881, -4.927003206599297, -5.375432116989255, -5.7665461169196925, -6.117154449293558, -6.455248645083957, -6.73817823283864, -6.926036024592255, -7.049323784457467, -7.132719420748376, -7.1335355393126125, -7.015920658772771, -6.81222665077098, -6.550137472907421, -6.195248061464308, -5.719793327108177, -5.160796060413561, -4.549384888550545, -3.8602454009584557, -3.0875822355292963, -2.2677391595084595, -1.4208779974218415, -0.5427999499791102, 0.34882625907213693, 1.2313156815193471, 2.09695352829712, 2.9280502283178693, 3.6988047100551165, 4.412229796839176, 5.073310434018777, 5.649935188780424, 6.117852620556724, 6.501518375329482, 6.819695061475454, 7.039307927037501, 7.132598059757638, 7.14937601844585, 7.1205665634614395, 6.996385711617708, 6.767922867369118, 6.49345400055441, 6.191841265328293, 5.823725734236354, 5.3892234426713035, 4.938100586405729, 4.487847178464179, 4.008734953037889, 3.758053748769572], "segunda_derivada": [157.82820707908616, 240.3451666155869, 326.410970284928, 322.65080704657777, 295.1894560735787, 260.79502215913226, 242.15286943788803, 218.35652546153742, 165.5323019460258, 109.4010622237221, 72.67140075958928, 29.609471779358067, -41.06730293930306, -112.97456616522993, -163.77279063834763, -216.93420551335103, -291.95510297049634, -363.72092453006417, -411.52420694006383, -457.28316821464585, -513.980554020246, -559.9368959330527, -586.0254569382762, -606.5013007964851, -622.2410200405255, -623.7920919060622, -614.6543929696206, -596.5843341345468, -563.2226456102263, -521.8484419339895, -483.28631231220805, -435.1863102352217, -367.2687078881674, -299.42290576103426, -246.77295931346697, -189.09075795799401, -110.0189933841466, -38.7007497113854, 4.230362502937047, 53.792516025052706, 123.99211474590464, 176.834485114939, 202.5545242178622, 235.48137955128578, 282.20632402270405, 311.3923093858731, 316.93051764011955, 326.7717856021949, 256.60073234886727, 176.28270675907223], "sigma": 0.01642900211150078, "center": 5749.779797310902, "fwhm": 0.04051647130345511}