{"x": [5754.41756, 5754.397554897959, 5754.377549795919, 5754.357544693878, 5754.3375395918365, 5754.317534489795, 5754.297529387755, 5754.277524285714, 5754.257519183673, 5754.237514081633, 5754.217508979592, 5754.197503877551, 5754.17749877551, 5754.15749367347, 5754.137488571429, 5754.1174834693875, 5754.097478367347, 5754.077473265306, 5754.057468163265, 5754.037463061224, 5754.017457959184, 5753.997452857143, 5753.977447755102, 5753.957442653062, 5753.937437551021, 5753.9174324489795, 5753.8974273469385, 5753.877422244898, 5753.857417142857, 5753.837412040816, 5753.817406938776, 5753.797401836735, 5753.777396734694, 5753.757391632653, 5753.737386530613, 5753.717381428572, 5753.6973763265305, 5753.67737122449, 5753.657366122449, 5753.637361020408, 5753.617355918367, 5753.597350816327, 5753.577345714286, 5753.557340612245, 5753.537335510205, 5753.517330408164, 5753.497325306123, 5753.4773202040815, 5753.457315102041, 5753.43731], "y": [0.0899, 0.09937835264955636, 0.10685867583603363, 0.12031252188894123, 0.1305197971901879, 0.14626433166510058, 0.16607735005203267, 0.18511599786282804, 0.20788789318238307, 0.23271369520747115, 0.26508507260603326, 0.3076451149130211, 0.35482975335345185, 0.41938390100518447, 0.4895737588968829, 0.5844590971092274, 0.7078629688655363, 0.8498835083825924, 1.0310355969423586, 1.239891648244206, 1.466266523510762, 1.6565126743759404, 1.7652824193584278, 1.7950366725141578, 1.7575000477431113, 1.641362890101742, 1.4436433700327078, 1.228871320501736, 1.0243857116578015, 0.8511452125984104, 0.7126032190793867, 0.597919244896203, 0.507792302302347, 0.4332198231496053, 0.3709949544824045, 0.3254486666869984, 0.28830877961712015, 0.2518394634134418, 0.22635381287697293, 0.19954350997195117, 0.1828197774548702, 0.16463177312618102, 0.15278896577636678, 0.13910915157527806, 0.12649948486715154, 0.11792289153015796, 0.10994836473265286, 0.10326189496454602, 0.09479086047384078, 0.08992], "primeira_derivada": [-0.47379676594992265, -0.4238587686682329, -0.5232207563071949, -0.5913771723228537, -0.6486297776158075, -0.8887121092823533, -0.9710439396623006, -1.0449969973789155, -1.1896389543030612, -1.429564800707608, -1.8728077355397599, -2.2430448133476766, -2.7927572142675334, -3.367741021012518, -4.125827395560427, -5.455838453747732, -6.633917955892224, -8.077255177538804, -9.747716833959881, -10.877998164788531, -10.4128693091874, -7.473490893318578, -3.4622167349357036, 0.19450967057096266, 3.84086474782633, 7.844415816177534, 10.309659224996253, 10.478768304299226, 9.440744344315137, 7.792574412903425, 6.3290346429655315, 5.118967060417515, 4.11643543253335, 3.419061485970477, 2.693591770834614, 2.0666271707971937, 1.8397607551343176, 1.548479148328479, 1.3070654009695306, 1.0880733158154365, 0.872570826554489, 0.7505788177819857, 0.6379028084562571, 0.6570694029913813, 0.5295214191386927, 0.4136724746647385, 0.3664314367283531, 0.378840963371242, 0.3334623072019286, 0.24348091121162124], "segunda_derivada": [-2.4962630622514412, 1.2352846353128721, 4.186892006712377, 3.134425934223217, 7.431477638781925, 8.058298362886143, 3.906125741805235, 5.463481620638791, 9.611743108032098, 17.07486369851442, 20.331813628595395, 22.992871439476207, 28.110234213790257, 33.318254977818846, 52.1891222661243, 62.68627261285574, 65.51870414030321, 77.82511860412819, 70.00071735450547, 16.624570918887404, -85.09097490625784, -173.72199751800213, -191.65112350645026, -182.53047317468332, -191.1988784136702, -161.67861738196052, -65.84201577111514, 21.717331881563993, 67.13772031458113, 77.77290250837851, 66.82313709417875, 55.300872894573466, 42.486800891025595, 35.562019599053656, 33.802234860577684, 21.340331430139013, 12.950396889173351, 13.31398742889014, 11.507210299849485, 10.859594055633188, 8.435210611480084, 5.865204226947161, 2.3371391607660796, 2.708843701410092, 6.083371327786981, 4.0762097107911135, 0.8705656992399029, 0.8240180294879746, 3.3831382585506975, 4.4979223702826046], "sigma": 0.02650368185883001, "center": 5753.957319855279, "fwhm": 0.22795279231079413, "statistics": {"wv_mean": 5753.927435, "wv_std": 0.2886910206792944, "wv_min": 5753.43731, "wv_max": 5754.41756, "wv_kurt": -1.2009603841536647, "wv_skew": 4.725577481801558e-12, "int_mean": 0.551208056384506, "int_std": 0.5342270227314413, "int_max": 1.7950366725141578, "int_min": 0.0899, "int_kurt": -0.017252399447747813, "int_skew": 1.1638378668437608}}