{"x": [5643.31595, 5643.30607244898, 5643.296194897959, 5643.286317346939, 5643.276439795918, 5643.2665622448985, 5643.256684693878, 5643.2468071428575, 5643.236929591837, 5643.2270520408165, 5643.217174489796, 5643.2072969387755, 5643.197419387755, 5643.187541836734, 5643.177664285714, 5643.167786734694, 5643.157909183674, 5643.148031632653, 5643.138154081633, 5643.128276530612, 5643.118398979592, 5643.108521428571, 5643.098643877551, 5643.08876632653, 5643.07888877551, 5643.06901122449, 5643.05913367347, 5643.049256122449, 5643.039378571429, 5643.029501020408, 5643.019623469388, 5643.009745918367, 5642.999868367347, 5642.989990816326, 5642.980113265306, 5642.970235714286, 5642.9603581632655, 5642.950480612245, 5642.9406030612245, 5642.930725510204, 5642.920847959183, 5642.910970408163, 5642.901092857142, 5642.891215306122, 5642.881337755101, 5642.871460204082, 5642.861582653061, 5642.851705102041, 5642.84182755102, 5642.83195], "y": [0.04176, 0.04521701744190038, 0.046094434057957864, 0.04436848377666536, 0.042503911733981846, 0.042838665202285346, 0.04529193543279427, 0.047718961113033274, 0.048578788181833775, 0.04872103209291221, 0.05047897609650984, 0.05496587936228418, 0.06058643623025997, 0.0647745910952998, 0.06700385128227027, 0.06996961511815768, 0.07730364848712419, 0.09024270075086978, 0.10686775786272261, 0.12550918387336002, 0.1489808845596999, 0.1847299800208619, 0.23909966300484625, 0.30881266618218983, 0.3756261537977722, 0.411820407946912, 0.3988854261279662, 0.3435577283291961, 0.27132914133717123, 0.2069004584753458, 0.16163107298814905, 0.13379119928764463, 0.11530259197082851, 0.09934292511795706, 0.08431563214906707, 0.07239636209265875, 0.06546519024724273, 0.06265178476905048, 0.0611753978849992, 0.05888239357189184, 0.05565044980584203, 0.052652332139166126, 0.05070077092085818, 0.04949767970920375, 0.0483621551767615, 0.047136402821617504, 0.04616102144654893, 0.045471923023911814, 0.04430295304980399, 0.04191], "primeira_derivada": [-0.3499873029987497, -0.2194083355762127, 0.04295263388026145, 0.181751646563052, 0.07743916337531893, -0.14112929880858258, -0.24703977233906482, -0.16637994287324026, -0.05072466736938856, -0.09618719815927626, -0.3161131365662316, -0.5116379613106572, -0.49651536664553114, -0.3248484891996944, -0.2629712573648394, -0.5213740320825838, -1.0262202437941974, -1.4965303299479125, -1.7851835464715236, -2.1317595125319073, -2.99774691239469, -4.561797669181023, -6.281045063887593, -6.910948397505462, -5.214234862244205, -1.1773805208888184, 3.45544555912607, 6.45687805236089, 6.917568411953012, 5.552898087858866, 3.700778615868697, 2.3451400514727303, 1.743765944522223, 1.5685547843500598, 1.3640305664121566, 0.9542062533290457, 0.4932688934420927, 0.2171485803179689, 0.1908059593583612, 0.27967195854953103, 0.31536467995914563, 0.2505519270265912, 0.15968798457291672, 0.11838034241691239, 0.11952744576020159, 0.11142102560359866, 0.0842556922383768, 0.09405511512352836, 0.18030395472097363, 0.242261775700831], "segunda_derivada": [-13.219771495122302, -19.890554655863212, -20.30665198824785, -1.7457024227692342, 16.344180086546963, 16.42507009356919, 1.2781834288797875, -9.937438164686194, -3.553145135278132, 13.433920444744794, 21.030048960961246, 9.131931067970779, -9.455252203867797, -11.821964209336187, 9.948090497527806, 38.63553753758236, 49.36225061458141, 38.41859693265547, 32.15519622551546, 61.37975715870915, 123.00812982912689, 166.20000973296993, 118.9136215771963, -54.00175607437395, -290.23225822757286, -438.85778994047297, -386.4449071130461, -175.252086556605, 45.75931638445083, 162.83336777533808, 162.37618159227372, 99.0636579493815, 39.31061786014833, 19.222142073557738, 31.09822109618721, 44.077811959776064, 37.30973757972645, 15.310623729289265, -3.1649230716067813, -6.305141848529257, 1.4740511824478624, 7.880328588685519, 6.690503766330938, 2.032919836573361, 0.3522794668022744, 1.785450333296895, 0.8790595180937857, -4.861947171073705, -7.502196661378017, -6.27258931401263], "sigma": 8.503222479494532e-05, "center": 5643.066072396903, "fwhm": 0.08985092830916616}