{"x": [5601.86142, 5601.8568465306125, 5601.852273061225, 5601.847699591837, 5601.84312612245, 5601.838552653061, 5601.833979183673, 5601.829405714286, 5601.824832244898, 5601.82025877551, 5601.815685306123, 5601.811111836735, 5601.8065383673475, 5601.801964897959, 5601.797391428571, 5601.792817959184, 5601.788244489796, 5601.783671020408, 5601.779097551021, 5601.774524081633, 5601.769950612245, 5601.765377142857, 5601.760803673469, 5601.7562302040815, 5601.751656734694, 5601.747083265306, 5601.7425097959185, 5601.737936326531, 5601.733362857143, 5601.728789387755, 5601.724215918367, 5601.719642448979, 5601.715068979592, 5601.710495510204, 5601.705922040816, 5601.701348571429, 5601.696775102041, 5601.6922016326525, 5601.687628163265, 5601.683054693877, 5601.67848122449, 5601.673907755102, 5601.669334285714, 5601.664760816327, 5601.660187346939, 5601.65561387755, 5601.651040408163, 5601.646466938775, 5601.6418934693875, 5601.63732], "y": [0.225, 0.24065360788445098, 0.2580004604828379, 0.27744359300671984, 0.2995403292819102, 0.3248746451503604, 0.35410797479677675, 0.387984337926424, 0.4273775472392043, 0.4732750155158643, 0.5267675802945919, 0.588968846102892, 0.661142366514753, 0.7447678624269142, 0.8414276700030571, 0.952674212061138, 1.0797138362750718, 1.223178918089389, 1.3828106604124848, 1.5563470329237648, 1.7377830769747113, 1.9149053097621374, 2.067652710389318, 2.170216545635852, 2.1994676573318457, 2.1479231608808402, 2.02956702821731, 1.869747441855458, 1.6925319900539095, 1.5147985843854324, 1.3465482200058672, 1.1926311774516036, 1.0546042881952336, 0.9324298232352951, 0.8252458017711963, 0.7319629674984951, 0.6513316597567254, 0.5818710085502153, 0.5221940193648339, 0.47100168366345513, 0.4271663954465936, 0.38968653346131055, 0.3575779794019402, 0.3299554254639443, 0.3059966884910093, 0.28500975362828757, 0.26646063218189486, 0.249763669284511, 0.23448941683557778, 0.22037], "primeira_derivada": [-3.4226987342951136, -3.607814733814857, -4.0221090384474705, -4.54139574118879, -5.1854563919235455, -5.965672980864311, -6.899542494639485, -8.010283466667936, -9.324505136049945, -10.865934002286277, -12.648366128722076, -14.690683902136502, -17.032913429923166, -19.70990600234126, -22.72960984450818, -26.050919561789737, -29.573249878816668, -33.136422095204985, -36.42400184572856, -38.807783159180104, -39.19981161029167, -36.06339142364124, -27.912205618242798, -14.410826417516061, 2.4372508991977004, 18.574589082555807, 30.411892531355647, 36.846757854489205, 38.80520752944509, 37.82508864581393, 35.22133632332996, 31.917118828751136, 28.446823643215016, 25.07489030574145, 21.916278293901186, 19.01337117113523, 16.408982570061653, 14.118126681654076, 12.120921284191775, 10.389008416108053, 8.889875858981851, 7.6078366494099425, 6.530174680806524, 5.639186199672183, 4.913739223066187, 4.322326548411476, 3.853320242936891, 3.4952912806897625, 3.2134979807536395, 3.0872441988355157], "segunda_derivada": [40.476055228351825, 65.53124699717358, 102.06485801508852, 127.18433806698702, 155.71080932339987, 187.39450920713784, 223.52948194255956, 265.11193536772385, 312.19740349950865, 363.38507060383097, 418.14534827514865, 479.34586738897275, 548.732447325234, 622.7981354155652, 693.2388764391766, 748.1891157713954, 774.6310221892907, 748.966636292535, 620.0283180301171, 303.46871590067906, -300.0339023451367, -1234.0309985898564, -2367.192515225912, -3317.990560884409, -3606.1699231152734, -3058.361088815042, -1997.6266618587479, -917.6091809811078, -106.95718155117059, 391.81099751488773, 645.8958523932575, 740.6316852592116, 748.0348006137805, 713.9596656038651, 662.682814820297, 602.0916788805712, 535.1784470463616, 468.797418544196, 407.69030570260855, 353.2378979002354, 304.05492318452815, 257.9771479991513, 215.2250603287443, 176.71873590155536, 143.9672532503919, 115.93157077722056, 90.4166178475797, 69.94933254728261, 44.61023429565515, 27.605690826098638], "sigma": 9.355916374964579e-08, "center": 5601.752084706456, "fwhm": 0.07199109084900528}