{"x": [5735.19878, 5735.194744285714, 5735.190708571428, 5735.186672857142, 5735.182637142857, 5735.178601428571, 5735.174565714286, 5735.170529999999, 5735.166494285714, 5735.162458571428, 5735.158422857143, 5735.154387142857, 5735.150351428571, 5735.146315714285, 5735.14228, 5735.138244285714, 5735.134208571429, 5735.1301728571425, 5735.126137142857, 5735.122101428571, 5735.118065714286, 5735.11403, 5735.1099942857145, 5735.105958571428, 5735.101922857143, 5735.097887142857, 5735.093851428572, 5735.089815714286, 5735.08578, 5735.081744285714, 5735.077708571429, 5735.073672857143, 5735.069637142858, 5735.065601428571, 5735.061565714286, 5735.05753, 5735.053494285715, 5735.049458571429, 5735.045422857143, 5735.041387142857, 5735.037351428572, 5735.033315714286, 5735.029280000001, 5735.0252442857145, 5735.021208571429, 5735.017172857143, 5735.013137142858, 5735.009101428572, 5735.0050657142865, 5735.00103], "y": [0.067, 0.07315847055028676, 0.08000420959755328, 0.0873516617788072, 0.09531010147467939, 0.10471616563711561, 0.11656359792463498, 0.13130000000363856, 0.1486367167075789, 0.16850350850567536, 0.19215492873491408, 0.22235582239016943, 0.2622578799469056, 0.3141805226039328, 0.37894, 0.45855378865544555, 0.5571031067243853, 0.6793240114040088, 0.8255791787731642, 0.9869904952838119, 1.1436015795432826, 1.26681, 1.3317373094393876, 1.3244376104729396, 1.247685112314632, 1.1190289758087009, 0.963743850115248, 0.8071159678096895, 0.6672399999999999, 0.5522380807914498, 0.4614798432756031, 0.39039725623372135, 0.3328689190487176, 0.2850652870710342, 0.24583506062707852, 0.21447999999999998, 0.18975595201172227, 0.16956326731515123, 0.15179940207148293, 0.13555226071729584, 0.12115911666185375, 0.10938075462652089, 0.1001800000018342, 0.09285362406315871, 0.08669722106200778, 0.08155143961925039, 0.0775259449702118, 0.0743564220973305, 0.07111270184902303, 0.06692], "primeira_derivada": [-1.525992702562423, -1.611141012095168, -1.7584484707998793, -1.89630518832701, -2.1513544603333092, -2.6331765513365135, -3.293572399410462, -3.9736607341920447, -4.609284239215923, -5.391636888372269, -6.671968091921167, -8.685321389144388, -11.376511530971733, -14.4561918650652, -17.88695331621567, -22.07330525801068, -27.352062995548675, -33.26252220091786, -38.11797145434598, -39.40100540536559, -34.66790323936572, -23.30885149168191, -7.1397039524391355, 10.413546546487568, 25.448857392170503, 35.17856345852556, 38.644089486817165, 36.73499027996866, 31.57779131216917, 25.492408797854047, 20.051075609033138, 15.934096806959001, 13.049978480405187, 10.782955910705263, 8.745079814158858, 6.947854164772877, 5.564904934436855, 4.702581408551268, 4.213753029846124, 3.796141555196318, 3.2424874802909582, 2.599182595061062, 2.047609096357095, 1.6704327890142938, 1.4002706390760413, 1.136264294565086, 0.891418100065808, 0.794561094664955, 0.9213266315327747, 1.0388995730979376], "segunda_derivada": [21.098696165145256, 28.799829693295667, 35.330074931574295, 48.67861817255291, 91.29379718752368, 141.51372696609462, 166.0776863724014, 163.00854652547304, 175.67846158082364, 255.5537516640117, 408.0671062926106, 582.8637889121472, 714.9751032153872, 806.6034070258394, 943.7131637329844, 1172.6684558530605, 1386.274665500601, 1333.8293665840429, 760.5200430331337, -427.442079734434, -1993.718184007248, -3410.573363000941, -4177.996217141478, -4037.520874575764, -3068.232183809308, -1634.8075161599666, -192.83164159578862, 875.4705703152192, 1392.8862013316477, 1428.088671192903, 1184.2156448962091, 867.3925646135758, 638.194447327006, 533.3502772370118, 475.14534905620116, 394.00396740136796, 278.1753857281114, 167.39935101216798, 112.30228271716435, 120.33378490130639, 148.29580037156083, 148.038029868732, 115.06634765244917, 80.2012247963269, 66.18016745425062, 63.043677399847034, 42.33490972237456, -3.70548177468896, -30.272023876820345, -29.13311826081274], "sigma": 0.006381329264883995, "center": 5735.107600936324, "fwhm": 0.0449158796229077, "statistics": {"wv_mean": 5735.099904999999, "wv_std": 0.05823886696153484, "wv_min": 5735.00103, "wv_max": 5735.19878, "wv_kurt": -1.200960384153013, "wv_skew": 4.684985187848136e-11, "int_mean": 0.39664314252630073, "int_std": 0.39305181976154496, "int_max": 1.3317373094393876, "int_min": 0.06692, "int_kurt": 0.07703068680722192, "int_skew": 1.200281501135015}}