{"x": [5687.90891, 5687.89688, 5687.88485, 5687.8728200000005, 5687.86079, 5687.84876, 5687.83673, 5687.8247, 5687.81267, 5687.80064, 5687.7886100000005, 5687.77658, 5687.76455, 5687.75252, 5687.74049, 5687.72846, 5687.71643, 5687.7044000000005, 5687.69237, 5687.68034, 5687.66831, 5687.65628, 5687.64425, 5687.63222, 5687.620190000001, 5687.60816, 5687.59613, 5687.5841, 5687.57207, 5687.56004, 5687.54801, 5687.535980000001, 5687.52395, 5687.51192, 5687.49989, 5687.48786, 5687.47583, 5687.4638, 5687.451770000001, 5687.43974, 5687.42771, 5687.41568, 5687.40365, 5687.39162, 5687.3795900000005, 5687.367560000001, 5687.35553, 5687.3435, 5687.33147, 5687.31944], "y": [0.07981, 0.0879733479462106, 0.09310827317269871, 0.10503679517927894, 0.11156143168552798, 0.12471966827774111, 0.1374400397548503, 0.15767199355676925, 0.1784801338687429, 0.2050429773551296, 0.2318362227408639, 0.27677019708485734, 0.32435515443041496, 0.391556131777091, 0.4737002273886385, 0.5799705024968773, 0.7116481602180268, 0.8912509434327341, 1.096783654493246, 1.3142874696780067, 1.4900445675122573, 1.5887715910289475, 1.5756989473811824, 1.4777114998328393, 1.2936599448351378, 1.0900364020105773, 0.8918459086649286, 0.7290195836798475, 0.6008515491783034, 0.5010342679510631, 0.4260178776292466, 0.3639353317718943, 0.31968353059642346, 0.2775565719791862, 0.24536915241591345, 0.21715111525963315, 0.2017282931617323, 0.18155620069790684, 0.16343406288699033, 0.15020951808564087, 0.14146876899206184, 0.1301745313581215, 0.11713429636697895, 0.1108131965270014, 0.10637552479064892, 0.1025616081218892, 0.09674265323762755, 0.08875535145538403, 0.08820184134606497, 0.07993], "primeira_derivada": [-0.6785825391770789, -0.552712933202193, -0.7092039581569307, -0.7669641941951125, -0.8180745260986835, -1.075586370307837, -1.3695895793595207, -1.7057395724997237, -1.9688688195710995, -2.217626303936286, -2.981181202319376, -3.845342131632166, -4.770820228324787, -6.207193389853028, -7.8310212270098, -9.889772769409884, -12.937674187002319, -16.00729402597219, -17.582565512632076, -16.345008853837516, -11.408317595758753, -3.5600324135438854, 4.615963890163258, 11.722319307944407, 16.112846958099148, 16.700500256003053, 15.004855292381336, 12.094528657099806, 9.475698908199856, 7.266569889899298, 5.698210148822719, 4.419548920613944, 3.5901396421609153, 3.0887106476029196, 2.510617486293288, 1.813834549237759, 1.479422882881017, 1.591613893398278, 1.3028546388788582, 0.9129382333474411, 0.8327093403050473, 1.0114078397901154, 0.8047105083679442, 0.4471642384226182, 0.34295878658365875, 0.4003687262162525, 0.5738261290995396, 0.3549797128701742, 0.36680596240569263, 0.6876011094061366], "segunda_derivada": [-10.462976390379753, 1.272710680805825, 8.904873690576592, 4.5249612609656324, 12.827189364274645, 22.922487666953234, 26.190906159551457, 24.907699094686656, 21.27542524697359, 42.07449637403969, 67.65236191405772, 74.38233690596083, 98.1650564524856, 127.19039894923627, 153.0581620780259, 212.24659019320896, 254.26106636032824, 193.05450230694896, 14.036360260027841, -256.61878291525926, -531.378904423693, -666.0133618494602, -635.1767132857916, -477.8421890300152, -206.9069388165064, 46.05119142510798, 191.436891062088, 229.80699851380754, 200.66329040954014, 157.00285783119813, 118.33004860002593, 87.61722803845679, 55.31331142873377, 44.86792002824123, 52.98736900994028, 42.85929357537811, 9.236103734078212, 7.338663508067253, 28.207633417815313, 19.54053609980061, -4.092668596997335, 1.1637087255781624, 23.45152125410202, 19.191675884844436, 1.9449506320398864, -9.595483894833313, 1.8864926577248997, 8.604329455366614, -13.824663197822765, -26.66626325885016], "sigma": 0.00014265342242247847, "center": 5687.649060692759, "fwhm": 0.12112514460960314, "statistics": {"wv_mean": 5687.614175, "wv_std": 0.17360336236661744, "wv_min": 5687.31944, "wv_max": 5687.90891, "wv_kurt": -1.2009603841532381, "wv_skew": 7.85838900078383e-12, "int_mean": 0.44840954026586277, "int_std": 0.45514381648570934, "int_max": 1.5887715910289475, "int_min": 0.07981, "int_kurt": 0.4485825482650698, "int_skew": 1.3299212146431243}}