{"x": [5551.9151, 5551.90651, 5551.89792, 5551.88933, 5551.8807400000005, 5551.87215, 5551.86356, 5551.85497, 5551.84638, 5551.8377900000005, 5551.8292, 5551.82061, 5551.81202, 5551.80343, 5551.7948400000005, 5551.78625, 5551.777660000001, 5551.76907, 5551.76048, 5551.7518900000005, 5551.7433, 5551.734710000001, 5551.72612, 5551.71753, 5551.70894, 5551.70035, 5551.691760000001, 5551.68317, 5551.67458, 5551.66599, 5551.6574, 5551.648810000001, 5551.64022, 5551.63163, 5551.62304, 5551.61445, 5551.605860000001, 5551.59727, 5551.588680000001, 5551.58009, 5551.5715, 5551.562910000001, 5551.55432, 5551.545730000001, 5551.53714, 5551.52855, 5551.5199600000005, 5551.51137, 5551.502780000001, 5551.49419], "y": [0.08352, 0.09177390513710539, 0.11493127308183006, 0.144761697311903, 0.1456008366641054, 0.13871496586852694, 0.15427939013454975, 0.17674338928056885, 0.2017222386088446, 0.23384124085863317, 0.2712813830195309, 0.32137860802539997, 0.384935621577423, 0.462145265739444, 0.5634954939354143, 0.6962922158463518, 0.863091723741211, 1.065767831382272, 1.288496001195519, 1.4902562112309323, 1.6216792357335972, 1.6586255571195354, 1.604533689458423, 1.4659799169185743, 1.2623982210989129, 1.0464726007069691, 0.8603872406978132, 0.7057191573605163, 0.580141476363968, 0.4830918284785498, 0.4097412671828159, 0.3550883225070149, 0.30872055707095936, 0.26879105967851524, 0.24059120251463811, 0.21674762556823735, 0.19552134159935333, 0.18180597960900785, 0.16429297954140265, 0.14181437512102352, 0.13170308478809306, 0.12886762261026533, 0.12083814259738437, 0.11425042923556111, 0.10836421110100342, 0.09880699095838501, 0.09003621146477347, 0.08484094883826149, 0.08491774741769903, 0.08314], "primeira_derivada": [-0.9608737062575308, -1.8283628103695462, -3.084271954326851, -1.785189964062081, 0.3519634134713281, -0.5051544511101854, -2.213528720164598, -2.761516209241926, -3.323507076754582, -4.048844261431441, -5.095306586904594, -6.615497005765156, -8.193635489841235, -10.39347336203744, -13.629042497630024, -17.43866296908247, -21.506147586709513, -24.761599385105022, -24.708287535097075, -19.39366906527701, -9.80031116940114, 0.9979945445487867, 11.213366716689025, 19.914753688182884, 24.418353679619447, 23.39994065222229, 19.83430985738711, 16.312326211982136, 12.958517397219182, 9.918522071180512, 7.450727937883226, 5.880134465243401, 5.02312356372566, 3.9656201721194746, 3.0293034988827707, 2.6233912058057114, 2.0338559929909232, 1.8177160685836768, 2.3278000284278315, 1.8969670984816653, 0.7535944418445615, 0.6324180553445249, 0.8508261568598684, 0.7260728461296586, 0.898919573720329, 1.0668218647506358, 0.8129244540317369, 0.29793155105508634, 0.09900749931773818, 0.2069554618885857], "segunda_derivada": [100.98825425784564, 123.59710407979438, -2.512971263556653, -200.01370010669663, -74.50730576047057, 149.33015911095134, 131.33654005556676, 64.60875183942069, 74.93178417942829, 103.13151980023233, 149.3977150304938, 180.34510494575557, 219.9054922183132, 316.3799189664694, 410.0808851639417, 458.50437073104894, 426.24775413835056, 186.38765705765636, -312.4522887009594, -867.7518257186968, -1186.9420029122653, -1223.147723300547, -1101.091917510164, -768.6255508186506, -202.86303632565614, 266.8244366867783, 412.55031666542936, 400.22074853746807, 372.16554952657185, 320.5931000810155, 235.06330651793303, 141.3040962853434, 111.43855023527364, 116.05471856013511, 78.12741363954501, 57.94222967997373, 46.896108104203144, -17.10966446099482, -4.612981949871518, 91.6301272710074, 73.60588144062703, -5.659587602811034, -5.4513847954647305, -2.799383984921343, -19.83405230537811, 5.005536652471759, 44.754965873303355, 41.5551195996067, 5.295465027207439, -12.56670111364706], "sigma": 0.0052940352956414305, "center": 5551.7339790343585, "fwhm": 0.08834655984839906, "statistics": {"wv_mean": 5551.704645, "wv_std": 0.12396117063410966, "wv_min": 5551.49419, "wv_max": 5551.9151, "wv_kurt": -1.2009603841540482, "wv_skew": 1.1005392324345751e-11, "int_mean": 0.4742187663196164, "int_std": 0.4795400794630362, "int_max": 1.6586255571195354, "int_min": 0.08314, "int_kurt": 0.34106040681330363, "int_skew": 1.299103470695551}}