{"x": [5763.38381, 5763.375546530612, 5763.367283061225, 5763.359019591837, 5763.35075612245, 5763.3424926530615, 5763.334229183673, 5763.325965714286, 5763.317702244898, 5763.30943877551, 5763.301175306123, 5763.292911836735, 5763.2846483673475, 5763.276384897959, 5763.268121428571, 5763.259857959184, 5763.251594489796, 5763.243331020409, 5763.235067551021, 5763.2268040816325, 5763.218540612245, 5763.210277142857, 5763.20201367347, 5763.193750204082, 5763.185486734694, 5763.177223265307, 5763.168959795918, 5763.16069632653, 5763.152432857143, 5763.144169387755, 5763.135905918368, 5763.12764244898, 5763.119378979592, 5763.111115510204, 5763.102852040816, 5763.094588571429, 5763.086325102041, 5763.078061632653, 5763.069798163266, 5763.061534693878, 5763.05327122449, 5763.045007755102, 5763.036744285714, 5763.028480816327, 5763.020217346939, 5763.011953877551, 5763.0036904081635, 5762.995426938775, 5762.987163469388, 5762.9789], "y": [0.06063, 0.06416390953386467, 0.07342487740910467, 0.07803307123905101, 0.08169806043254951, 0.09371420788425942, 0.10689255903745848, 0.11680735353260101, 0.13067256947545458, 0.15366147926260756, 0.17872225460621, 0.20600753939095418, 0.2457396417252059, 0.294158616613723, 0.3529342136341086, 0.4322422210056467, 0.534293170120666, 0.6698916571197376, 0.833221489054438, 0.9960310462684402, 1.1385149609141754, 1.2098341667193868, 1.170520203227054, 1.0538053041545783, 0.8960888557967903, 0.7301377751908723, 0.597034463686217, 0.4890359959698366, 0.39656338472753794, 0.3294424431114285, 0.2773167227989998, 0.23821663686065156, 0.20958997267708787, 0.18031137613007964, 0.15953371219108467, 0.14575371784591884, 0.13189411190411596, 0.12288800448051063, 0.11145979050572452, 0.10068047252408531, 0.09584651013298204, 0.08723009903582213, 0.08190593237246267, 0.08018566443069512, 0.0735459564200488, 0.0702286849490731, 0.0665584610088377, 0.06254371657114717, 0.06517420752598375, 0.06072], "primeira_derivada": [-0.42765445939071134, -0.7741831432337608, -0.839185156654801, -0.5005877456145877, -0.9488228194220015, -1.5244504106928003, -1.397303273297965, -1.4388635887921126, -2.2299426547780508, -2.907355426434194, -3.167317362277302, -4.055039353028755, -5.333781314325283, -6.486051250042571, -8.355062378410643, -10.97353593137575, -14.379519361992251, -18.08733746749716, -19.733805126567038, -18.472475514687893, -12.936643824826055, -1.9365499411593399, 9.44088101771541, 16.605092518710823, 19.584239608073016, 18.09496581165183, 14.58841122881718, 12.129958347647353, 9.65657070726179, 7.215290354112849, 5.519824783706362, 4.0979609738342075, 3.5036894320116514, 3.0287678296945577, 2.090989671709716, 1.6723968463084755, 1.3835419659388912, 1.2364250679571456, 1.3437172036721077, 0.944717021404084, 0.8138454235913073, 0.8435063473808493, 0.4262395293464191, 0.505839349081448, 0.6024696779264731, 0.4227942939831133, 0.46499648134503535, 0.08375740369544774, 0.11034811684975802, 0.539023903494064], "segunda_derivada": [41.93501150274477, 24.900600338568513, -16.554511476005136, 6.633876016468527, 61.95113801761802, 27.136329355873542, -5.178625216941338, 50.380738550552074, 88.85443683948974, 56.717987537981365, 69.44322491887145, 131.08682627202356, 147.09390105837068, 182.80947881478787, 271.5254616926399, 364.5234647193202, 430.4367331926642, 323.9732316654024, 23.303653048246755, -411.2776960179525, -1000.5437666549467, -1354.0030096781215, -1121.9042263026515, -613.7469695809756, -90.14817040203394, 302.28395271349103, 360.92633637549216, 298.4122219247242, 297.37315907985334, 250.30321584626222, 188.62110053526098, 121.990852570665, 64.69396169946927, 85.47861037714038, 82.07030968203586, 42.8057316233009, 26.37946350830175, 2.409687771474572, 17.65045847382078, 32.06109656993795, 6.123981906099279, 23.452975744214257, 20.431309324129927, -10.663205750074166, 5.024829838288421, 8.318128266244772, 20.514197752948363, 21.458805488225398, -27.546934492105375, -51.876005889368464], "sigma": 0.0007768409845472224, "center": 5763.207858325737, "fwhm": 0.07854843291096635, "statistics": {"wv_mean": 5763.181355, "wv_std": 0.11924904991924459, "wv_min": 5762.9789, "wv_max": 5763.38381, "wv_kurt": -1.2009603841536454, "wv_skew": 1.1440268700838317e-11, "int_mean": 0.3227100248241854, "int_std": 0.3362458876314111, "int_max": 1.2098341667193868, "int_min": 0.06063, "int_kurt": 0.7151938687815718, "int_skew": 1.4112966254001627}}