{"x": [5795.88529, 5795.879044489796, 5795.872798979592, 5795.866553469388, 5795.860307959184, 5795.85406244898, 5795.847816938775, 5795.841571428572, 5795.835325918368, 5795.8290804081635, 5795.822834897959, 5795.816589387755, 5795.8103438775515, 5795.804098367347, 5795.797852857143, 5795.791607346939, 5795.785361836735, 5795.779116326531, 5795.772870816327, 5795.7666253061225, 5795.760379795918, 5795.754134285715, 5795.747888775511, 5795.741643265306, 5795.735397755102, 5795.729152244899, 5795.722906734694, 5795.71666122449, 5795.710415714286, 5795.704170204082, 5795.697924693878, 5795.691679183674, 5795.68543367347, 5795.679188163265, 5795.672942653062, 5795.666697142858, 5795.660451632653, 5795.654206122449, 5795.647960612246, 5795.641715102041, 5795.635469591837, 5795.629224081633, 5795.622978571429, 5795.616733061225, 5795.610487551021, 5795.604242040817, 5795.597996530612, 5795.591751020409, 5795.585505510205, 5795.57926], "y": [0.02474, 0.028569032868397914, 0.0282241447737663, 0.026897012543034695, 0.030869493092427844, 0.036989054580292315, 0.0378052920904156, 0.035519174524508354, 0.03851024227329061, 0.04773568928032047, 0.0573580649470215, 0.0649455944560382, 0.07225776647828719, 0.08120263863235991, 0.09581865485345083, 0.12226269355518152, 0.16311779882011876, 0.21937739022656505, 0.2960419253413088, 0.38930020754887684, 0.4672547797698592, 0.4855862364047453, 0.4323003435491181, 0.3412678845798425, 0.25617337881734886, 0.19343178651688547, 0.14814383375456253, 0.11554514752252551, 0.09468450275905502, 0.08138298270212421, 0.07025527814054146, 0.060376732150702724, 0.05314449834793389, 0.0479919211514427, 0.04322423952477867, 0.03853831460203339, 0.03503065352510214, 0.03404109629904024, 0.03545235081620031, 0.03675363768064694, 0.035663716612653315, 0.03374988496750059, 0.03375275714555072, 0.03410367686537648, 0.03127309351788099, 0.02696565697477905, 0.026078130546512136, 0.028030531199167943, 0.0276878495595357, 0.02466], "primeira_derivada": [-0.6130856796573062, -0.2789319575027192, 0.133857785096486, -0.21178000133929292, -0.8079437633726799, -0.5552628024876355, 0.11767493830076407, -0.056436556811899234, -0.9780237607681261, -1.5089097653553836, -1.377782167734088, -1.192833014838313, -1.3014984881750293, -1.8862260731730052, -3.2871657862860113, -5.38780193853849, -7.77476086836716, -10.641574681127643, -13.603597765788065, -13.70687492522289, -7.7084197858558, 2.7983651519238353, 11.553767995286638, 14.100286363398984, 11.835390003237844, 8.64857646030366, 6.235410434601437, 4.279820963135126, 2.7349378758099907, 1.955742911407737, 1.6817081282666548, 1.369846436315202, 0.9914971390785613, 0.794191226929592, 0.7568322075287378, 0.6559580988324188, 0.360036102407689, -0.03376003539629647, -0.21715931069531644, -0.016921419510942733, 0.2404729649699151, 0.1529866579829537, -0.028323698651486914, 0.1985156974165866, 0.5714521037612988, 0.41589580366135853, -0.08525117961832841, -0.12887009711692812, 0.2698363375387577, 0.4848041970150853], "segunda_derivada": [-53.50303037301432, -59.79843442108745, -5.3760184494048495, 75.3982875484108, 27.49837802786172, -74.10272911243185, -39.934787503043395, 87.71891032999352, 116.28138943300536, 32.003662942699435, -25.304317836230858, -6.107081492904383, 55.51132219029552, 158.96758096320787, 280.3274473049166, 359.26569132272584, 420.6039675806593, 466.64217227809837, 245.40030708735418, -471.9532742010359, -1321.3684341622272, -1542.0828044875645, -904.8036783071174, -22.54595691463232, 436.4503239267689, 448.32042426302803, 349.7516899559587, 280.2391193270612, 186.05990350506315, 84.31895178861286, 46.90541332323688, 55.256573651504816, 46.085523084333275, 18.786690269601948, 11.066600132403789, 31.766508431056586, 55.21711691032133, 46.20882796328188, -1.3480576714964967, -36.63690080528471, -13.602417731816999, 21.51919177373043, -3.644941561839422, -48.016557722169196, -17.402910181444252, 52.574030135244016, 43.612601933192764, -28.42742270596061, -49.129236368185296, -34.41958341994171], "sigma": 0.0016798240444828583, "center": 5795.756115199014, "fwhm": 0.04559998043152377, "statistics": {"wv_mean": 5795.732275, "wv_std": 0.09012814390044495, "wv_min": 5795.57926, "wv_max": 5795.88529, "wv_kurt": -1.2009603841538874, "wv_skew": -1.1847288880287969e-17, "int_mean": 0.10540173533778217, "int_std": 0.12299079982359289, "int_max": 0.4855862364047453, "int_min": 0.02466, "int_kurt": 2.4101909775888926, "int_skew": 1.8850734672648317}}