{"x": [5739.50864, 5739.497090612245, 5739.48554122449, 5739.473991836735, 5739.462442448979, 5739.450893061225, 5739.439343673469, 5739.427794285714, 5739.41624489796, 5739.404695510204, 5739.393146122449, 5739.381596734694, 5739.370047346939, 5739.358497959183, 5739.346948571429, 5739.335399183674, 5739.323849795918, 5739.3123004081635, 5739.300751020408, 5739.289201632653, 5739.277652244898, 5739.266102857143, 5739.254553469388, 5739.2430040816325, 5739.231454693878, 5739.219905306122, 5739.2083559183675, 5739.196806530612, 5739.185257142857, 5739.173707755102, 5739.162158367347, 5739.150608979592, 5739.1390595918365, 5739.127510204082, 5739.115960816326, 5739.104411428571, 5739.092862040817, 5739.081312653061, 5739.069763265306, 5739.058213877551, 5739.046664489796, 5739.03511510204, 5739.023565714286, 5739.012016326531, 5739.000466938775, 5738.988917551021, 5738.977368163265, 5738.96581877551, 5738.954269387755, 5738.94272], "y": [0.09129, 0.1045771662154344, 0.11202226009958369, 0.12303056184007462, 0.13758301888822874, 0.15366945111413793, 0.16579561175576793, 0.1892195518001347, 0.21637579946496663, 0.2576726675981703, 0.28867060058687294, 0.34204055140224193, 0.40569461970020537, 0.48793131173583865, 0.5920725632206346, 0.7311050421703703, 0.9054486605790202, 1.1268829038413555, 1.373232511238398, 1.6078339719769348, 1.7587935244777961, 1.817402781038412, 1.8150965517642481, 1.7589507739861867, 1.6078790024906755, 1.3762032893654257, 1.1320701252312626, 0.9240384539222628, 0.7574377945285568, 0.6272058627945136, 0.5281093337264228, 0.45001721727739835, 0.3843752128684274, 0.33717880533433653, 0.29501707553636797, 0.2609481626862642, 0.2372163194689386, 0.21174936709868977, 0.19301043742626453, 0.1732109215307331, 0.15888332896549567, 0.1465520536848204, 0.13432486833471585, 0.12696575946293212, 0.119892528261659, 0.11245091266654282, 0.10835291718825729, 0.10406526507289612, 0.09346207689441825, 0.09143], "primeira_derivada": [-1.1504649854718916, -0.8975480146256333, -0.7988906432024627, -1.1065850125782357, -1.3264291546690725, -1.2213891102113645, -1.5390469797886857, -2.189734589548308, -2.9634954358255987, -3.129810975891865, -3.652482953753371, -5.066243405888623, -6.315952127779508, -8.068736952616602, -10.527559365011022, -13.566783971651796, -17.134149015557853, -20.25145663890688, -20.821496270241905, -16.691837758538355, -9.072723745365527, -2.4374896956541816, 2.530524054232839, 8.970932211573938, 16.57003352621538, 20.598878804053456, 19.575272950761715, 16.218709538741475, 12.850576906409426, 9.92816527003927, 7.670910756193214, 6.222586162356948, 4.885038684954477, 3.8685226968884656, 3.3002027581058253, 2.5023298764839534, 2.129930894629597, 1.9137759931428682, 1.6684194168957072, 1.47744231920435, 1.154124721199428, 1.063193181811414, 0.8479364723855907, 0.6248097465859141, 0.6283816555511982, 0.4995767445871303, 0.363034291142187, 0.6446592931810163, 0.5470101680170533, 0.17594672008385287], "segunda_derivada": [-21.898734047011573, -15.220475306673157, 9.049700399013823, 22.838375619980056, 4.970137814524681, 9.204722779546879, 41.92193992723607, 61.66770422335638, 40.698104794471604, 29.827880599970502, 83.83268754356314, 115.30780810586774, 129.98496588638145, 182.33032462466548, 238.0233106638872, 286.01471309988216, 289.39510946216205, 159.63388418725305, -154.10422421638654, -508.6318328701042, -617.104056295403, -502.3317272755008, -493.8972588449145, -607.8031913726925, -503.4009957487683, -130.1038413573833, 189.62776894179186, 291.12781503693583, 272.33236957238455, 224.23985842448076, 160.4231837321624, 120.60691572124058, 101.91291154872216, 68.61125284063681, 59.145681544603384, 50.66380523065975, 25.479873730872455, 19.97991094928009, 18.88990495376283, 22.265019869394685, 17.933813729979054, 13.255605201966265, 18.978643913251204, 9.50504137053348, 5.421629468746318, 11.487507824399461, -6.280962751855703, -7.964745871163461, 20.29166320472116, 32.128408519473204], "sigma": 0.017948924678758305, "center": 5739.258995392309, "fwhm": 0.12652224722477418, "statistics": {"wv_mean": 5739.22568, "wv_std": 0.1666677096892726, "wv_min": 5738.94272, "wv_max": 5739.50864, "wv_kurt": -1.200960384153215, "wv_skew": 8.185398559063602e-12, "int_mean": 0.5450887909662658, "int_std": 0.5484342978574976, "int_max": 1.817402781038412, "int_min": 0.09129, "int_kurt": 0.09431087846605424, "int_skew": 1.2251263751848807}}