{"x": [5775.49324, 5775.486494693877, 5775.479749387755, 5775.473004081632, 5775.46625877551, 5775.459513469387, 5775.452768163265, 5775.446022857142, 5775.4392775510205, 5775.432532244898, 5775.425786938776, 5775.419041632653, 5775.412296326531, 5775.405551020408, 5775.398805714286, 5775.392060408163, 5775.385315102041, 5775.378569795918, 5775.3718244897955, 5775.3650791836735, 5775.358333877551, 5775.351588571429, 5775.344843265306, 5775.338097959184, 5775.331352653061, 5775.324607346939, 5775.317862040816, 5775.311116734694, 5775.304371428571, 5775.297626122449, 5775.2908808163265, 5775.284135510205, 5775.277390204082, 5775.270644897959, 5775.263899591837, 5775.257154285714, 5775.250408979592, 5775.243663673469, 5775.236918367347, 5775.230173061224, 5775.223427755102, 5775.21668244898, 5775.209937142858, 5775.203191836735, 5775.196446530613, 5775.18970122449, 5775.182955918368, 5775.176210612245, 5775.169465306123, 5775.16272], "y": [0.0509, 0.05854175843876428, 0.06289261831209149, 0.06334145871610802, 0.07004661468279835, 0.08102490193580705, 0.086152764859126, 0.09118128718238884, 0.10630080046060722, 0.12544859077524007, 0.14159403788962485, 0.16157947439617953, 0.19150386640750802, 0.22973894463914915, 0.27712027842152676, 0.3377625829476173, 0.4158533822975705, 0.5190409055273577, 0.6506034747701751, 0.7962515414390986, 0.9253586747427556, 1.0018290967762078, 0.9975313844026676, 0.9138006378590119, 0.7834128514556503, 0.6445562171254092, 0.520309662313647, 0.41982430685122507, 0.3438474525572507, 0.2862614278679598, 0.24136146905829178, 0.2058324737885349, 0.17682287435874838, 0.15478988893878529, 0.14034867722271593, 0.12760124986129237, 0.1121978495154909, 0.09950028651841267, 0.09302269611426613, 0.08763231842615625, 0.08076971006556938, 0.07475825667075377, 0.06869377303243383, 0.06282897014848679, 0.06159094423684364, 0.06292416894550996, 0.060470900544178564, 0.056627181980315966, 0.05518612687966067, 0.05094], "primeira_derivada": [-1.132900167845488, -0.8889602706277305, -0.355780760001139, -0.5302944181389753, -1.3107961965540318, -1.193878371421471, -0.7528483557504517, -1.4934856354805714, -2.540085132607799, -2.616133114533906, -2.678224158047761, -3.6995969947202783, -5.052363006662392, -6.346369642851079, -8.007319189677496, -10.283677371965382, -13.437368096418885, -17.400996203627912, -20.54841032275042, -20.366399610812365, -15.238563795798196, -5.3498468675955815, 6.525164115585467, 15.871669058547544, 19.957909681743903, 19.502687081008638, 16.658392235713933, 13.080370746265828, 9.900431245032738, 7.596837092274217, 5.96184610600533, 4.783963361211478, 3.7835632601401454, 2.703672485289153, 2.015374734970003, 2.086697563932148, 2.083001336997417, 1.421370138970782, 0.8797204957700026, 0.9082601905928291, 0.9542978125654032, 0.8951363225023243, 0.8842657624263837, 0.5265015898975214, -0.007056669874987168, 0.08302393340931583, 0.466768064407939, 0.39173712568500935, 0.4215658916813416, 0.6294935770619168], "segunda_derivada": [-36.16439236031355, -57.60445810326929, -26.586328772913692, 70.79111156866803, 49.188572115187185, -41.35822975845282, 22.208574275350465, 132.48003459170042, 83.21694069030572, 10.239640939422461, 80.3124321212451, 175.9845146780296, 196.1936641642433, 219.03795983381687, 291.85537747742205, 402.5057431196442, 527.5756728086135, 527.1104155099459, 219.81236680510605, -393.59566716402594, -1113.1112858854526, -1613.2498300613236, -1573.058030356413, -995.7105965530503, -269.15146300009724, 244.57877716381577, 476.0581816594305, 500.93804995949165, 406.47033318268944, 291.9500662795256, 208.50600995831073, 161.46656699744096, 154.20285143696208, 131.06807112099025, 45.733648715148206, -5.012863819680702, 49.31780803474595, 89.19393867310843, 38.03459317236428, -5.52808986293565, 0.9728148620935441, 5.191169152897052, 27.32527819456602, 66.0698281238811, 32.87305634763868, -35.12255231149803, -22.883556852222572, 3.3506390893374145, -17.62384442323208, -30.82553728372879], "sigma": 2.8150543666338734e-05, "center": 5775.347480857867, "fwhm": 0.06380718567931204, "statistics": {"wv_mean": 5775.327979999999, "wv_std": 0.0973406336697637, "wv_min": 5775.16272, "wv_max": 5775.49324, "wv_kurt": -1.2009603841557037, "wv_skew": 2.8030269815412914e-11, "int_mean": 0.2685502162471395, "int_std": 0.2802311180754658, "int_max": 1.0018290967762078, "int_min": 0.0509, "int_kurt": 0.7798115760868201, "int_skew": 1.433276057533839}}