{"x": [5156.90518, 5164.648029795918, 5172.390879591837, 5180.133729387755, 5187.876579183673, 5195.619428979591, 5203.36227877551, 5211.105128571428, 5218.8479783673465, 5226.5908281632655, 5234.333677959184, 5242.076527755102, 5249.81937755102, 5257.562227346939, 5265.305077142857, 5273.047926938775, 5280.790776734694, 5288.533626530612, 5296.27647632653, 5304.019326122449, 5311.762175918368, 5319.505025714286, 5327.247875510204, 5334.990725306123, 5342.733575102041, 5350.476424897959, 5358.219274693877, 5365.962124489796, 5373.704974285714, 5381.4478240816325, 5389.1906738775515, 5396.93352367347, 5404.676373469388, 5412.419223265306, 5420.162073061225, 5427.904922857143, 5435.647772653061, 5443.39062244898, 5451.133472244898, 5458.876322040816, 5466.6191718367345, 5474.3620216326535, 5482.104871428572, 5489.84772122449, 5497.590571020409, 5505.333420816327, 5513.076270612245, 5520.819120408163, 5528.561970204082, 5536.30482], "y": [0.02382, -6.0922299052576525, -11.94137885940813, -17.524397013510917, -22.842054518627577, -27.89512152581896, -32.68436818614647, -37.21056465066982, -41.47448107045049, -45.476887596549744, -49.218554380027534, -52.70025157194516, -55.92274932336352, -58.88681778534378, -61.5932271089461, -64.04274744523171, -66.23614894526172, -68.17420176009641, -69.85767604079699, -71.28734193842425, -72.46396960403919, -73.38832918870241, -74.06119084347492, -74.48332471941758, -74.65550096759115, -74.5784897390566, -74.25306118487474, -73.6799854561063, -72.86003270381237, -71.7939730790537, -70.48257673289099, -68.92661381638537, -67.12685448059761, -65.08406887658853, -62.79902715541873, -60.272499468149555, -57.50525596584166, -54.49806679955551, -51.25170212035266, -47.766932079293625, -44.04452682743929, -40.085256515850006, -35.889891295587574, -31.45920131771238, -26.79395673328473, -21.894927693366576, -16.762884349018243, -11.398596851300583, -5.802835351273777, 0.02363], "primeira_derivada": [-0.7898964937279186, -0.7726611761030965, -0.738240273902731, -0.7039188378009136, -0.669696867797648, -0.6355743638929297, -0.6015513260867619, -0.567627754379143, -0.5338036487700744, -0.5000790092595571, -0.4664538358475864, -0.43292812853416757, -0.39950188731929787, -0.3661751122029784, -0.33294780318520695, -0.2998199602659864, -0.2667915834453148, -0.2338626727231923, -0.2010332280996221, -0.1683032495745971, -0.1356727371481262, -0.10314169082020357, -0.07071011059082943, -0.03837799646000545, -0.00614534842773142, 0.02598783350598976, 0.05802154934116894, 0.08995579907779364, 0.12179058271586671, 0.1535259002553933, 0.18516175169637014, 0.21669813703879726, 0.24813505628267216, 0.2794725094280003, 0.3107104964747774, 0.3418490174230061, 0.3728880722726841, 0.4038276610238124, 0.43466778367639325, 0.46540844023042094, 0.49604963068590063, 0.5265913550428296, 0.5570336133012108, 0.587376405461043, 0.617619731522323, 0.6477635914850547, 0.6778079853492351, 0.7077529131148681, 0.7375983747819499, 0.7524962390908548], "segunda_derivada": [0.0022259656430256773, 0.0033357369177183815, 0.004439085098771934, 0.004426238911493394, 0.0044133927242146565, 0.00440054653693574, 0.004387700349656968, 0.004374854162378481, 0.0043620079750993235, 0.004349161787820651, 0.004336315600542202, 0.004323469413263337, 0.0043106232259843245, 0.004297777038705635, 0.004284930851427155, 0.004272084664148113, 0.004259238476869436, 0.004246392289590793, 0.004233546102312153, 0.004220699915033148, 0.004207853727754194, 0.004195007540475847, 0.004182161353196887, 0.004169315165918079, 0.0041564689786393405, 0.0041436227913608705, 0.004130776604082052, 0.004117930416802857, 0.00410508422952442, 0.004092238042245619, 0.004079391854966851, 0.004066545667688164, 0.004053699480409427, 0.00404085329313053, 0.004028007105851767, 0.0040151609185732585, 0.0040023147312941935, 0.003989468544015576, 0.003976622356736969, 0.003963776169458092, 0.0039509299821791416, 0.003938083794900437, 0.003925237607622071, 0.003912391420342961, 0.0038995452330641317, 0.003886699045785588, 0.0038738528585068655, 0.0038610066712279232, 0.0028893319097815853, 0.0019240802419748357], "sigma": 0.0003295096209747772, "center": 5683.550095023713, "fwhm": 0.09986736423629969, "statistics": {"wv_mean": 5346.605, "wv_std": 111.73605643152267, "wv_min": 5156.90518, "wv_max": 5536.30482, "wv_kurt": -1.2009603841536618, "wv_skew": 1.2257242786677683e-14, "int_mean": -48.74154563083826, "int_std": 23.163352824353044, "int_max": 0.02382, "int_min": -74.65550096759115, "int_kurt": -0.8682753825597005, "int_skew": 0.6348854654504122}}