{"x": [5493.49604, 5493.4887953061225, 5493.481550612245, 5493.4743059183675, 5493.46706122449, 5493.459816530612, 5493.452571836735, 5493.445327142857, 5493.43808244898, 5493.430837755102, 5493.423593061225, 5493.416348367347, 5493.40910367347, 5493.401858979591, 5493.394614285714, 5493.387369591836, 5493.380124897959, 5493.372880204081, 5493.365635510204, 5493.358390816326, 5493.351146122449, 5493.343901428571, 5493.336656734694, 5493.329412040816, 5493.322167346939, 5493.314922653061, 5493.307677959184, 5493.300433265306, 5493.293188571429, 5493.285943877551, 5493.278699183674, 5493.271454489796, 5493.264209795919, 5493.256965102041, 5493.249720408164, 5493.242475714286, 5493.235231020409, 5493.22798632653, 5493.220741632653, 5493.213496938775, 5493.206252244898, 5493.19900755102, 5493.191762857143, 5493.184518163265, 5493.177273469388, 5493.17002877551, 5493.162784081633, 5493.155539387755, 5493.148294693878, 5493.14105], "y": [0.03281, 0.09222124644780486, 0.16445095536909354, 0.1504878056516999, 0.07612467904139708, 0.043444567284568, 0.050655822020777966, 0.04733113571014785, 0.0460343945578255, 0.05773712451323891, 0.06014654244377348, 0.05903043202310035, 0.07168911593641747, 0.08968110101168249, 0.10992671530747809, 0.14283739760638844, 0.19010384848272882, 0.2588266471450324, 0.3671939661098449, 0.5010343156760887, 0.5906292295530565, 0.5721293902031516, 0.46504244120605154, 0.3444176853638132, 0.25128122102963407, 0.18617522862429917, 0.1456611886582288, 0.11924993313085912, 0.09606667059745429, 0.08230637644748, 0.0763166764568418, 0.06507137293340763, 0.05474429106203869, 0.05416043907649452, 0.0534063554735329, 0.04921124767902205, 0.04698559744788593, 0.04348859939844485, 0.03918068426638935, 0.037972700003878514, 0.03528977014749483, 0.0327392709329923, 0.03654425663923001, 0.03985209588315029, 0.03720528660935835, 0.03437910457131336, 0.03421066033460781, 0.035478729915092995, 0.034897562570378106, 0.0299], "primeira_derivada": [-8.200656570491741, -9.085335943437812, -4.021326517658196, 6.095928815011051, 7.3876992028212864, 1.7577593650770134, -0.26823551769695925, 0.31895257005260497, -0.7181800210630427, -0.9739644023991557, -0.08925894811623994, -0.7966225825273199, -2.1153874480333617, -2.6390072524225108, -3.668636487162016, -5.533507317965932, -8.005117365877378, -12.222056626634057, -16.716211383544213, -15.420614536718137, -4.90669969836578, 8.667501378965556, 15.715757538508882, 14.752950489737112, 10.921265923378032, 7.289475177086762, 4.61891810923838, 3.4228166779228464, 2.549697565418449, 1.3630661608713937, 1.1894914958087706, 1.488840367829117, 0.7530293233496143, 0.09233900086925452, 0.341573535138341, 0.4431352196660145, 0.3949544574949485, 0.5386641114841044, 0.380685470485472, 0.2685354401911424, 0.36119049054180574, -0.08657967561814553, -0.49089893033565457, -0.04562166333765934, 0.3777241250197511, 0.20667721268712425, -0.07589177419857772, -0.04740726436369246, 0.3850217834884069, 0.6898238427840471], "segunda_derivada": [122.11411384715639, -288.4407625426057, -1047.7506030707787, -787.405645661355, 299.403226919022, 528.3822097911359, 99.30073094537, 31.053382722136515, 89.23199477519609, -43.40563477079243, -12.239428115959583, 139.83534253992948, 127.15407310023812, 107.1990801331814, 199.76689936678198, 299.2866884394654, 461.61711051943337, 601.2051140427664, 220.75176426801352, -815.0455964632921, -1662.4660974607182, -1423.2800988937151, -419.9935300001249, 330.8967705326026, 515.099425789361, 434.9630171196165, 266.8614136455968, 142.80938427525942, 142.1558006367653, 93.87602103052241, -8.680436267166993, 30.1228857863874, 96.38097831124729, 28.397044455429935, -24.21056187658557, -3.6841392651744083, -6.593024731427643, 0.9847888157756632, 18.64320810928452, 1.3454660937562148, 24.508634996412976, 58.80782785885677, -2.826759347805779, -59.94891364919438, -17.412666448750876, 31.30676788335379, 17.535901540269112, -31.810423289092192, -50.88076319113645, -42.07245529612281], "sigma": 1.4177803963955071e-05, "center": 5493.348236431364, "fwhm": 0.04820910617058484, "statistics": {"wv_mean": 5493.318544999999, "wv_std": 0.10454723328844594, "wv_min": 5493.14105, "wv_max": 5493.49604, "wv_kurt": -1.2009603841525918, "wv_skew": 2.609813216424948e-11, "int_mean": 0.1267152375710934, "int_std": 0.14262804405829277, "int_max": 0.5906292295530565, "int_min": 0.0299, "int_kurt": 3.0878908502613163, "int_skew": 2.0122869602630824}}