{"x": [5767.57028, 5767.562170408163, 5767.5540608163265, 5767.54595122449, 5767.537841632653, 5767.529732040816, 5767.5216224489795, 5767.513512857143, 5767.505403265306, 5767.497293673469, 5767.489184081633, 5767.481074489796, 5767.472964897959, 5767.464855306122, 5767.456745714286, 5767.448636122449, 5767.440526530612, 5767.4324169387755, 5767.424307346939, 5767.416197755102, 5767.408088163265, 5767.399978571429, 5767.391868979592, 5767.383759387755, 5767.375649795918, 5767.367540204082, 5767.359430612245, 5767.351321020408, 5767.3432114285715, 5767.335101836735, 5767.326992244898, 5767.318882653061, 5767.310773061225, 5767.302663469388, 5767.294553877551, 5767.286444285714, 5767.278334693878, 5767.270225102041, 5767.262115510204, 5767.2540059183675, 5767.245896326531, 5767.237786734694, 5767.229677142857, 5767.221567551021, 5767.213457959184, 5767.205348367347, 5767.19723877551, 5767.189129183674, 5767.181019591837, 5767.17291], "y": [0.20369, 0.21235844938769446, 0.2216424312135205, 0.23154777141336658, 0.24235249998176822, 0.2547134825028947, 0.26946253160607053, 0.2873784546652205, 0.3091399561273388, 0.33510401926806066, 0.36573412384781545, 0.4015909903902967, 0.44378999243832545, 0.49428895866872136, 0.5557941915294956, 0.6322521223306142, 0.7279607161809121, 0.8471842147365634, 0.9940585603083375, 1.1698600687992502, 1.3727049291298534, 1.5923271118778557, 1.805324113409201, 1.9704005332621475, 2.0370068890060065, 1.979502769177678, 1.8213375862714647, 1.6126983633858305, 1.3966803138083905, 1.1975703888051, 1.0244554677103235, 0.8793896695306367, 0.7602334001342351, 0.6633298943900117, 0.584810603960843, 0.5206183641683826, 0.4677203791174433, 0.42354845239212824, 0.386561166492986, 0.3555260689285117, 0.32945179720031026, 0.30730656161787473, 0.28800995870588414, 0.2707054972314797, 0.2550178857803314, 0.24097164119678516, 0.22891461504292404, 0.21896752771509745, 0.210907021302049, 0.20405], "primeira_derivada": [-1.0689131539808432, -1.10686404291115, -1.183125021087003, -1.2768872456966416, -1.4282908163522485, -1.6714794141377993, -2.013971406944714, -2.4463268509747826, -2.9425380194038766, -3.4893351515030977, -4.099279745567318, -4.812564563175436, -5.7153288442087185, -6.905661921473341, -8.506171854239314, -10.61499321529827, -13.251720723632788, -16.40636480138695, -19.894703738435574, -23.345587327011483, -26.047367832081196, -26.673301997766533, -23.31026203267119, -14.284490530554063, -0.5612018520036192, 13.297173709642136, 22.61546654731723, 26.18240726615907, 25.594874744535385, 22.94966587666389, 19.61755447625784, 16.290713077533123, 13.321248435839502, 10.815759886885127, 8.798934218568856, 7.219242793028119, 5.98488270005318, 5.003902431740677, 4.193946183305074, 3.5211001023521495, 2.972992246801594, 2.555112472290941, 2.256652685072842, 2.034138930157505, 1.8332523161048846, 1.6094071849082507, 1.356672069612149, 1.1102651097259257, 0.9197459018551458, 0.8455445650166568], "segunda_derivada": [4.679753271727915, 7.041776541015053, 10.482845882295774, 15.115791287725079, 24.328731728152828, 36.110361802669736, 47.7735163764785, 57.251131200814505, 64.30707744158879, 71.31935548991359, 81.58421769634899, 99.63812798335542, 129.0507216909672, 172.070497888125, 228.70024586351104, 292.5886385490425, 357.0692399005613, 409.5756696851758, 427.8404305255478, 379.34486824480507, 205.17152636979105, -168.75730952411791, -763.8369301833255, -1402.602044509653, -1700.558104248803, -1428.9663934967778, -794.4440248003552, -183.69655694164922, 199.31591222964803, 368.53397733325835, 410.5602928727235, 388.2011676532515, 337.5603421772733, 278.82502031663023, 221.7446430268191, 173.5014273943407, 136.5876610000395, 110.42087892987306, 91.42274723821112, 75.27838398560324, 59.55833841638403, 44.16619086083109, 32.120823872661205, 26.10491239832711, 26.186998914399776, 29.38373817621197, 30.774796391214068, 26.93885071861271, 16.321446876669786, 9.149823854565945], "sigma": 3.921305622700544e-05, "center": 5767.374389661571, "fwhm": 0.10448973969205451}