{"x": [5621.27408, 5621.262549795919, 5621.251019591837, 5621.239489387755, 5621.227959183673, 5621.216428979592, 5621.204898775511, 5621.193368571428, 5621.181838367347, 5621.170308163266, 5621.158777959184, 5621.147247755102, 5621.13571755102, 5621.124187346939, 5621.112657142858, 5621.101126938775, 5621.089596734694, 5621.078066530612, 5621.066536326531, 5621.055006122449, 5621.043475918367, 5621.031945714286, 5621.020415510204, 5621.0088853061225, 5620.997355102041, 5620.985824897959, 5620.974294693878, 5620.962764489796, 5620.951234285714, 5620.939704081633, 5620.928173877551, 5620.9166436734695, 5620.905113469388, 5620.893583265306, 5620.882053061225, 5620.8705228571425, 5620.858992653061, 5620.84746244898, 5620.835932244898, 5620.8244020408165, 5620.812871836734, 5620.801341632653, 5620.789811428572, 5620.77828122449, 5620.766751020408, 5620.755220816327, 5620.743690612245, 5620.7321604081635, 5620.720630204081, 5620.7091], "y": [0.0548, 0.05996141568049628, 0.06723302164049322, 0.07064979625590406, 0.07661413186331419, 0.07968131401084164, 0.09690662193820303, 0.10435691123582594, 0.12049051380469707, 0.14235512233229775, 0.16468358859174453, 0.1895059407145267, 0.22871010277570547, 0.2780251540268601, 0.34111374899436536, 0.425212193842277, 0.5371231913313177, 0.6724242246889853, 0.8310396002778742, 0.9786085335195003, 1.075812533628574, 1.0687340172230817, 0.9714722325389448, 0.8236807914559395, 0.673118655730168, 0.5433833735861369, 0.44129769359672, 0.3595261664596643, 0.2982086895921634, 0.25230885960297716, 0.22025416888285113, 0.18936167602617696, 0.16167967494228538, 0.14953862088073802, 0.132840754981512, 0.1232580976903087, 0.11211895568226093, 0.10106268266462633, 0.09909976551949454, 0.09007027104866291, 0.08466994772926366, 0.08144670672506037, 0.07391306442092405, 0.07116474274697232, 0.06525631214677735, 0.060776416131018016, 0.06138174338699037, 0.05710282447697886, 0.06187011267883233, 0.0544], "primeira_derivada": [-0.4476430463945735, -0.5391501118434816, -0.4634948566234618, -0.4068059054427343, -0.3916460494070061, -0.8799709845479317, -1.0700416510436659, -1.0227005393533943, -1.6477683668304368, -1.9164047086142435, -2.0446653870122247, -2.7764692511113007, -3.8385796419918656, -4.874312953451247, -6.382672794515054, -8.499825369414706, -10.720193202749838, -12.745498989566956, -13.277488701503879, -10.614423284077198, -3.9082345405461862, 4.524651096804855, 10.626577987257443, 12.937913965162029, 12.15492006398118, 10.052769252395013, 7.972851383651659, 6.20496406612614, 4.649410630403003, 3.3804484359816027, 2.72966476267773, 2.540045845140513, 1.7269015736033737, 1.2505815055976515, 1.1396382494242239, 0.8985877072233733, 0.9624901202622201, 0.5645689386967562, 0.4766789702089792, 0.6257399126649805, 0.3739554071406997, 0.46646543428498743, 0.4458708581912279, 0.3753945816040865, 0.450483206659736, 0.1680182212006139, 0.1593029762525145, -0.02117782514428786, 0.1172062722315544, 0.6478734137029837], "segunda_derivada": [7.936291916763084, 0.6874037144752966, -5.739022720784803, -3.1156780360141103, 20.518504085051756, 29.418195760209976, 6.189376779181962, 25.052753259669256, 38.754915479408886, 17.21118799668289, 37.29615436119406, 77.7919559039327, 90.9716639648555, 110.32298884688475, 157.2180505332964, 188.09382633153663, 184.1109485163896, 110.89550022816316, -92.41274874524106, -406.2917748263451, -656.4963756739307, -630.292942985539, -364.8358176800726, -66.27558653557624, 125.11247382589276, 181.35276057054594, 166.85763578613975, 144.1189041273249, 122.48333204346277, 83.2485641241177, 36.443526276010786, 43.484190826345326, 55.916804698422105, 25.466302244785847, 15.26398821213469, 7.681916465060458, 14.484512423715701, 21.066892945231352, -2.652640557555929, 4.454542276098441, 6.906836915067004, -3.118568003808106, 3.9492298677154993, -0.20001157116610707, 8.992744575099175, 12.626846339538458, 8.204366765917717, 1.8254969175974352, -29.012983382792267, -46.02408922951346], "sigma": 0.00012400952773883311, "center": 5621.036286781994, "fwhm": 0.10625050410983791, "statistics": {"wv_mean": 5620.99159, "wv_std": 0.16639087259729615, "wv_min": 5620.7091, "wv_max": 5621.27408, "wv_kurt": -1.2009603841536733, "wv_skew": 8.199013966486184e-12, "int_mean": 0.2815660935940267, "int_std": 0.2965611505066424, "int_max": 1.075812533628574, "int_min": 0.0544, "int_kurt": 0.9364937081253375, "int_skew": 1.4784168990399895}}