{"x": [5723.44528, 5723.438707755102, 5723.432135510204, 5723.425563265306, 5723.418991020408, 5723.412418775511, 5723.4058465306125, 5723.3992742857145, 5723.392702040816, 5723.386129795918, 5723.37955755102, 5723.372985306122, 5723.366413061224, 5723.359840816326, 5723.353268571428, 5723.346696326531, 5723.340124081633, 5723.333551836735, 5723.326979591837, 5723.320407346939, 5723.313835102041, 5723.307262857143, 5723.300690612245, 5723.2941183673465, 5723.2875461224485, 5723.280973877551, 5723.274401632653, 5723.267829387755, 5723.261257142857, 5723.254684897959, 5723.248112653061, 5723.241540408163, 5723.234968163265, 5723.228395918367, 5723.221823673469, 5723.215251428572, 5723.208679183674, 5723.202106938776, 5723.195534693878, 5723.1889624489795, 5723.1823902040815, 5723.175817959183, 5723.169245714285, 5723.162673469387, 5723.156101224489, 5723.149528979592, 5723.142956734694, 5723.136384489796, 5723.129812244898, 5723.12324], "y": [0.15465, 0.16582913185658407, 0.17750489260088548, 0.19004718510442553, 0.20426361921805422, 0.22115064953082103, 0.2415967796506944, 0.2660589501873385, 0.29476557652936647, 0.3279662748667432, 0.3663990166966275, 0.4117623611630592, 0.4670082343135075, 0.5362302558905657, 0.6243766330844905, 0.7368092703477439, 0.8788453211991284, 1.055491036619991, 1.2713711066294273, 1.5305973225644334, 1.8359355923530047, 2.1855068969814946, 2.557814075230273, 2.886277164125793, 3.0354564978880427, 2.907530134436253, 2.584486020478936, 2.2071772790473245, 1.8508775664049275, 1.539318224969939, 1.2761271638222027, 1.0586594036017398, 0.8822606560175374, 0.741522770058956, 0.6306647409359649, 0.5437563278845797, 0.4751674791373714, 0.4201222008512539, 0.3745877803190316, 0.33591771372162993, 0.3026071582594057, 0.2739581727033028, 0.24961714111548364, 0.2291889507124778, 0.21203447282466928, 0.19737055055652306, 0.18442707944987352, 0.17265189647986767, 0.1618050753335916, 0.15193], "primeira_derivada": [-1.7009609395257042, -1.7387432266605398, -1.8424490888203604, -2.035737182062307, -2.366273998536267, -2.8402137332319346, -3.4165115081017534, -4.04494945816982, -4.709754858476974, -5.449693466876875, -6.374997249505198, -7.654098346722878, -9.469206995344376, -11.97219528578579, -15.259551156599368, -19.35934312244339, -24.24451395342016, -29.86238275650871, -36.14490127150016, -42.95065799289426, -49.82388701090131, -54.91871453931961, -53.31285413238124, -36.337844227268505, -1.6168729742731376, 34.308709157654505, 53.281098487099854, 55.811101492232474, 50.80905112614615, 43.725577142830836, 36.56732431795438, 29.96438157085323, 24.126964109079978, 19.140789713734907, 15.045577672148866, 11.829843852549878, 9.405776028672106, 7.651852630152807, 6.406067366310263, 5.476106199341224, 4.71372734730936, 4.031348341844789, 3.4059307500921365, 2.8591956685874598, 2.4206645257228443, 2.100301632467125, 1.8805335513274009, 1.7210256515993492, 1.5764702016816683, 1.5025422038850191], "segunda_derivada": [5.74876434474201, 10.764065512575963, 22.594559393988952, 39.851292658855655, 61.20256957129663, 79.89945033464852, 91.65328922046949, 98.38672861676804, 106.86942060872936, 126.68748782639868, 167.70562524985053, 235.3997601912363, 328.5100453531934, 440.5149420840184, 561.995783157588, 683.5535602230213, 799.0450597160424, 905.3517863893584, 995.7233365013742, 1040.6631182790327, 910.4998925079698, 265.4319167651446, -1413.586270770097, -3932.901311500755, -5374.613582243977, -4176.5007479743035, -1635.8483796723885, 188.0671976850937, 919.4365499818185, 1083.4750552594542, 1046.9174373018084, 946.4315771739672, 823.4318733562343, 690.8892302250024, 556.1985269186713, 429.06204282941087, 317.8511518670908, 228.21035345554543, 165.52536192438365, 128.7490077783339, 109.91357442603754, 99.49390333923738, 89.17445191404074, 74.95659699635337, 57.73476551351152, 41.091817393542726, 28.854370671745265, 23.132381276285233, 16.621675782279354, 11.24851537692362], "sigma": 6.263356405944442e-05, "center": 5723.287508013054, "fwhm": 0.06802695209356219, "statistics": {"wv_mean": 5723.284259999999, "wv_std": 0.09484320969099821, "wv_min": 5723.12324, "wv_max": 5723.44528, "wv_kurt": -1.200960384154925, "wv_skew": 1.4384202593249023e-11, "int_mean": 0.8517495960751067, "int_std": 0.8460049548697551, "int_max": 3.0354564978880427, "int_min": 0.15193, "int_kurt": 0.42966534015934776, "int_skew": 1.3021080788981205}}