{"x": [5548.43293, 5548.40716, 5548.38139, 5548.35562, 5548.32985, 5548.30408, 5548.27831, 5548.2525399999995, 5548.22677, 5548.201, 5548.17523, 5548.14946, 5548.123689999999, 5548.09792, 5548.07215, 5548.04638, 5548.02061, 5547.994839999999, 5547.96907, 5547.9433, 5547.91753, 5547.8917599999995, 5547.865989999999, 5547.84022, 5547.81445, 5547.78868, 5547.7629099999995, 5547.73714, 5547.71137, 5547.6856, 5547.65983, 5547.634059999999, 5547.60829, 5547.58252, 5547.55675, 5547.5309799999995, 5547.505209999999, 5547.47944, 5547.45367, 5547.4279, 5547.4021299999995, 5547.376359999999, 5547.35059, 5547.32482, 5547.29905, 5547.273279999999, 5547.247509999999, 5547.22174, 5547.19597, 5547.1702], "y": [0.04452, 0.048423007292217046, 0.05358611827160025, 0.055673349239313365, 0.059707801134760104, 0.06968623217841627, 0.07490767695739346, 0.0783226592556036, 0.09034870003484914, 0.09844711939041376, 0.10966912445201067, 0.12728162209143823, 0.1513393756643352, 0.1717017339932802, 0.20154187350016983, 0.23922078831254742, 0.2927430436394473, 0.3625702013438861, 0.4531555620242431, 0.5638853638673074, 0.687188269423182, 0.8031664689579038, 0.8718638184014309, 0.8613668297222462, 0.7859126962154636, 0.6642386931460388, 0.5415542890068292, 0.4410657160533656, 0.3582914248645942, 0.29098695046167383, 0.24338605187050988, 0.20842518275594954, 0.17480546601835176, 0.15104692000836065, 0.13409982618016206, 0.11361247043713497, 0.105284286400594, 0.09010306992679797, 0.08460623506939421, 0.07775722316853073, 0.07525878634964642, 0.07090840301778158, 0.06291475947160466, 0.060693236609150936, 0.05959355809033625, 0.05574523983884114, 0.05501458516981712, 0.054719096450881875, 0.05137151555544685, 0.04465], "primeira_derivada": [-0.15145546341434926, -0.1759045066265477, -0.1406740773606886, -0.11877537569309218, -0.27188364258823866, -0.29491416031275464, -0.16756746366167177, -0.2995929972373373, -0.3904629440243378, -0.37486271666698967, -0.5594587252776143, -0.8085031279008933, -0.8618570411775849, -0.974049240130851, -1.310032097764084, -1.7695221214317727, -2.393275378937014, -3.112388792906938, -3.905998496807607, -4.5407975824055855, -4.642629124734227, -3.583149960746294, -1.1292270229905512, 1.6676585600861373, 3.8247601198046013, 4.741141001296118, 4.330092687134998, 3.555740476214487, 2.911889126708698, 2.2294406867136716, 1.6018969286981988, 1.3306283634624376, 1.113276343581124, 0.7897873464859225, 0.7263183851560914, 0.5590907989785017, 0.45613893113262644, 0.40120394511854107, 0.2395391299607034, 0.18136299417302484, 0.1328835884885098, 0.239503819910109, 0.19819880498126305, 0.06443929726898531, 0.09600304172046359, 0.08884309120071379, 0.019909650523276576, 0.07068431537460697, 0.1953646963679931, 0.26082714611550023], "segunda_derivada": [0.9487405204507212, -0.2091848283581648, -1.1084425870010715, 2.545781242314348, 3.417516193603834, -2.0239848452810363, 0.09078069314217241, 4.3247085829438845, 1.460413648242456, 3.2789247429571056, 8.413667272616449, 5.86725486801907, 3.2119928644089564, 8.695674361487136, 15.43408772399993, 21.017525827799894, 26.054844227107008, 29.350467945012483, 27.714567122878194, 14.292406440067829, -18.580667862865926, -68.16845366157021, -101.8783182166417, -96.1192693606019, -59.632953845303305, -9.804667584916714, 22.999622139962348, 27.516561126129048, 25.733406858573332, 25.417000349256416, 17.43912152201191, 9.480414922817872, 10.493616937951169, 7.507915374895823, 4.4760680540491045, 5.242131432313521, 3.0633848246325717, 4.202557259878171, 4.26544336328808, 2.069374106934299, -1.1280719002065998, -1.2672723417426468, 3.396672926715175, 1.9828436798609448, -0.47349231531908176, 1.476394862177268, 0.35232393919850774, -3.4042500164240774, -3.68922838066487, -2.54025804218146], "sigma": 2.328499633041936e-05, "center": 5547.853844342026, "fwhm": 0.2430545287430233, "statistics": {"wv_mean": 5547.801564999999, "wv_std": 0.37188351190265734, "wv_min": 5547.1702, "wv_max": 5548.43293, "wv_kurt": -1.2009603841535432, "wv_skew": 7.336941707998073e-12, "int_mean": 0.23252724842570505, "int_std": 0.24074634536413345, "int_max": 0.8718638184014309, "int_min": 0.04452, "int_kurt": 0.8479383852957909, "int_skew": 1.450409246369832}}