{"x": [5749.87887, 5749.875142040816, 5749.871414081632, 5749.8676861224485, 5749.863958163265, 5749.860230204081, 5749.8565022448975, 5749.852774285714, 5749.849046326531, 5749.845318367346, 5749.841590408163, 5749.83786244898, 5749.834134489795, 5749.830406530612, 5749.826678571429, 5749.822950612244, 5749.819222653061, 5749.815494693878, 5749.811766734693, 5749.80803877551, 5749.8043108163265, 5749.800582857143, 5749.796854897959, 5749.7931269387755, 5749.789398979592, 5749.785671020408, 5749.781943061224, 5749.778215102041, 5749.774487142857, 5749.770759183673, 5749.76703122449, 5749.763303265307, 5749.759575306122, 5749.755847346939, 5749.752119387756, 5749.748391428571, 5749.744663469388, 5749.7409355102045, 5749.73720755102, 5749.733479591837, 5749.7297516326535, 5749.726023673469, 5749.722295714286, 5749.718567755102, 5749.714839795919, 5749.711111836735, 5749.707383877551, 5749.703655918368, 5749.699927959184, 5749.6962], "y": [0.06471, 0.07019979511066077, 0.07615080009880532, 0.08208263855396729, 0.08847190807040996, 0.09643932063770956, 0.1068025219257768, 0.11927938893096068, 0.132920934469564, 0.14757410195416137, 0.16472907138637208, 0.18717386125973276, 0.21774573628044794, 0.25796320230063047, 0.30840545934435704, 0.37079110837030327, 0.4490465715241414, 0.5490065750310261, 0.6749872171839585, 0.823594453014577, 0.981336542842378, 1.1257377876013066, 1.2291516522928159, 1.270573994841806, 1.241140138337976, 1.1482610591228277, 1.0121536617054943, 0.8582506911979955, 0.7103450279561212, 0.5825052287550365, 0.47934297940894205, 0.39895719523631074, 0.33603326904021946, 0.2861592393867616, 0.24669171787502342, 0.21550258053312338, 0.19073461531607164, 0.16996371197777516, 0.15141214271522832, 0.13482890968202574, 0.1209491430955938, 0.11055118029618267, 0.10343368989763509, 0.09799800801250907, 0.09240046509451531, 0.08576878738360696, 0.07858246884017422, 0.07213494949037197, 0.06724499652316493, 0.0638], "primeira_derivada": [-1.4726006484020084, -1.5344588734255602, -1.5937464517898934, -1.6525272093289733, -1.9255417476133083, -2.458531994509925, -3.063347420095197, -3.503044327876819, -3.794933317121223, -4.2661594921344745, -5.311184666683217, -7.110682048770272, -9.494382522730774, -12.159430750758021, -15.132663812272524, -18.8630166324858, -23.902550684469816, -30.303529963469064, -36.82817654955381, -41.0880740089959, -40.52395958810286, -33.23736892359993, -19.425669662447408, -1.6079154110121678, 16.404811545331956, 30.712041809021535, 38.896666199807406, 40.47906895790709, 36.98343367581578, 30.982373623760264, 24.617763297550106, 19.2209333983815, 15.128646839627876, 11.982635373733785, 9.47658697016211, 7.5050583710254575, 6.107747740154556, 5.273994518416441, 4.712337308856154, 4.085747472162444, 3.2561688833826814, 2.3492013101849776, 1.6836520554785213, 1.4797942064802951, 1.6402031280187548, 1.853292320669858, 1.8285926994613457, 1.5206003818621219, 1.1178970958849865, 0.9240971678348732], "segunda_derivada": [16.593053190962454, 16.24827384285999, 15.835518856456591, 44.50092926213851, 108.10268372519877, 152.60436292004488, 140.09170728366655, 98.1215004026462, 102.35025742325836, 203.36211782267193, 381.5120306732026, 561.0573573588828, 677.146456415217, 756.2155340486589, 899.0959330774108, 1176.231610880667, 1534.4204118421094, 1733.6061404768523, 1446.4407352275557, 495.6844826823982, -1052.949442203823, -2829.737248350993, -4242.194180899957, -4805.642906113948, -4334.8056706448315, -3016.644435380161, -1309.9697003699036, 256.60588403007694, 1273.7123538433646, 1658.5039923983413, 1577.463653279181, 1272.695862533929, 970.8124026727124, 758.063539786684, 600.5399713232885, 451.83424279644777, 299.2339431391706, 187.15473567272738, 159.36964269977548, 195.303697525122, 232.90841937162037, 210.9085360595124, 116.60630668661959, 5.827441412647075, -50.09417965319879, -25.26711830155205, 44.6211884898037, 95.31965997082284, 80.00398939638475, 51.98552841301018], "sigma": 0.005545595649495194, "center": 5749.7924711046535, "fwhm": 0.040953447039551276, "statistics": {"wv_mean": 5749.7875349999995, "wv_std": 0.05379769318772923, "wv_min": 5749.6962, "wv_max": 5749.87887, "wv_kurt": -1.200960384153149, "wv_skew": 2.535880155784729e-11, "int_mean": 0.3730004099981311, "int_std": 0.371291850904662, "int_max": 1.270573994841806, "int_min": 0.0638, "int_kurt": 0.15803723636711897, "int_skew": 1.2353248241203274}}