{"x": [5625.25061, 5625.240098163265, 5625.229586326531, 5625.219074489796, 5625.208562653062, 5625.198050816327, 5625.187538979592, 5625.177027142857, 5625.166515306122, 5625.1560034693875, 5625.145491632653, 5625.134979795918, 5625.124467959184, 5625.113956122449, 5625.103444285714, 5625.09293244898, 5625.082420612245, 5625.071908775511, 5625.061396938776, 5625.05088510204, 5625.040373265306, 5625.029861428571, 5625.0193495918365, 5625.008837755102, 5624.998325918367, 5624.987814081633, 5624.977302244898, 5624.966790408163, 5624.956278571429, 5624.945766734694, 5624.93525489796, 5624.924743061224, 5624.914231224489, 5624.903719387755, 5624.89320755102, 5624.882695714286, 5624.872183877551, 5624.861672040816, 5624.851160204082, 5624.840648367347, 5624.830136530612, 5624.819624693878, 5624.809112857143, 5624.798601020408, 5624.788089183673, 5624.777577346938, 5624.767065510204, 5624.756553673469, 5624.746041836735, 5624.73553], "y": [0.0871, 0.10100499017162246, 0.09847733709504734, 0.11412292652413351, 0.12705604050868513, 0.14190064249966466, 0.1570508481501263, 0.17463142408745302, 0.20549061231067195, 0.23313843228728975, 0.27121411503212084, 0.31986279947966423, 0.3776388768150974, 0.45437729534013666, 0.5613961353495602, 0.6874569277536587, 0.8524856385412632, 1.0606881119347227, 1.2935354561232992, 1.5125172173152144, 1.662216526895432, 1.7235947474802433, 1.6955743853516958, 1.5812080995651516, 1.3813716371942337, 1.1563969973357504, 0.950145300472904, 0.7739411533221525, 0.6417622045638128, 0.5275711700797536, 0.44788497766746604, 0.38099715404889845, 0.32929817173608633, 0.29676618028511353, 0.2516362955156149, 0.22709340090669008, 0.20485595540937707, 0.18160701846164967, 0.16535756771590288, 0.15113034756044197, 0.1394879194830064, 0.12823226699076615, 0.12893037686186978, 0.11685869541678594, 0.1067668152241807, 0.10415132324202843, 0.09450041873234193, 0.08865528442284756, 0.08833632386215225, 0.08633], "primeira_derivada": [-1.3227935823836041, -0.5411678939787234, -0.6239602404261719, -1.3593582232641543, -1.3212589139651203, -1.4267158251539953, -1.5568535933672294, -2.3040580529046384, -2.7829108117297796, -3.1261664531460718, -4.125081533407751, -5.062139208862131, -6.398239396994736, -8.740492416954728, -11.08653217785632, -13.845796435981514, -17.75290054457254, -20.978722782545567, -21.491444205596512, -17.536472457847506, -10.03999279544629, -1.5866807722762177, 6.77268166875735, 14.945187795896398, 20.20632135724801, 20.511464723430585, 18.19167542594752, 14.668373553281544, 11.718693386425285, 9.221853030583382, 6.97185561975827, 5.640632028447868, 4.006482210970729, 3.694020283091026, 3.3140154826104977, 2.225126839734881, 2.163579191409276, 1.8787576657931135, 1.449635856730373, 1.2305008575566627, 1.0891569735980495, 0.5021740199961385, 0.5409887853389003, 1.0542192671111181, 0.60443158011121, 0.58345638357556, 0.7370756990613501, 0.29319780290571756, 0.1106031458417211, 0.19086330132431917], "segunda_derivada": [-74.3567188244551, -33.240306123464016, 38.91757215894571, 33.167308965249546, 3.2038930774100285, 11.206161461114846, 41.73115744953689, 58.3179347844759, 39.10393687592698, 63.84092312132976, 92.08537026358412, 108.1237238065173, 174.96244000715072, 223.00064675757574, 242.83596425217291, 317.0886561032484, 339.2806855090686, 177.8254245859127, -163.732105599187, -544.693172979841, -758.6586477812406, -799.7020353649882, -786.3453830919298, -638.9768043221745, -264.7623373563671, 95.82749343247391, 277.92912493132667, 307.8901529264895, 259.06607285667263, 225.78536399032177, 170.3423051741919, 141.04925159712522, 92.59141834582563, 32.93747543088716, 69.86854345435847, 54.72099311684038, 16.475197564710676, 33.95901937515027, 30.83461171449358, 17.14633190339783, 34.643176827588974, 26.07385379444114, -26.25826775224068, -3.01768360616787, 22.39203744408602, -6.309274121108552, 13.806273251649518, 29.798434328619976, 4.867584236936706, -7.635217089916371], "sigma": 0.011071576882522027, "center": 5625.0263924406745, "fwhm": 0.10918444855756018, "statistics": {"wv_mean": 5624.99307, "wv_std": 0.15169494611745485, "wv_min": 5624.73553, "wv_max": 5625.25061, "wv_kurt": -1.2009603841530507, "wv_skew": -8.993351880284797e-12, "int_mean": 0.49287609086247564, "int_std": 0.503124490090521, "int_max": 1.7235947474802433, "int_min": 0.08633, "int_kurt": 0.30259587064438653, "int_skew": 1.288485106978616}}