{"x": [5723.56016, 5723.547995714286, 5723.535831428571, 5723.523667142857, 5723.511502857143, 5723.499338571429, 5723.487174285714, 5723.47501, 5723.462845714285, 5723.450681428571, 5723.438517142858, 5723.426352857143, 5723.414188571429, 5723.402024285714, 5723.38986, 5723.377695714285, 5723.365531428572, 5723.353367142857, 5723.341202857143, 5723.329038571428, 5723.316874285714, 5723.30471, 5723.292545714286, 5723.280381428572, 5723.268217142857, 5723.256052857143, 5723.243888571428, 5723.231724285714, 5723.21956, 5723.207395714286, 5723.195231428572, 5723.183067142857, 5723.170902857143, 5723.158738571428, 5723.146574285714, 5723.13441, 5723.122245714286, 5723.110081428571, 5723.097917142857, 5723.085752857142, 5723.073588571428, 5723.061424285715, 5723.04926, 5723.037095714286, 5723.024931428571, 5723.012767142857, 5723.000602857142, 5722.988438571429, 5722.976274285714, 5722.96411], "y": [0.0917, 0.10016743913583656, 0.11284125244510856, 0.1233717238581279, 0.13541631061975712, 0.15133831277055643, 0.17094014650365902, 0.18948646123034246, 0.2165731491432347, 0.2495433483932451, 0.2876315686319049, 0.33784713387952336, 0.4014582555727263, 0.48184111050381556, 0.5936782329379308, 0.7279306442620744, 0.9048350723532242, 1.130314686680984, 1.3830318648988567, 1.6200063632210184, 1.763706913571844, 1.812622247825931, 1.8164517168388028, 1.7412784266450123, 1.5689692346906114, 1.3260579748136954, 1.0869880998877903, 0.886952823326433, 0.7290964906334989, 0.5987399070479121, 0.5039640873402511, 0.4292413988557528, 0.3713683087060909, 0.3246570492279272, 0.2851611412419486, 0.25408952762982834, 0.22857693454741934, 0.20716513533312564, 0.18398898872172986, 0.17478076326133474, 0.15982419924027783, 0.1464698410208116, 0.138665842357988, 0.12734576883758092, 0.11723463434289434, 0.11528834809194827, 0.10299366831781734, 0.09579587918274057, 0.09876999758028143, 0.09187], "primeira_derivada": [-0.6960901227579002, -0.8689886501184344, -0.9537873931614282, -0.9279237065291209, -1.1495368313929446, -1.4601694138950148, -1.5680389854224113, -1.8756959393761308, -2.468574340215155, -2.9207806015108733, -3.6296329912007117, -4.6787246540374055, -5.918718945190975, -7.900997307992143, -10.11524801116229, -12.789770263642765, -16.539567216213307, -19.65576951148602, -20.128254467214113, -15.647242165004567, -7.917270653431668, -2.168018924646146, 2.932511733790008, 10.172503670172793, 17.067194144495716, 19.811320866742715, 18.04894926834158, 14.71075316952462, 11.846684755969438, 9.253827499150676, 6.967055533413862, 5.450208164623709, 4.298828228959822, 3.5434537419059784, 2.9006027667922543, 2.3258335106290318, 1.928777134912555, 1.8327399928278383, 1.3311250998334216, 0.9932679176129727, 1.1636902859088656, 0.8696917097794344, 0.7860746052970083, 0.8809069647977513, 0.4956074293546199, 0.5853597309168599, 0.8012171600934197, 0.17360948421980835, 0.16136907973619727, 0.5672340935241688], "segunda_derivada": [14.213619395938407, 10.592371654829702, 2.4224626827548996, 8.046072035320885, 21.877392551652317, 17.20208501582253, 17.079774975667675, 37.01554599837963, 42.95709122086908, 47.7240784331785, 72.25841672129548, 94.09043850773872, 132.4480832506938, 172.493854736829, 200.947802051778, 264.0647940996927, 282.2195815308925, 147.50916474988492, -164.76624442312513, -501.91947560854976, -554.0491056116251, -445.9687416925935, -507.2440291449669, -580.991056221639, -396.1933081369361, -40.35399804400252, 209.65339918017727, 254.93747261557104, 224.30111387237338, 200.57195865548834, 156.34371897582218, 109.67463964241776, 78.37510839090343, 57.47256744059846, 50.04898190783684, 39.94585685925278, 20.268083526685736, 24.56584994443476, 34.505604970526186, 6.882229579960161, 5.079468319810067, 15.52149010142368, -0.4609911046852901, 11.939343696938376, 12.148154064345182, -12.561762273417862, 16.92455506087997, 26.300273414460857, -16.17952005354978, -33.36529767011947], "sigma": 0.0177574278880277, "center": 5723.298566382507, "fwhm": 0.13085061030700457, "statistics": {"wv_mean": 5723.262135, "wv_std": 0.17554122201074057, "wv_min": 5722.96411, "wv_max": 5723.56016, "wv_kurt": -1.2009603841532286, "wv_skew": 6.413910559777033e-17, "int_mean": 0.5379613685232241, "int_std": 0.5447669224532559, "int_max": 1.8164517168388028, "int_min": 0.0917, "int_kurt": 0.16438817109607795, "int_skew": 1.2505429477373189}}