{"x": [5683.65177, 5683.648042040817, 5683.644314081633, 5683.640586122449, 5683.636858163266, 5683.633130204082, 5683.629402244898, 5683.625674285715, 5683.621946326531, 5683.618218367347, 5683.614490408164, 5683.61076244898, 5683.607034489796, 5683.603306530613, 5683.5995785714285, 5683.595850612245, 5683.592122653062, 5683.5883946938775, 5683.584666734694, 5683.580938775511, 5683.577210816326, 5683.573482857143, 5683.56975489796, 5683.566026938775, 5683.562298979592, 5683.558571020409, 5683.554843061225, 5683.551115102041, 5683.547387142858, 5683.543659183674, 5683.53993122449, 5683.5362032653065, 5683.532475306123, 5683.528747346939, 5683.5250193877555, 5683.521291428572, 5683.517563469388, 5683.513835510204, 5683.510107551021, 5683.506379591837, 5683.502651632653, 5683.49892367347, 5683.495195714286, 5683.491467755102, 5683.487739795919, 5683.484011836735, 5683.480283877551, 5683.476555918368, 5683.472827959184, 5683.4691], "y": [0.04199, 0.04594167926204334, 0.04853130028109651, 0.0501244069020079, 0.05193330867515776, 0.055292799542895316, 0.060808511833622306, 0.06829773832035371, 0.07722480337660477, 0.08761273861424909, 0.10031889411530281, 0.11670017642194368, 0.13806293977827766, 0.1648137114347488, 0.19734554370670798, 0.23706504512002824, 0.2868597887208265, 0.3514452368959746, 0.4346941049397438, 0.534638713869115, 0.6421214950956162, 0.7402948128515486, 0.8081610921219596, 0.8298946956947315, 0.8000864148835998, 0.7268471708768286, 0.6276084994122619, 0.5231691330419908, 0.42873014229242806, 0.3512915529757989, 0.2912101921801397, 0.24456754468645925, 0.2075179918148716, 0.17798636821813563, 0.15443158639625182, 0.1354426376971509, 0.11972451998700831, 0.10623691791266024, 0.09496772849486992, 0.08629166891238836, 0.08007502216538977, 0.07529299153674145, 0.07048242121712513, 0.0648507406083917, 0.05884245806589667, 0.05360643096303331, 0.04984604867647661, 0.04726330710073737, 0.04483715503713392, 0.04189], "primeira_derivada": [-1.0600114077593275, -0.8773299221544638, -0.5609942912066256, -0.4562829455360755, -0.6931932977296934, -1.1903568039251542, -1.7442437185791977, -2.2017799462732386, -2.590559518147684, -3.097417327107517, -3.901254865373608, -5.062293308715283, -6.4530662282077085, -7.951080068888883, -9.69046737402441, -12.005797355991051, -15.340858917117671, -19.827780955862156, -24.570209592138557, -27.820501771499437, -27.582933294204977, -22.26950307913875, -12.017283240616141, 1.0829889545699274, 13.820903039567279, 23.133020908638972, 27.317632488851014, 26.673891439349028, 23.052502939474703, 18.444401256943255, 14.313999030908775, 11.224935178796734, 8.929976588403186, 7.120035762304254, 5.706034914580059, 4.654968670223958, 3.917119038096983, 3.3204214791987274, 2.6750895083242794, 1.9974341985905464, 1.4751606488454794, 1.286575372104629, 1.4005318209533053, 1.5611709488563572, 1.5081052515432478, 1.2066131824124928, 0.8507501759375284, 0.6718010300465639, 0.7206767611670807, 0.7905545345757516], "segunda_derivada": [-49.0030809401892, -66.92899411514844, -56.471511067530685, 17.730747577985596, 98.4551898492207, 140.96860628292987, 135.65373071376027, 113.50926308936384, 120.12435446156407, 175.79260967629048, 263.5323892665193, 342.25312523534456, 387.4488182505919, 434.2055513718182, 543.825332729626, 757.8397811173371, 1049.0972693303825, 1237.8556496866713, 1071.996824867569, 404.0714441202466, -744.5090488694049, -2087.690514824581, -3132.07453222313, -3465.4599213729957, -2957.386450524454, -1810.203490083392, -474.9073629969711, 572.0461704451474, 1103.7527206703041, 1172.0224763269073, 968.2866311215033, 722.1139204674619, 550.5558422276806, 432.40034491302174, 330.61884141200443, 239.93233137321954, 178.9916580648639, 166.58303761882843, 177.44122392020134, 160.93642664894787, 95.3415517067864, 10.009340796405793, -36.82920912096859, -14.427924944771835, 47.553869149286776, 88.16554087505264, 71.72988303497429, 17.44565972375647, -15.927414796297587, -18.744243155936644], "sigma": 0.0049725722820754825, "center": 5683.565137866232, "fwhm": 0.03968245404346176, "statistics": {"wv_mean": 5683.560435, "wv_std": 0.053797693187976905, "wv_min": 5683.4691, "wv_max": 5683.65177, "wv_kurt": -1.200960384150169, "wv_skew": 4.178020457917476e-17, "int_mean": 0.23666540365456654, "int_std": 0.23944946689802002, "int_max": 0.8298946956947315, "int_min": 0.04189, "int_kurt": 0.31298903784683985, "int_skew": 1.2852524851940035}}