{"x": [5521.29705, 5521.291246530613, 5521.285443061224, 5521.279639591837, 5521.273836122449, 5521.268032653062, 5521.262229183673, 5521.256425714286, 5521.250622244898, 5521.24481877551, 5521.239015306122, 5521.233211836735, 5521.227408367347, 5521.221604897959, 5521.2158014285715, 5521.209997959184, 5521.204194489796, 5521.198391020408, 5521.192587551021, 5521.186784081633, 5521.180980612245, 5521.175177142857, 5521.16937367347, 5521.163570204081, 5521.157766734694, 5521.151963265306, 5521.146159795919, 5521.14035632653, 5521.134552857143, 5521.128749387755, 5521.122945918367, 5521.117142448979, 5521.111338979592, 5521.105535510204, 5521.099732040816, 5521.0939285714285, 5521.088125102041, 5521.082321632653, 5521.076518163265, 5521.070714693878, 5521.06491122449, 5521.059107755102, 5521.053304285714, 5521.047500816327, 5521.041697346938, 5521.035893877551, 5521.030090408163, 5521.024286938776, 5521.018483469387, 5521.01268], "y": [0.04764, 0.05058685022292755, 0.053212395469424884, 0.05504138618491141, 0.05603862269349046, 0.056681156087293176, 0.057792660685865846, 0.06019516688295067, 0.06440846656561977, 0.07033729320467044, 0.0773097235147537, 0.08440171560962635, 0.09093861067717268, 0.09707425715426758, 0.10408696726470953, 0.1144017900249285, 0.13114516875926172, 0.1573036283067554, 0.19473677632794262, 0.24325945365172377, 0.29995155044429717, 0.3590339994382728, 0.4124206689730793, 0.45113068164991027, 0.46748629694177063, 0.45763820607129035, 0.4231579461062755, 0.37077883741013956, 0.310179255442249, 0.2511077675769659, 0.2008261058280211, 0.16297387255244575, 0.1376228291322663, 0.12224428127361735, 0.11314108322615721, 0.10671268034038545, 0.10034696575753269, 0.09280573562093777, 0.08418670735985544, 0.07550277363665256, 0.06801168717152677, 0.06266914326752134, 0.05967923733831313, 0.05848680420407866, 0.05806687858158368, 0.057361095126291825, 0.055744202582664916, 0.05314719807482245, 0.05006086427988592, 0.04726], "primeira_derivada": [-0.5077738894038002, -0.48009174313808384, -0.38378215376031705, -0.24349462669280178, -0.1412749678591573, -0.15111977638888477, -0.3027508685537299, -0.5699871437249115, -0.8737985542550921, -1.1115124494244257, -1.211725389234009, -1.1742016931949724, -1.0918073911908683, -1.1328014079666837, -1.4928598493151213, -2.3312091169727736, -3.6962233634642256, -5.47875790519659, -7.405555160684099, -9.064816843412899, -9.974597783423436, -9.689817505628424, -7.934622900119209, -4.744199054703978, -0.5606581155915816, 3.8191250677535686, 7.483400260661898, 9.733719876121585, 10.310304219998091, 9.42136007826321, 7.5932075395642675, 5.445301118661071, 3.5090726390789992, 2.1092336557262734, 1.3381306848506889, 1.1022818088933302, 1.1981578422993167, 1.39229289562671, 1.4907429357298936, 1.3935647031380494, 1.1056860570131, 0.7178852231482127, 0.36033093173971426, 0.13891335069980013, 0.09698587194437311, 0.20011098911979472, 0.3630498215898667, 0.489650062992786, 0.5072136752405316, 0.482618946163119], "segunda_derivada": [-4.769930608289786, -10.682552741709848, -20.38410997189741, -20.893294140865798, -7.958588573143616, 13.912014512360253, 36.08766923155364, 49.19881949676357, 46.65530818714412, 29.114208449191047, 5.401014426435625, -10.331578409063235, -3.566856518120442, 34.55281929775848, 103.24924876721188, 189.83157891050993, 271.1782020213463, 319.5788199734767, 308.9582023073401, 221.33679451043304, 53.8471576599133, -175.754772455383, -426.091542861232, -635.3065977939448, -737.7762809346154, -693.0387531273378, -509.5740507085595, -243.5529310452432, 26.911471139236102, 234.09244529423293, 342.5587949040879, 351.8701166306606, 287.42009651325264, 187.03828771231073, 86.75429984369622, 12.059410777010424, -24.986009862930324, -25.207774339067548, -0.10957303523288696, 33.17471438257773, 58.213409498811885, 64.21633986906112, 49.881530666405986, 22.688588686437377, -5.272504628610232, -22.92283562471218, -24.945343426515542, -12.42048885015596, 0.6057684084849669, 4.23793552359909], "sigma": 1.51319934360572e-08, "center": 5521.157109953064, "fwhm": 0.06576310306740049}