{"x": [5767.56938, 5767.56130877551, 5767.55323755102, 5767.54516632653, 5767.53709510204, 5767.529023877551, 5767.520952653061, 5767.512881428572, 5767.504810204082, 5767.496738979592, 5767.488667755102, 5767.480596530612, 5767.472525306122, 5767.4644540816325, 5767.456382857143, 5767.448311632653, 5767.440240408163, 5767.432169183673, 5767.424097959183, 5767.416026734694, 5767.407955510204, 5767.3998842857145, 5767.391813061225, 5767.383741836735, 5767.375670612245, 5767.367599387755, 5767.359528163265, 5767.351456938775, 5767.343385714285, 5767.335314489796, 5767.327243265306, 5767.319172040817, 5767.311100816327, 5767.303029591837, 5767.294958367347, 5767.286887142857, 5767.278815918367, 5767.2707446938775, 5767.262673469388, 5767.254602244898, 5767.246531020408, 5767.238459795918, 5767.230388571428, 5767.222317346939, 5767.214246122449, 5767.2061748979595, 5767.19810367347, 5767.19003244898, 5767.18196122449, 5767.17389], "y": [0.08938, 0.10042540002145087, 0.10529222237518183, 0.11082424229624686, 0.12871005111225647, 0.14485669658321917, 0.1563292256277843, 0.1803846193193237, 0.20999938175060487, 0.23620468333832764, 0.2734713509177144, 0.3213237968875645, 0.3747377439269101, 0.44938534384748563, 0.5485514739326164, 0.6701002776155359, 0.8297042336507054, 1.0288226244584258, 1.2578389404682062, 1.4961949768160516, 1.6745501474605462, 1.753019256018989, 1.7652404097412833, 1.7108065898701303, 1.5631441047176622, 1.354395132361292, 1.1275473582341977, 0.913556811562124, 0.7470899772174007, 0.6187229712938662, 0.5100032998748565, 0.43351527354519354, 0.3780570975279357, 0.32523670641393754, 0.2842093343471267, 0.25335976085029727, 0.22704533083792167, 0.2073312583015141, 0.18650069512471792, 0.16812771609306437, 0.15733893130231008, 0.14304502971247882, 0.12964847405617053, 0.12415857403597073, 0.11622655203381907, 0.10609826290539248, 0.09885872579830941, 0.09253526731851304, 0.08962333988276805, 0.08863], "primeira_derivada": [-1.3684912413620471, -0.9857378143277595, -0.6441923581638844, -1.4506986372682569, -2.1082584389577526, -1.7109655759296323, -2.200900419924288, -3.324784002304703, -3.4579675047496172, -3.931991313510695, -5.272998765930225, -6.273298006784535, -7.933216770310618, -10.767494462823098, -13.672952229561076, -17.41698301608608, -22.222300178443422, -26.52228960766498, -28.95300167717283, -25.814621284474175, -15.909870895385398, -5.618122900347126, 2.6150100397932525, 12.519556684201, 22.079144122199885, 26.984551540493836, 27.30925904443475, 23.568752268903328, 18.264505010260773, 14.68715667865342, 11.473333320836826, 8.173865224538993, 6.707691457918441, 5.813725246932562, 4.452666733150055, 3.5412224985791294, 2.8513952626745347, 2.511678108080234, 2.4285994186919293, 1.8065266217670082, 1.5538340193655398, 1.7153814319562612, 1.1699870138218427, 0.8314675201982644, 1.1188086239733734, 1.0759102449270521, 0.840206811488506, 0.5721180179745374, 0.24192533136796884, 0.12307176984298274], "segunda_derivada": [-47.421977608822445, -44.86920690332769, 28.80361112023265, 90.69665220139716, 16.123138378080235, 5.7390288848262205, 99.97358074304039, 77.87338132362818, 37.61556328709809, 112.43840779420256, 145.04036507800097, 164.79643254378016, 278.4085897796782, 355.56782409260614, 411.9256354231289, 529.6190162728602, 564.0598030081617, 416.95665305672196, -43.83896917494069, -808.001982778206, -1251.1421538008778, -1147.5880121060911, -1123.6014812447204, -1205.773306568355, -896.0842852563168, -323.9976120600113, 211.60353524292069, 560.3086647836618, 550.2012489802178, 420.70268878961804, 403.48843367309956, 295.2242171661477, 146.20705820840723, 139.6953292278788, 140.77806602989617, 99.19631602897957, 63.77869874585569, 26.191555228910087, 43.68305498121391, 54.19037721132221, 5.646304964331406, 23.77873431878654, 54.75711355305655, 3.170422896525786, -15.142852552029137, 17.258955740520644, 31.2091571474039, 37.06262171691501, 27.81772757623501, 14.72559234031832], "sigma": 0.011701359786099319, "center": 5767.393147191103, "fwhm": 0.0871146594022691, "statistics": {"wv_mean": 5767.3716349999995, "wv_std": 0.11647478884816674, "wv_min": 5767.17389, "wv_max": 5767.56938, "wv_kurt": -1.200960384154457, "wv_skew": 1.1712786062315645e-11, "int_mean": 0.5212031934677079, "int_std": 0.5267217825821605, "int_max": 1.7652404097412833, "int_min": 0.08863, "int_kurt": 0.1494721456518997, "int_skew": 1.2413056455798117}}