{"x": [5735.12909, 5735.127706326531, 5735.126322653062, 5735.124938979592, 5735.123555306122, 5735.122171632654, 5735.120787959184, 5735.119404285714, 5735.118020612245, 5735.116636938776, 5735.115253265306, 5735.113869591837, 5735.112485918367, 5735.111102244899, 5735.109718571429, 5735.108334897959, 5735.10695122449, 5735.105567551021, 5735.104183877551, 5735.102800204082, 5735.101416530612, 5735.100032857143, 5735.098649183674, 5735.097265510204, 5735.095881836734, 5735.094498163266, 5735.093114489796, 5735.091730816326, 5735.090347142857, 5735.088963469388, 5735.087579795918, 5735.086196122449, 5735.084812448979, 5735.08342877551, 5735.082045102041, 5735.080661428571, 5735.079277755101, 5735.077894081633, 5735.076510408163, 5735.075126734694, 5735.073743061224, 5735.072359387755, 5735.070975714286, 5735.069592040816, 5735.068208367346, 5735.066824693878, 5735.065441020408, 5735.064057346938, 5735.062673673469, 5735.06129], "y": [0.02892, 0.035359861546314604, 0.04256718155044101, 0.050507483853365114, 0.059116108955727394, 0.06829687664344194, 0.07806170285804902, 0.08836406121484372, 0.09906762750282994, 0.11003617016112231, 0.12122752683360845, 0.1325646509816463, 0.14387865395897986, 0.1549811355725235, 0.1658006812674529, 0.17624889297237367, 0.18613277528946304, 0.19527580847499307, 0.20359179485685527, 0.21100159496468995, 0.21735016820526634, 0.22250858224867442, 0.22642626244852576, 0.22907392376021302, 0.23036538220890704, 0.23029854833122004, 0.22888088943072177, 0.22611270801156202, 0.22204937013900325, 0.21679059432746894, 0.21040953007955096, 0.20295250609745424, 0.19456023839253464, 0.18540297915083803, 0.17560000527207706, 0.16520997287011308, 0.15440359822491223, 0.1433696570136542, 0.13223565394968267, 0.1210495098939763, 0.10995036012305918, 0.0991075051158638, 0.0886335444012268, 0.07853117409751614, 0.06890033369288677, 0.05986142257525827, 0.051473962411346164, 0.04372688483781904, 0.03665563007573367, 0.03033], "primeira_derivada": [-4.654177222627186, -4.931503658051811, -5.473698326786959, -5.9800696361766175, -6.428320404072698, -6.846121690983439, -7.251416251947414, -7.590636487366892, -7.831366802826519, -8.00763323708748, -8.140822716114151, -8.18514180857776, -8.100352102152597, -7.921676535486036, -7.685251565958736, -7.347143120709507, -6.8755078149874915, -6.308937747773567, -5.68262196212784, -4.97168358505051, -4.158129622276578, -3.27970957197462, -2.372431667362534, -1.423428231656548, -0.44252657805861206, 0.5364317561772002, 1.5125824160346881, 2.4686168534244137, 3.3686104023723704, 4.206136893636237, 5.000489110116363, 5.727251421340209, 6.341643216659382, 6.851411673938649, 7.296882801214023, 7.659468621410446, 7.892149535861741, 8.010540336165642, 8.06553988910547, 8.052945410050748, 7.928895530021938, 7.702979133214192, 7.43539985243234, 7.130732481400799, 6.746444134756736, 6.297140065430538, 5.830327057123037, 5.354707112908524, 4.841057205842512, 4.571620555117893], "segunda_derivada": [200.42765977233367, 296.13963206080314, 378.9065850497211, 344.9593051315646, 312.9539136383154, 297.4313904829857, 269.03558269973917, 209.5691518852146, 150.68466621053682, 111.82403943566321, 64.14395283043426, -14.624336904828471, -95.20500282195394, -149.99945630774883, -207.6116321337218, -292.606517707698, -375.16270854308266, -431.0575720956946, -483.2260617944707, -550.885875069605, -611.406538502483, -645.2743347984313, -670.7801304113282, -697.384582251685, -708.2089927175609, -706.4921881946781, -698.2084789271617, -670.6885791942175, -627.8649113425213, -589.6906833361088, -549.6652792345599, -484.6353335289498, -406.2231000308283, -345.182445777229, -291.9969795699374, -215.10376099394196, -126.86219782119201, -62.655806118788895, -15.323367408239859, 49.37738639893775, 126.46274012462835, 178.32808410079483, 206.78529455295856, 248.9589244693924, 301.2243981284727, 331.0452566968547, 340.554680402361, 357.4795185627633, 282.97375615926364, 194.7256029846044], "sigma": 0.012750808823125848, "center": 5735.095206611483, "fwhm": 0.03982237584444279}