{"x": [5702.15773, 5702.149236122449, 5702.140742244898, 5702.132248367347, 5702.123754489796, 5702.115260612245, 5702.106766734694, 5702.098272857143, 5702.089778979592, 5702.081285102041, 5702.07279122449, 5702.0642973469385, 5702.055803469388, 5702.047309591837, 5702.038815714286, 5702.030321836734, 5702.021827959184, 5702.013334081633, 5702.004840204082, 5701.99634632653, 5701.9878524489795, 5701.979358571429, 5701.970864693878, 5701.962370816326, 5701.9538769387755, 5701.945383061225, 5701.936889183674, 5701.928395306122, 5701.919901428571, 5701.911407551021, 5701.90291367347, 5701.894419795918, 5701.885925918367, 5701.8774320408165, 5701.868938163266, 5701.860444285714, 5701.851950408163, 5701.8434565306125, 5701.834962653062, 5701.82646877551, 5701.817974897959, 5701.809481020408, 5701.800987142858, 5701.792493265306, 5701.783999387755, 5701.775505510204, 5701.7670116326535, 5701.758517755102, 5701.750023877551, 5701.74153], "y": [0.06218, 0.06721421951490017, 0.07376302994848463, 0.07946543743205407, 0.08398359792530209, 0.09773965686768606, 0.11206668424551613, 0.12094243437736282, 0.13622506737668938, 0.15611843879373702, 0.18044798782316035, 0.2131278927485951, 0.25239738375332643, 0.30876611532007064, 0.3843793256098418, 0.4754793189967158, 0.5966846089855261, 0.7527054352675743, 0.9339549970150124, 1.1086264573641034, 1.220051310933959, 1.232002411827785, 1.1413317421473201, 0.9784661432506844, 0.8048534120317048, 0.6512386418895805, 0.5196662020428158, 0.4216161801769008, 0.34994928845204953, 0.29090741427589606, 0.2467737068649802, 0.21231253604886707, 0.18673122777087653, 0.17192928217828213, 0.1548128500938516, 0.13583682413049672, 0.12498164639985367, 0.11536316034521801, 0.10584194122882996, 0.102576590974678, 0.09872763063652729, 0.08900202534699289, 0.08039556033478337, 0.0781141935084655, 0.0766542269833075, 0.07090605752829114, 0.06670070973345404, 0.06576560112248982, 0.06374353339519705, 0.06205], "primeira_derivada": [-0.5926880255568886, -0.6818458283170238, -0.7211793343640444, -0.6016432374468789, -1.0757289192337511, -1.6531369891010197, -1.365853072974565, -1.4221056864441546, -2.070668208131826, -2.6032233324551393, -3.3559145167155293, -4.235368092845623, -5.6298329002030165, -7.769239729870356, -9.81372775100805, -12.497547915825095, -16.319173111051533, -19.853734999869772, -20.951621915266323, -16.841325542595904, -7.262640279773946, 4.633900613466581, 14.924648197920066, 19.807109773219803, 19.262551137827437, 16.78781029533078, 13.516939720835046, 9.990543928072, 7.694293043395454, 6.0735265472165665, 4.626560587484801, 3.5344563617649, 2.3771977891784677, 1.8789049810385667, 2.1246161031891053, 1.75604154368952, 1.2052012560136682, 1.1266765418134492, 0.7526932954587393, 0.41879050818547786, 0.7990794278886979, 1.0791343642596536, 0.6409223451149709, 0.22023706657551537, 0.42431362690784735, 0.5859230481211007, 0.30259774612877094, 0.174076934851937, 0.21872231500110872, 0.19938283605694043], "segunda_derivada": [10.496713924470756, 7.5637603696790485, -4.721200087137123, 20.870890987692427, 61.89715741524001, 17.078428079870495, -13.59987245301099, 41.48959829624031, 69.5275884864282, 75.65721903208072, 96.0777189536449, 133.8563200239473, 208.02463985931416, 246.2888607580357, 278.3362579356577, 382.9490901413767, 433.02879280145805, 272.6934063102608, -177.32828376082088, -805.8146325340562, -1264.1591562656286, -1306.0753669346436, -893.1850658435876, -255.35469011271925, 177.73387124046343, 338.22075857789304, 400.1274050779102, 342.75551079646567, 230.57887033530153, 180.58492352677288, 149.4647273952837, 132.4108326694967, 97.4555714293409, 14.86845580707994, 7.232470482873287, 54.1222098875569, 37.04815604608502, 26.63730185943169, 41.67036959016249, -2.730562817164499, -38.87175510392761, 9.310063738733934, 50.559788065121715, 12.750873608683017, -21.526445334236058, 7.1649184987217405, 24.243704408522532, 4.937405244049158, -1.489655404947969, 2.2768728214557057], "sigma": 0.00019469928498416778, "center": 5701.981309499043, "fwhm": 0.0776203803419536, "statistics": {"wv_mean": 5701.94963, "wv_std": 0.12257404009869047, "wv_min": 5701.74153, "wv_max": 5702.15773, "wv_kurt": -1.2009603841535814, "wv_skew": 0.0, "int_mean": 0.32231140282039594, "int_std": 0.34240037729202194, "int_max": 1.232002411827785, "int_min": 0.06205, "int_kurt": 0.8948057388942856, "int_skew": 1.4719323993552924}}