{"x": [5706.11544, 5706.113979591836, 5706.112519183673, 5706.11105877551, 5706.109598367347, 5706.108137959183, 5706.10667755102, 5706.105217142856, 5706.103756734694, 5706.10229632653, 5706.100835918367, 5706.099375510204, 5706.09791510204, 5706.096454693878, 5706.094994285714, 5706.093533877551, 5706.092073469387, 5706.090613061224, 5706.089152653061, 5706.087692244898, 5706.086231836734, 5706.084771428571, 5706.083311020408, 5706.081850612245, 5706.080390204082, 5706.078929795918, 5706.077469387755, 5706.076008979592, 5706.074548571429, 5706.073088163265, 5706.071627755102, 5706.070167346938, 5706.068706938776, 5706.0672465306125, 5706.065786122449, 5706.064325714286, 5706.062865306122, 5706.06140489796, 5706.059944489796, 5706.058484081633, 5706.057023673469, 5706.055563265306, 5706.054102857143, 5706.05264244898, 5706.0511820408165, 5706.049721632653, 5706.04826122449, 5706.046800816327, 5706.045340408164, 5706.04388], "y": [0.06181, 0.07480844466925826, 0.0893821892728563, 0.10562840659816938, 0.1235679990584976, 0.14308575123185874, 0.163988415146639, 0.18631760147557647, 0.21000234855093564, 0.2347442731906336, 0.2602410701277489, 0.28646318585846187, 0.31315441119821663, 0.3398429926555132, 0.36612791623891033, 0.39186301516306277, 0.41661004237672045, 0.4397987094670664, 0.46100299098401853, 0.47999001608435526, 0.4962662335451651, 0.5094402540256817, 0.519222299806682, 0.5253474715172874, 0.5277312763853051, 0.5262793916767757, 0.5210381895331744, 0.5121783707271249, 0.4998233525435846, 0.4842726159740404, 0.4659824464634377, 0.44534036044768827, 0.42259880700495145, 0.3982583504804744, 0.3728977586958326, 0.3468628717423744, 0.3203572761434776, 0.2938555418562475, 0.26781925065010664, 0.24241600259887536, 0.21775856644875546, 0.19419540510122377, 0.17199108264610943, 0.1511531450927669, 0.13171694084166227, 0.11387513990025633, 0.09773722643754386, 0.08321603526487832, 0.0702795261629759, 0.059], "primeira_derivada": [-8.90055601897668, -9.43989151907084, -10.551831573556735, -11.704197036186251, -12.824272546343503, -13.83873943602278, -14.801290257758874, -15.753792183095927, -16.579841493115694, -17.20023306995062, -17.70700615163814, -18.115942650536823, -18.275646545270885, -18.136540997022156, -17.810097139233093, -17.28356749901315, -16.411745532539623, -15.198815554614772, -13.760299221816453, -12.073077734005446, -10.08287911510286, -7.8594693032466925, -5.446154676067424, -2.9132186447234414, -0.31906154143026766, 2.29151240717885, 4.827767095206381, 7.263324571618684, 9.554094345574748, 11.586112337410272, 13.329237846314781, 14.853258341777279, 16.119469597804013, 17.016149852273887, 17.596272064474913, 17.98828706511652, 18.148121610678846, 17.98744584733711, 17.61135706618032, 17.13927840675467, 16.50928785008498, 15.669415223319483, 14.73638024609071, 13.788659503796909, 12.762872094857222, 11.633636148714046, 10.496758855665172, 9.400693919179016, 8.29084494017635, 7.723543626609057], "segunda_derivada": [369.3046324968362, 565.3472761655121, 775.2303686418352, 778.0157049188985, 730.8033648655775, 676.8716311336078, 655.6566838697162, 608.9226561575274, 495.21802312414445, 385.90740819617736, 313.51152489793316, 194.68543379467266, 7.0522566935134545, -159.39016839186942, -292.0325698537932, -478.7536942414625, -713.7566046910422, -907.7757773228931, -1070.1589801519644, -1259.038465676035, -1442.6132831375426, -1587.475527429702, -1693.448031821608, -1755.3630774566534, -1781.943973678784, -1762.1199215010356, -1702.1995256041243, -1618.1528459519577, -1479.9930163402619, -1292.496027908613, -1118.5729052191189, -955.2917541175166, -740.5092512209426, -505.61291823836916, -332.830655559172, -188.9367507041611, 0.2880077641072088, 183.7720981378718, 290.38711978480353, 377.31548059149577, 503.23711556572005, 606.9904458667354, 643.9144094071518, 675.6700628769568, 737.8154303138107, 775.8492782784792, 764.4925186436901, 755.2388337043436, 574.2060112224897, 388.4539458006464], "sigma": 0.013670878672002118, "center": 5706.079836130253, "fwhm": 0.039817920356583436}