{"x": [5687.746, 5687.7418108163265, 5687.737621632653, 5687.733432448979, 5687.729243265306, 5687.725054081633, 5687.7208648979595, 5687.716675714286, 5687.712486530612, 5687.708297346939, 5687.704108163265, 5687.6999189795915, 5687.695729795918, 5687.691540612245, 5687.687351428572, 5687.683162244898, 5687.6789730612245, 5687.674783877551, 5687.670594693877, 5687.666405510204, 5687.66221632653, 5687.6580271428575, 5687.653837959184, 5687.64964877551, 5687.645459591837, 5687.641270408163, 5687.6370812244895, 5687.632892040816, 5687.628702857142, 5687.62451367347, 5687.620324489796, 5687.6161353061225, 5687.611946122449, 5687.607756938775, 5687.603567755102, 5687.599378571428, 5687.5951893877545, 5687.591000204082, 5687.586811020408, 5687.582621836735, 5687.578432653061, 5687.5742434693875, 5687.570054285714, 5687.56586510204, 5687.561675918367, 5687.557486734694, 5687.5532975510205, 5687.549108367347, 5687.544919183673, 5687.54073], "y": [0.07948, 0.08818505603523458, 0.09692271411882826, 0.10539385243451646, 0.11494700293657287, 0.12795703356642066, 0.14570013384129377, 0.16730968471540014, 0.19091218623945866, 0.21590819950912424, 0.24467541750429203, 0.2810305671343819, 0.3280072298941091, 0.3866886513490328, 0.4588872994594433, 0.5489382519128883, 0.6631074079328562, 0.8048201569692917, 0.9705906155522985, 1.1479898097076173, 1.3158714617544711, 1.452358150559785, 1.5374793273553644, 1.557797589592094, 1.5096198077370282, 1.4010310207821737, 1.2503238882650725, 1.0810380229822856, 0.9153436772220821, 0.7671182416064324, 0.6416838905303693, 0.5394192143631031, 0.4571641802350419, 0.3915247590459399, 0.33874508572671014, 0.2954841009080716, 0.25909086016141364, 0.22853597239461604, 0.20351290719752035, 0.18326435206363795, 0.16622245160309893, 0.15118848493929374, 0.13834896448699874, 0.12829118031402936, 0.12050612539560177, 0.11294053240905343, 0.103666802390923, 0.09305966325587318, 0.08384686814397194, 0.07853], "primeira_derivada": [-2.0779838540184166, -2.081875071365205, -2.0539558229181676, -2.151288917144155, -2.6930283907825543, -3.670539812081734, -4.696935514797925, -5.396284326611433, -5.800475531798943, -6.416910244804145, -7.772679918027111, -9.946068122436005, -12.6108202049316, -15.621190162262147, -19.365300402890714, -24.374690200498282, -30.54078371756001, -36.69965697112113, -40.95901248039072, -41.21099396751879, -36.32788206496543, -26.45000588326014, -12.584723808730374, 3.325172848588787, 18.71087317062301, 30.94826339397962, 38.19276292626412, 39.98156170078334, 37.4678942092098, 32.66266271001141, 27.177016452978368, 22.023349257596916, 17.651942101463547, 14.133910534279703, 11.462932354025613, 9.507129762236316, 7.990593602138901, 6.633506346394806, 5.403394056985486, 4.45080217292997, 3.828414987694634, 3.3268399392265207, 2.7329076986555205, 2.129631985807912, 1.8321765172798623, 2.00985732765469, 2.372881055385881, 2.365608169905429, 1.734187897689708, 1.2691895505783284], "segunda_derivada": [0.9288724605992557, -2.8678655523912577, 8.284889275275953, 76.27650368895632, 181.33018428875306, 239.1763265080597, 205.9762293797186, 131.71301415577443, 121.81680223612855, 235.39244634489, 421.22262385892185, 577.4562138928628, 677.3541676176663, 806.1809561224462, 1044.773960786693, 1333.849764707989, 1471.0463578295403, 1243.4676508115713, 538.4506085087856, -552.7485515403706, -1761.797671814228, -2833.864555582193, -3553.816334143063, -3735.285847772914, -3296.9538575672195, -2325.2608710460813, -1078.1692819720138, 86.51670271995738, 873.547158806821, 1228.2676720800255, 1269.8552130206067, 1136.8652097504482, 941.6439261254595, 738.689232756447, 552.2293998725498, 414.4409773410842, 342.9813109258865, 308.79519102321945, 260.5166475781518, 187.98162028805075, 134.1505077456577, 130.75426794317121, 142.89275031870952, 107.50676642020682, 14.295703829049598, -64.53578791181677, -42.46064030250485, 76.23121918990154, 130.86303976591714, 110.999751584788], "sigma": 0.007624263078726212, "center": 5687.649361783298, "fwhm": 0.05070152326858703, "statistics": {"wv_mean": 5687.643365, "wv_std": 0.06045356369795772, "wv_min": 5687.54073, "wv_max": 5687.746, "wv_kurt": -1.200960384154642, "wv_skew": 3.925857559362563e-17, "int_mean": 0.4934091770847024, "int_std": 0.46729104034107855, "int_max": 1.557797589592094, "int_min": 0.07853, "int_kurt": -0.20136619277089585, "int_skew": 1.0945544049695743}}