{"x": [5625.33912, 5625.3245342857135, 5625.309948571428, 5625.295362857142, 5625.280777142857, 5625.266191428571, 5625.251605714286, 5625.23702, 5625.222434285714, 5625.207848571428, 5625.193262857142, 5625.178677142857, 5625.164091428571, 5625.149505714286, 5625.1349199999995, 5625.120334285714, 5625.105748571428, 5625.091162857143, 5625.076577142857, 5625.061991428572, 5625.047405714286, 5625.032819999999, 5625.018234285714, 5625.003648571428, 5624.989062857143, 5624.974477142857, 5624.959891428572, 5624.9453057142855, 5624.93072, 5624.916134285714, 5624.901548571428, 5624.886962857143, 5624.872377142857, 5624.8577914285715, 5624.843205714285, 5624.82862, 5624.814034285714, 5624.799448571429, 5624.784862857143, 5624.770277142858, 5624.7556914285715, 5624.741105714285, 5624.72652, 5624.711934285714, 5624.697348571429, 5624.682762857143, 5624.6681771428575, 5624.653591428571, 5624.639005714286, 5624.62442], "y": [0.08642, 0.09445780629340732, 0.10124661140902823, 0.11558203476982112, 0.12270991250931583, 0.13404807365427435, 0.15396545303166562, 0.1700982078290859, 0.19580767367007895, 0.219844039888883, 0.25910019242072263, 0.3032227845367938, 0.3606680390430464, 0.4291297686725404, 0.523262521158377, 0.6481805109629795, 0.810092851807264, 1.0096392406621366, 1.2417419812616852, 1.4744020006252938, 1.6455855211422572, 1.7233844219563175, 1.7062075923466022, 1.5995650840850164, 1.410838392950731, 1.1753138450682967, 0.9634183621292399, 0.7860858226539678, 0.6426113308651012, 0.5402516102636261, 0.44821486517258, 0.3863151447306544, 0.33486408212967267, 0.2870804138956389, 0.2521242323466803, 0.2257179711788736, 0.20376223002068003, 0.18223092536290006, 0.1660184472965332, 0.15324054603143591, 0.14627958660936558, 0.1319956056961477, 0.12459445033308239, 0.11677469136828439, 0.10870912486170511, 0.10230074064022915, 0.09899232242821648, 0.09591619308921506, 0.09047060976594691, 0.08695], "primeira_derivada": [-0.551073888857124, -0.5082579817022271, -0.7241410349434991, -0.7357644843417638, -0.6330179833088503, -1.0714436026311742, -1.2358028365555664, -1.4343562412831254, -1.7052929697351238, -2.1696749815983742, -2.8582331661978895, -3.4817577196816214, -4.316106214268359, -5.573757956962145, -7.509085191179929, -9.832577446375575, -12.390847737041051, -14.796982890266952, -15.932122036016407, -13.843804011629882, -8.535146666354049, -2.078131725915961, 4.244541454958004, 10.125290870612195, 14.54338233657396, 15.3376112427151, 13.342782355096618, 10.997302736814714, 8.427225694118398, 6.663933691530021, 5.276960130925198, 3.885678165050871, 3.401778236277018, 2.8363317751379187, 2.1035117483790438, 1.6578551238163437, 1.4907410416894207, 1.2938613078846175, 0.9937936107787737, 0.6766504643031447, 0.7282790516305092, 0.743369020247616, 0.52177473210309, 0.5445508241922942, 0.496168732109571, 0.33309312945485164, 0.21886304043716762, 0.2921253116362159, 0.3073621529125643, 0.2413738331141463], "segunda_derivada": [-2.935468658923419, 5.9327621087623, 7.798949649769104, -3.1237089199068704, 11.507119627986608, 20.66353561578433, 12.440687906823605, 16.094176945492055, 25.206812841461502, 39.52292544083557, 44.97835047315317, 49.97605943453644, 71.71401401087024, 109.4556946056147, 145.99283264450588, 167.34739383525283, 170.18040209291195, 121.3952991817941, -32.6750839886632, -253.56918505305907, -403.3286287842549, -438.089210820405, -418.3347609011949, -353.04547586477753, -178.67895496993125, 41.15670847391551, 148.78628570724277, 168.50586007335562, 148.54840018172837, 107.99147375979074, 95.23892598153023, 64.28145574234813, 35.971717577956795, 44.50472779295102, 40.39831811597744, 21.005851845464136, 12.477750791047178, 17.035416338823904, 21.158060259974746, 9.101870294049775, -2.287119939267999, 7.078992344257915, 6.815511128269239, 0.8777766893012673, 7.248794628637425, 9.506071702812203, 1.4043816098508695, -3.0337599771309867, 1.7397666486574275, 4.524174716711969], "sigma": 0.013269391053284618, "center": 5625.026164700197, "fwhm": 0.14834014386583083, "statistics": {"wv_mean": 5624.981769999999, "wv_std": 0.2104845421876079, "wv_min": 5624.62442, "wv_max": 5625.33912, "wv_kurt": -1.200960384154022, "wv_skew": 6.481428232673e-12, "int_mean": 0.487788677412508, "int_std": 0.5010908254175632, "int_max": 1.7233844219563175, "int_min": 0.08642, "int_kurt": 0.37625734326407034, "int_skew": 1.3146063118370006}}