{"x": [5790.61684, 5790.60773122449, 5790.598622448979, 5790.589513673469, 5790.580404897959, 5790.571296122449, 5790.562187346938, 5790.553078571428, 5790.543969795918, 5790.534861020408, 5790.525752244897, 5790.516643469387, 5790.5075346938775, 5790.4984259183675, 5790.489317142857, 5790.480208367347, 5790.471099591837, 5790.461990816326, 5790.452882040816, 5790.443773265306, 5790.434664489796, 5790.425555714285, 5790.416446938775, 5790.407338163265, 5790.398229387755, 5790.389120612244, 5790.380011836734, 5790.370903061224, 5790.3617942857145, 5790.352685510204, 5790.343576734694, 5790.334467959184, 5790.325359183674, 5790.316250408163, 5790.307141632653, 5790.298032857143, 5790.288924081632, 5790.279815306122, 5790.270706530612, 5790.261597755102, 5790.252488979591, 5790.243380204081, 5790.234271428571, 5790.2251626530615, 5790.216053877551, 5790.206945102041, 5790.197836326531, 5790.188727551021, 5790.17961877551, 5790.17051], "y": [0.06911, 0.076860388752145, 0.07911661628645497, 0.08703600191707576, 0.09518721572754876, 0.10570861664493009, 0.11680613944387794, 0.12843646888430052, 0.14533707586646272, 0.16229101827205145, 0.18551847168239888, 0.21190366966671872, 0.23981615127017558, 0.28076726311665723, 0.32983722574879243, 0.3875701766589983, 0.4602259738694942, 0.5483497628128111, 0.6598641415833929, 0.8001631304774619, 0.9600746125598352, 1.1243709404807338, 1.2750168210266255, 1.3688030481107558, 1.3716754344738065, 1.2907073690927573, 1.148880534927787, 0.9852077124286974, 0.8307469638900096, 0.6907735696213414, 0.5762808447508493, 0.4851990963964416, 0.4084901120517792, 0.3491288336128574, 0.30233401977747465, 0.26090176843990237, 0.2255385200254355, 0.20208692751069274, 0.18177618553601024, 0.15867629593038932, 0.145155804472767, 0.13200564898581474, 0.11691889681773703, 0.11097325633337522, 0.10188849328659108, 0.08968389421257601, 0.08290806570013644, 0.08007781324501134, 0.07730892267750183, 0.06975], "primeira_derivada": [-0.8508705416740255, -0.5492843837800115, -0.5585609807431603, -0.8821492759111828, -1.0249794117464521, -1.1867085587747532, -1.2475799965313206, -1.5661235910026603, -1.8583479936869864, -2.205642008083464, -2.723343622748893, -2.9805147535152905, -3.780068647792189, -4.941447638912032, -5.862638365620583, -7.157314832172436, -8.825532365465484, -10.958562294442482, -13.822569641186274, -16.47918925261937, -17.796454069630695, -17.287845556560544, -13.417396628273647, -5.305796225931331, 4.2868373981071155, 12.229684401121316, 16.769523869046978, 17.46302621521337, 16.16211435174654, 13.968184793239667, 11.284418690534258, 9.210389064679298, 7.469185217488118, 5.827132974841269, 4.842970664745398, 4.215467801585986, 3.2284713165878127, 2.4022073242217505, 2.3829016058660093, 2.0101703583198844, 1.4640083573300333, 1.549983728557188, 1.1545126251847144, 0.8250507169687069, 1.1686182240665794, 1.0418759121741887, 0.5272981509459247, 0.30734883169718913, 0.5669155658301781, 0.8298505841139943], "segunda_derivada": [-33.109407248462, -16.04549154805234, 18.271659662193766, 25.602696569554958, 16.717904757374868, 12.219018051899688, 20.82689554672743, 33.52635030295566, 35.104521808758335, 47.48144402467102, 42.53440786558156, 58.00587707360116, 107.63976361328723, 114.31666723192983, 121.63364827288488, 162.63953352488474, 208.65853252858523, 274.29797067720244, 303.0389184661326, 218.1349416340363, 44.38885901934681, -240.37574734118442, -657.7200918789887, -971.8229418996046, -962.5597099745743, -685.2011259180949, -287.26922781063416, 33.34199622311503, 191.83925534110415, 267.74705643126, 261.1654949317303, 209.42625432338514, 185.71409987931253, 144.15848484467372, 88.46771838285909, 88.62329224778757, 99.5337120390887, 46.41511418287821, 21.51974024792258, 50.4399986301971, 25.260619785647116, 16.98887692461907, 39.79310999573805, -0.7742862290183927, -11.901994673028154, 35.20341852862379, 40.319748778197344, -2.1746838990029382, -28.681228987338027, -28.866121247182956], "sigma": 4.122251606131222e-05, "center": 5790.401483811232, "fwhm": 0.09873132927485878, "statistics": {"wv_mean": 5790.393675, "wv_std": 0.13144755242004752, "wv_min": 5790.17051, "wv_max": 5790.61684, "wv_kurt": -1.2009603841536654, "wv_skew": -1.0378593686784718e-11, "int_mean": 0.4074649183011488, "int_std": 0.396157907114164, "int_max": 1.3716754344738065, "int_min": 0.06911, "int_kurt": 0.18732650158923203, "int_skew": 1.22306590444201}}