{"x": [5799.98511, 5799.983880204081, 5799.982650408163, 5799.981420612245, 5799.980190816326, 5799.978961020408, 5799.97773122449, 5799.976501428571, 5799.975271632653, 5799.974041836735, 5799.972812040816, 5799.971582244898, 5799.97035244898, 5799.969122653061, 5799.967892857143, 5799.966663061225, 5799.965433265306, 5799.964203469388, 5799.96297367347, 5799.961743877551, 5799.960514081633, 5799.959284285715, 5799.958054489796, 5799.956824693878, 5799.95559489796, 5799.95436510204, 5799.953135306122, 5799.951905510204, 5799.950675714285, 5799.949445918367, 5799.948216122449, 5799.94698632653, 5799.945756530612, 5799.944526734694, 5799.943296938775, 5799.942067142857, 5799.940837346939, 5799.93960755102, 5799.938377755102, 5799.937147959184, 5799.935918163265, 5799.934688367347, 5799.933458571429, 5799.93222877551, 5799.930998979592, 5799.929769183674, 5799.928539387755, 5799.927309591837, 5799.926079795919, 5799.92485], "y": [0.01307, 0.017273790186160258, 0.021782969526215144, 0.02659416354852314, 0.03169699906122312, 0.03704697996259463, 0.042588202449526, 0.04826834780300336, 0.05406320105852694, 0.05993859647094737, 0.06582859682849085, 0.07165774064803425, 0.07736965940506604, 0.08294258747695193, 0.0883161824811843, 0.09341126167331706, 0.0981590002708772, 0.1025278733192644, 0.10649287552726848, 0.10999049151077418, 0.11296721482862615, 0.11538876592303215, 0.11724276837578286, 0.11850780761819643, 0.11915741690486217, 0.11918813369064497, 0.11860324444316048, 0.1174093140840377, 0.11562170581638585, 0.11326934557595957, 0.11039025184812776, 0.10700129646096707, 0.10313700118412161, 0.09886234161453322, 0.09421343657087593, 0.08924269073918058, 0.08404208974960072, 0.07864459503833207, 0.07307611231467541, 0.06740774888988108, 0.06172007481770034, 0.056074315535737856, 0.05048438794277316, 0.04499208249627244, 0.03966195555395525, 0.03455491092678946, 0.029697907207955874, 0.025099021780452604, 0.020790543095489444, 0.01681], "primeira_derivada": [-3.418282760162495, -3.5424452936941844, -3.789398396681569, -4.030762091175362, -4.249817493389285, -4.42805315334544, -4.562288617613793, -4.665407665583859, -4.744790779494144, -4.7834748817103785, -4.764670301134247, -4.692267393523002, -4.588097366676374, -4.450544563095075, -4.2562648160943075, -4.0018094233979635, -3.706554685225957, -3.3883163588960667, -3.0340880467458757, -2.6322819928232417, -2.19478465157446, -1.738318319086564, -1.2681135335808122, -0.7784415692616102, -0.2766012075883524, 0.22531074190235914, 0.7232173973290793, 1.2122087015921452, 1.6831933031968433, 2.1269602095215747, 2.5484102774883164, 2.948965172136232, 3.3090672708760622, 3.6280672590507566, 3.911076111060035, 4.13537997225264, 4.308883914334068, 4.458454151392216, 4.568581656894338, 4.617041465041009, 4.607851264254495, 4.568110329291712, 4.505720369634984, 4.400092823318438, 4.243456745091431, 4.051098315359268, 3.844495255417905, 3.621480596768937, 3.3700802128534693, 3.236750940660936], "segunda_derivada": [100.96190081673377, 150.88504970066083, 198.5357042583898, 187.19329355530016, 161.5272323834827, 127.04186099744948, 96.5015856289024, 74.20018198122881, 48.002767925282285, 8.082447397869622, -37.08236741869926, -71.7895269554302, -98.27761940994792, -134.91366560702386, -182.44292935404724, -223.4964853408026, -249.42880983572306, -273.40578564893866, -307.38204396419394, -341.23685997764125, -363.46017270390956, -376.7580881422985, -390.2585524617289, -403.12067685809035, -408.0971061248772, -406.4977731841681, -401.2446069208426, -390.2988664851095, -371.9119141200416, -351.7725833174766, -334.2038099004429, -309.2614725937758, -276.10357002743564, -244.75965125960778, -206.2589026515164, -161.73732460132592, -131.35276118706395, -105.58570681874747, -64.47708570361621, -15.965904088113428, 19.89400640375056, 41.523513412633626, 68.31113336302533, 106.62892136557974, 141.89122876252245, 162.20638063830492, 174.67033033100176, 192.8836465838241, 156.42012238465819, 108.41577062080675], "sigma": 0.013890067930079741, "center": 5799.954510928796, "fwhm": 0.03697415683050003}