{"x": [5688.35618, 5688.32583632653, 5688.295492653061, 5688.265148979592, 5688.234805306122, 5688.204461632653, 5688.174117959184, 5688.143774285714, 5688.113430612245, 5688.0830869387755, 5688.052743265306, 5688.022399591837, 5687.992055918367, 5687.961712244898, 5687.931368571429, 5687.901024897959, 5687.87068122449, 5687.840337551021, 5687.809993877551, 5687.779650204082, 5687.749306530613, 5687.718962857143, 5687.688619183674, 5687.6582755102045, 5687.627931836735, 5687.597588163265, 5687.5672444897955, 5687.536900816326, 5687.506557142857, 5687.476213469387, 5687.445869795918, 5687.415526122449, 5687.385182448979, 5687.35483877551, 5687.324495102041, 5687.294151428571, 5687.263807755102, 5687.2334640816325, 5687.203120408163, 5687.172776734694, 5687.142433061224, 5687.112089387755, 5687.081745714286, 5687.051402040816, 5687.021058367347, 5686.990714693878, 5686.960371020408, 5686.930027346939, 5686.89968367347, 5686.86934], "y": [0.07394, 0.07857841695748644, 0.08428313468434223, 0.09434441155756823, 0.10128864201276584, 0.1165457136149175, 0.12763737798878874, 0.14432369251867186, 0.16073494059753726, 0.18088661567734893, 0.20376170638246954, 0.234861477217185, 0.26894077650197745, 0.3147616986576194, 0.36884701386383956, 0.44176215044086614, 0.5289010595540835, 0.6347332224547794, 0.7703902361636705, 0.9315156735100211, 1.1056394393698643, 1.2847127449708786, 1.4130075493074277, 1.4715329983052023, 1.4471532593615724, 1.3391348061227568, 1.180017779106092, 0.9942126537937683, 0.8356699027777683, 0.6970743032867804, 0.5826591863632874, 0.48760505604600457, 0.4123411998594521, 0.3552818659010102, 0.3044486071862297, 0.2649782179771486, 0.23530290142403174, 0.20675136422994475, 0.18363556612600876, 0.1680806907216694, 0.15074364179699729, 0.13598066775581158, 0.12462322496977338, 0.11336036304685206, 0.10167536034120059, 0.09694700621470584, 0.08912428620352834, 0.08629787254429548, 0.08489331686984039, 0.07458], "primeira_derivada": [-0.15286273635161762, -0.1704331331996799, -0.2597904735562339, -0.28021503964565964, -0.3658308226880804, -0.4341718217246917, -0.45772274295996396, -0.5453783083015434, -0.6024801709588069, -0.7089907197356725, -0.8893923406198186, -1.0740141628752102, -1.3165878139493152, -1.646244932452597, -2.0927006730329687, -2.6373544694886455, -3.179757919039788, -3.9792343674774653, -4.890351383376792, -5.5242026570169775, -5.8199458252392855, -5.064780805921998, -3.0784053473776876, -0.5626495765027144, 2.181644096489343, 4.401831579838491, 5.683592539928846, 5.674129677740378, 4.896215858752616, 4.169085141750523, 3.451613191334385, 2.806482654050006, 2.1804082204912922, 1.777843292147321, 1.4880144293512385, 1.1393759861016455, 0.9594562406229151, 0.8513691552572566, 0.6372114692593668, 0.5419898214074848, 0.5289409503808229, 0.4304096017510696, 0.3727351062454642, 0.3781326056606885, 0.2704576433159879, 0.20681533747628936, 0.17547535372016357, 0.06971748720470793, 0.19308592540925534, 0.33988359650173067], "segunda_derivada": [0.5790464646874072, 1.7619445007636674, 1.8089752145011693, 1.7473222093383096, 2.536884372857653, 1.5141858213817008, 1.8324493026386925, 2.3852983414320548, 2.6959888623791137, 4.727709879140391, 6.0148195884740145, 7.039284049784821, 9.42916107628162, 12.788709644323923, 16.33140328307349, 17.912419982776218, 22.111362016596004, 28.186987084215, 25.45783210954241, 15.317763730900117, -7.570307061847339, -45.17482829872041, -74.18566565391804, -86.67456577362591, -81.80422125356186, -57.70475428631126, -20.964800112066015, 12.974313772050078, 24.799972513373703, 23.80401748122088, 22.452826765955077, 20.94678767431851, 16.949815963142242, 11.409195261727252, 10.520600063310845, 8.709528680863812, 4.745747596038486, 5.309916936868811, 5.097921551294165, 1.784070722153498, 1.8386076387402983, 2.573944191251059, 0.8614150844848721, 1.685317748899962, 2.8229487170923218, 1.5651086163270997, 2.2590845899066214, -0.2901852293341152, -4.451769980484114, -4.837834523914981], "sigma": 0.01567401490633169, "center": 5687.651243962605, "fwhm": 0.3300977594172483, "statistics": {"wv_mean": 5687.61276, "wv_std": 0.4378855977423838, "wv_min": 5686.86934, "wv_max": 5688.35618, "wv_kurt": -1.20096038415474, "wv_skew": -1.3222946657560049e-17, "int_mean": 0.43777007584671684, "int_std": 0.4268433437687694, "int_max": 1.4715329983052023, "int_min": 0.07394, "int_kurt": 0.14563113995074506, "int_skew": 1.2141060320515105}}