{"x": [5735.49068, 5735.474211020408, 5735.457742040816, 5735.441273061224, 5735.424804081633, 5735.408335102041, 5735.391866122449, 5735.375397142857, 5735.358928163265, 5735.342459183673, 5735.325990204082, 5735.30952122449, 5735.293052244898, 5735.276583265306, 5735.260114285714, 5735.243645306122, 5735.227176326531, 5735.210707346939, 5735.194238367347, 5735.177769387755, 5735.161300408163, 5735.144831428571, 5735.12836244898, 5735.111893469388, 5735.095424489796, 5735.078955510204, 5735.062486530612, 5735.04601755102, 5735.029548571429, 5735.013079591837, 5734.996610612245, 5734.980141632653, 5734.963672653061, 5734.947203673469, 5734.930734693878, 5734.914265714286, 5734.897796734694, 5734.881327755102, 5734.86485877551, 5734.848389795918, 5734.831920816327, 5734.815451836735, 5734.798982857143, 5734.782513877551, 5734.766044897959, 5734.749575918367, 5734.733106938776, 5734.716637959184, 5734.700168979592, 5734.6837], "y": [0.0632, 0.06451353063411994, 0.06786595837666128, 0.07944591980939547, 0.08450134850328311, 0.09022807569360217, 0.10359433942197481, 0.11316238914395875, 0.12909169387136812, 0.1409221692743991, 0.1653189499077428, 0.18458493706549872, 0.20980358764063525, 0.24897116374531092, 0.28701303752823576, 0.34219460993544515, 0.4012080367645545, 0.48652816244981667, 0.5870507586172182, 0.7172913889881779, 0.8616968083702962, 1.018094580476238, 1.1612081473340523, 1.2452082638475366, 1.2374869117830478, 1.1437911093611424, 0.998980570217994, 0.8442270691492955, 0.6974746988790659, 0.5832694789919171, 0.480804395268575, 0.40593066305358816, 0.3434731681707646, 0.2947401668990232, 0.25197923762090185, 0.22112199645824726, 0.19202142068639524, 0.17368737212459098, 0.15266057948245765, 0.1364275581865094, 0.12519767512446828, 0.11228197162344403, 0.10125356121284076, 0.09341386185240205, 0.0902434166050741, 0.07892581583759589, 0.07460287606815229, 0.07189931714666055, 0.06449282069577543, 0.06336], "primeira_derivada": [-0.07975786397590127, -0.14165900050450905, -0.4533489489092898, -0.5050522418271401, -0.32734741774006804, -0.5796652674211981, -0.6962882345640106, -0.7741024362490719, -0.842789924396402, -1.0998634079002714, -1.3256063482384242, -1.3505584084433833, -1.9547727993761936, -2.3440872416026015, -2.8302738997705803, -3.466972516469822, -4.381982250695893, -5.6422051170382765, -7.00599649326726, -8.338283747908607, -9.132417397442735, -9.093196615462352, -6.89519596854725, -2.315831531119555, 3.0790357690318833, 7.241078302174777, 9.094796630798037, 9.153750833897263, 7.9227006356692025, 6.5781338303393255, 5.384025614573224, 4.1693908942784095, 3.3757554781547077, 2.7777656181225128, 2.235055609596141, 1.8203258009884156, 1.4401203204090272, 1.1949993921626616, 1.1312119773407463, 0.8337767438883323, 0.7330626171725281, 0.7269458856841198, 0.5728378514785891, 0.3342691800140684, 0.439858642543088, 0.4748485007826346, 0.21332525952446707, 0.30694237356676674, 0.25925459130489087, 0.06878511746570591], "segunda_derivada": [3.758650387708899, 11.342265707678202, 11.032658073708074, -3.825420101740085, 2.2652595195515954, 11.201083065381791, 5.903133455895093, 4.447807133832213, 9.890138300056403, 14.658358799902356, 7.611127306027683, 19.101561442329114, 30.16364273237565, 26.580308011922543, 34.09091828048877, 47.110033208212435, 66.04029680400846, 79.66535594735359, 81.85323856316569, 64.55836842525271, 22.919236232488114, -67.92228433039071, -205.7615363074993, -302.8187533376247, -290.1488152290201, -182.63914980778725, -58.06894474059, 35.58496106617262, 78.19601054340866, 77.07444796186772, 73.1296958201428, 60.971298349143815, 42.249893758828755, 34.63177127090436, 29.067976306987834, 24.134321277976643, 18.984977342793194, 9.378490675235922, 10.96675863421404, 12.087857597832894, 3.2433963989825347, 4.864441199862053, 11.921707215576605, 4.03726315260504, -4.268003369101541, 6.8775779871340035, 5.09764816583281, -1.394419475835618, 7.230480029766851, 11.565347614603224], "sigma": 1.4431981365525814e-07, "center": 5735.103960284096, "fwhm": 0.1721074329738505, "statistics": {"wv_mean": 5735.087189999999, "wv_std": 0.2376616984115269, "wv_min": 5734.6837, "wv_max": 5735.49068, "wv_kurt": -1.2009603841538194, "wv_skew": 5.740255465934789e-12, "int_mean": 0.357728911397989, "int_std": 0.35432387455012615, "int_max": 1.2452082638475366, "int_min": 0.0632, "int_kurt": 0.36181249998977494, "int_skew": 1.282024983126385}}