{"x": [5547.94046, 5547.937020204082, 5547.933580408163, 5547.930140612245, 5547.926700816326, 5547.923261020408, 5547.91982122449, 5547.916381428571, 5547.912941632653, 5547.909501836734, 5547.906062040816, 5547.902622244898, 5547.899182448979, 5547.8957426530615, 5547.892302857143, 5547.888863061225, 5547.885423265306, 5547.881983469388, 5547.87854367347, 5547.875103877551, 5547.871664081633, 5547.868224285714, 5547.864784489796, 5547.861344693878, 5547.857904897959, 5547.854465102041, 5547.851025306122, 5547.847585510204, 5547.844145714286, 5547.840705918367, 5547.837266122449, 5547.8338263265305, 5547.8303865306125, 5547.8269467346945, 5547.823506938776, 5547.820067142858, 5547.816627346939, 5547.813187551021, 5547.809747755102, 5547.806307959184, 5547.802868163266, 5547.799428367347, 5547.795988571429, 5547.79254877551, 5547.789108979592, 5547.785669183674, 5547.782229387755, 5547.778789591837, 5547.775349795918, 5547.77191], "y": [0.04724, 0.05153017362331138, 0.05545979082156311, 0.05982003287870793, 0.06597976913603838, 0.07476198548506797, 0.08570450027010404, 0.0975257203494176, 0.10927693808579954, 0.12169488578207256, 0.13701610930978372, 0.15806172450389047, 0.18683302531038176, 0.2237878271786236, 0.2697142505028654, 0.3265688287098599, 0.39832690579470076, 0.4888012775487959, 0.5960945287094748, 0.7113243696845927, 0.8168924550189819, 0.8922467828354177, 0.9209897334248683, 0.8972938178255288, 0.8279023673243646, 0.7296964102496846, 0.6215565474642961, 0.518725838372721, 0.43021873847534714, 0.35750064809410154, 0.29924508973708963, 0.2526007002093878, 0.2153542134070072, 0.18607997680997979, 0.16280182931373158, 0.14377603850550244, 0.127504867252929, 0.11350814758205471, 0.10199713260758429, 0.09305220295212976, 0.08611243716795502, 0.07984428841077187, 0.07309051871697922, 0.06570496911449583, 0.05859341843134076, 0.05314702110343624, 0.050031877783790944, 0.04872611347148878, 0.04793865097401477, 0.04642], "primeira_derivada": [-1.2472174877821176, -1.1948079212346898, -1.2049928908513223, -1.5291573343179026, -2.171924288627741, -2.867136830842141, -3.308878695728057, -3.426429703189117, -3.5131685143146147, -4.032095490794867, -5.286191330666236, -7.241260409310365, -9.553779385923843, -12.04740443294932, -14.939985389871882, -18.694808985965096, -23.581696804931752, -28.74699947761333, -32.345391617998274, -32.09462589421769, -26.29842255771583, -15.131316053937487, -0.733624190278823, 13.530943158795003, 24.361533583641435, 29.993904399089356, 30.666146608591415, 27.812378052515363, 23.435284258344744, 19.037996998045426, 15.247990051154096, 12.194164758494592, 9.669283437953426, 7.638881105063593, 6.149193049173149, 5.130676775269495, 4.399663765108531, 3.7077395360305254, 2.973424167444293, 2.308958993261767, 1.919868918757263, 1.892832999360845, 2.0552555488078124, 2.1072616849050934, 1.8253914346201965, 1.2444838081317535, 0.6426119073299296, 0.3042661337196642, 0.33521079828122036, 0.44149449857616896], "segunda_derivada": [-15.236243020528285, -6.137660188566977, 48.60018166934623, 140.55069264330731, 194.4853020715629, 165.26480555954203, 81.29739170700594, 29.69504927479411, 88.03804091386645, 257.72209433231137, 466.476063556146, 620.3257629880529, 698.6088909920194, 782.9252274932176, 966.2498460130441, 1256.1372273186737, 1461.1608842495311, 1273.868424467804, 486.60247526016457, -878.9720674804979, -2465.743643300026, -3716.0341737714457, -4166.273217384594, -3647.7684096603753, -2393.01424134572, -916.4225399469668, 317.10113016879836, 1051.0597899779204, 1275.4217492141292, 1190.084295888449, 994.8020757372136, 810.9066272356756, 662.1444646780903, 511.6714003163616, 364.58621227337323, 254.3071341364074, 206.83454381862674, 207.31456625361562, 203.32318776103037, 153.14211566720667, 60.48701780101161, -19.679456755677577, -31.168809230049227, 33.4124639423283, 125.41120132483886, 171.92582864437094, 136.66765364946303, 44.6830446249582, -19.94716665033774, -30.898257579546947], "sigma": 0.0044892713120083805, "center": 5547.8635685318695, "fwhm": 0.038191255928628765, "statistics": {"wv_mean": 5547.856185000001, "wv_std": 0.04963924665684982, "wv_min": 5547.77191, "wv_max": 5547.94046, "wv_kurt": -1.2009603841526968, "wv_skew": -2.7483147155668773e-11, "int_mean": 0.27168150952644066, "int_std": 0.26882423635094777, "int_max": 0.9209897334248683, "int_min": 0.04642, "int_kurt": 0.13062067269482425, "int_skew": 1.2184164735253622}}