{"x": [5577.35256, 5577.351137959184, 5577.349715918368, 5577.348293877551, 5577.346871836735, 5577.345449795918, 5577.344027755103, 5577.342605714286, 5577.3411836734695, 5577.339761632653, 5577.338339591837, 5577.336917551021, 5577.335495510204, 5577.3340734693875, 5577.332651428572, 5577.331229387755, 5577.329807346939, 5577.328385306123, 5577.326963265306, 5577.32554122449, 5577.324119183673, 5577.322697142858, 5577.321275102041, 5577.319853061224, 5577.318431020408, 5577.317008979592, 5577.315586938776, 5577.314164897959, 5577.312742857142, 5577.311320816327, 5577.30989877551, 5577.308476734694, 5577.307054693877, 5577.305632653061, 5577.304210612245, 5577.302788571428, 5577.3013665306125, 5577.299944489796, 5577.298522448979, 5577.297100408163, 5577.295678367347, 5577.294256326531, 5577.292834285714, 5577.291412244897, 5577.289990204082, 5577.288568163265, 5577.287146122449, 5577.285724081632, 5577.284302040816, 5577.28288], "y": [0.04834, 0.06002408773969132, 0.07311086892287777, 0.08771252290121555, 0.10385234229074662, 0.12140564841246482, 0.1401988705537191, 0.16024578126094116, 0.1815190271339679, 0.20375815316948803, 0.22666828938469677, 0.2501768764602075, 0.2741482797914112, 0.29819117945721096, 0.3218957344582621, 0.3450941847287023, 0.3675384301669393, 0.3887436059287977, 0.4082750846651001, 0.4259110916421191, 0.4413721350358801, 0.45424588706408714, 0.4642419258463516, 0.4712139628183732, 0.4750216144382844, 0.47553460062644715, 0.4727739298986923, 0.4667900300614355, 0.4576904363029978, 0.44569939736287456, 0.4311575675581441, 0.4142510729910433, 0.3952571893607057, 0.37462183686460887, 0.3527970634277478, 0.32997079473982055, 0.3064348669937681, 0.2826432168981287, 0.25898024737945574, 0.2355424436346358, 0.21254094122295386, 0.1903243807093434, 0.16913758264248405, 0.1489715541435338, 0.1299489732836182, 0.11225611782689605, 0.09594910072985842, 0.08115230015734531, 0.06785329078561472, 0.05593], "primeira_derivada": [-8.216422203551684, -8.709619527799928, -9.735457255369353, -10.808927918762935, -11.84675050056565, -12.779706408867472, -13.656476103953032, -14.528470666429527, -15.299269683849031, -15.87481236080209, -16.321164190368776, -16.694313501126445, -16.882181733901465, -16.788355905636646, -16.491441293276413, -16.04830718519735, -15.347457226678051, -14.323307051483146, -13.068361076565825, -11.637166101327542, -9.962722272348872, -8.041186494496273, -5.966100113467059, -3.7902177160674637, -1.5191680010464406, 0.790302399940629, 3.0746552641338023, 5.303467178947599, 7.41562142922605, 9.329151612251284, 11.057461925565633, 12.622836763511355, 13.933930614755726, 14.92929227189868, 15.699634498616179, 16.301288932183915, 16.640724128686813, 16.685392944098016, 16.56097796715282, 16.32840127721926, 15.899003183520904, 15.26093979668751, 14.539957673405677, 13.77900300558565, 12.909417191245325, 11.954605014632481, 10.936330837672724, 9.878693222333347, 8.8683460669221, 8.384633300683875], "segunda_derivada": [346.82360625551195, 534.1038859765085, 738.1322558256659, 742.3462184005236, 692.9401980340136, 636.3128198811323, 614.8783627494784, 577.6182936326634, 473.3836324093873, 359.3056172977336, 288.1426225719212, 197.2578905585053, 33.066000431858306, -137.38721005567913, -260.20656792981976, -402.2332035978213, -606.5227221875457, -801.3469530097125, -944.4668953380781, -1091.9654232181424, -1264.3728527545477, -1405.2417179474132, -1494.6718578223467, -1563.5740059559434, -1610.5445301120953, -1615.2220151115812, -1586.8618981930024, -1526.3156002572453, -1415.4602271815902, -1280.4978784881012, -1158.083900568034, -1011.3875268753793, -810.966704413782, -620.8344598271187, -482.40410693219366, -330.89402898995945, -135.05379295692035, 28.03933635529311, 125.52089318284364, 232.75519806682055, 375.32730018311594, 477.85038736977936, 521.0598647469216, 573.3100146186662, 641.4717391608835, 693.7516597871356, 729.9058395855558, 727.1186407953431, 525.3224466939577, 340.15392568133524], "sigma": 0.012112160906071257, "center": 5577.3168115089065, "fwhm": 0.0388032852489548}