{"x": [5808.35066, 5808.344510612245, 5808.33836122449, 5808.332211836735, 5808.326062448979, 5808.319913061225, 5808.313763673469, 5808.307614285714, 5808.301464897959, 5808.295315510204, 5808.289166122449, 5808.283016734694, 5808.276867346939, 5808.2707179591835, 5808.264568571429, 5808.258419183673, 5808.252269795918, 5808.246120408163, 5808.239971020408, 5808.2338216326525, 5808.227672244898, 5808.221522857143, 5808.2153734693875, 5808.209224081633, 5808.203074693877, 5808.1969253061225, 5808.190775918367, 5808.184626530612, 5808.1784771428565, 5808.172327755102, 5808.166178367347, 5808.1600289795915, 5808.153879591837, 5808.147730204081, 5808.1415808163265, 5808.135431428571, 5808.129282040816, 5808.123132653061, 5808.116983265306, 5808.11083387755, 5808.1046844897955, 5808.098535102041, 5808.092385714285, 5808.0862363265305, 5808.080086938775, 5808.07393755102, 5808.067788163265, 5808.06163877551, 5808.055489387754, 5808.04934], "y": [0.03034, 0.03276577759892179, 0.03508144818668565, 0.03966201511314803, 0.04484936454006266, 0.04744693222392667, 0.049396237915425564, 0.055443009919534006, 0.06561507954347216, 0.07543552828843875, 0.08319409429901838, 0.09266425986154037, 0.10776621679766146, 0.12758433042278758, 0.1496779350809731, 0.17616378744232986, 0.21268503614721915, 0.2614734386422133, 0.3209988125335738, 0.39188310885194055, 0.47355907862158786, 0.5517508849579645, 0.6001066419374556, 0.6010948799123786, 0.5597296884653548, 0.49379341177742453, 0.41872942257702955, 0.3453940661811832, 0.28258921094263056, 0.2338712857614609, 0.19587867665387285, 0.16429399964375202, 0.13833283567698637, 0.11856961277020418, 0.10355333731761096, 0.09071014723304877, 0.07907833117775992, 0.06974295828605484, 0.0631756815925994, 0.057464117967036286, 0.05081274351699044, 0.04492464504724634, 0.04246067956152111, 0.04181807704090541, 0.03885939102820827, 0.03373108841608661, 0.03085118334452725, 0.03180191176762785, 0.03289697555703188, 0.03074], "primeira_derivada": [-0.394474652710967, -0.3855219718994225, -0.5607255379563079, -0.7942186069810964, -0.6329831050455634, -0.3697013065689981, -0.6501523414993516, -1.3187362932546818, -1.6255698262102682, -1.4293304843315584, -1.4008493413551109, -1.9979324346583016, -2.839312786216373, -3.4077960239337797, -3.949942575892341, -5.123038550739691, -6.936434535968383, -8.806874822253333, -10.603467808671985, -12.404508559412239, -12.998674216286153, -10.289444116588179, -4.012106320098462, 3.283005973906164, 8.724565144306013, 11.46457757278745, 12.06618866014403, 11.069411871141023, 9.067795434283022, 7.050338809943577, 5.657253119169814, 4.678989459447764, 3.717799941562649, 2.8278830140610975, 2.265222705608833, 1.990036009627161, 1.7048192260608133, 1.2930270636959473, 0.9983790913752758, 1.0052169880845752, 1.0195708434712514, 0.6790971953641431, 0.2525916505862713, 0.2928168361388428, 0.6575442098308949, 0.6511386175772839, 0.1568592456086767, -0.16634112971559858, 0.08634288565858222, 0.35076265200255424], "segunda_derivada": [-1.4558653915906707, 13.517677845723915, 33.23067688639739, 5.875183836687045, -34.517037899910754, 1.3960118582037593, 77.16499792110118, 79.3101300119424, 8.992292849325137, -18.271777111735204, 46.23240336810555, 116.95989114157044, 114.6344681300037, 90.30409480556183, 139.46449590588009, 242.8283984507918, 299.5287025463203, 298.16246907080523, 292.51966865652986, 194.75161617552575, -171.97357909380955, -730.6880175712897, -1103.5610885904173, -1035.6048416137342, -665.2346481174659, -271.703757258998, 32.13049147168706, 243.79607736931368, 326.78643966027875, 277.30746955292415, 192.81182492571048, 157.6948189663486, 150.5114426906869, 118.10746807560865, 68.12442456008017, 45.56579466613794, 56.673035892600105, 57.43987554638617, 23.401522807692846, -1.7230782103632156, 26.516444053392505, 62.36224022802945, 31.408033986901444, -32.926250170590635, -29.134752572551996, 40.71014742908518, 66.46838513371866, 5.733608186517604, -42.04514354167882, -42.99936463458798], "sigma": 8.350543614366046e-07, "center": 5808.210900216515, "fwhm": 0.061944815774707604, "statistics": {"wv_mean": 5808.200000000001, "wv_std": 0.08874101336526083, "wv_min": 5808.04934, "wv_max": 5808.35066, "wv_kurt": -1.2009603841528051, "wv_skew": -3.0746651298457915e-11, "int_mean": 0.16840882756284828, "int_std": 0.17092088235735992, "int_max": 0.6010948799123786, "int_min": 0.03034, "int_kurt": 0.48579163246898904, "int_skew": 1.3299863661569076}}