{"x": [5779.62043, 5779.617278367346, 5779.614126734694, 5779.61097510204, 5779.607823469388, 5779.604671836734, 5779.601520204082, 5779.598368571428, 5779.595216938776, 5779.592065306122, 5779.5889136734695, 5779.585762040816, 5779.582610408163, 5779.57945877551, 5779.576307142857, 5779.573155510204, 5779.570003877551, 5779.566852244898, 5779.563700612245, 5779.560548979592, 5779.557397346939, 5779.554245714286, 5779.551094081633, 5779.5479424489795, 5779.544790816327, 5779.541639183673, 5779.538487551021, 5779.535335918367, 5779.532184285715, 5779.529032653061, 5779.525881020409, 5779.522729387755, 5779.519577755103, 5779.516426122449, 5779.5132744897965, 5779.510122857143, 5779.50697122449, 5779.503819591837, 5779.500667959184, 5779.497516326531, 5779.494364693878, 5779.491213061225, 5779.488061428572, 5779.484909795919, 5779.481758163266, 5779.4786065306125, 5779.47545489796, 5779.472303265306, 5779.469151632654, 5779.466], "y": [0.08249, 0.08847507835215652, 0.0956195527338917, 0.10425441337087593, 0.11446537094392738, 0.12637608498128738, 0.14026575426673957, 0.1569709219715014, 0.17736007336493978, 0.20246515860979478, 0.2327646144658534, 0.26915012797282284, 0.31284796693876044, 0.36722760725613757, 0.43732442337314403, 0.5291020082610873, 0.6482917355501869, 0.7954694556588425, 0.966843511848276, 1.1494505406132212, 1.3268223125048246, 1.4773115528588403, 1.582586385029599, 1.6285646751473781, 1.6093723500836663, 1.5283900887145325, 1.3972359796460736, 1.2323804038387332, 1.054411162860499, 0.8805769877245488, 0.7262302361558216, 0.5983800571743787, 0.4993490161008383, 0.4246277685110691, 0.3677703052933797, 0.3219993520269832, 0.28233053951299864, 0.24706344273091913, 0.21611812798593552, 0.19057434692963085, 0.1704398983164636, 0.1547886354317894, 0.141665041436834, 0.12950579579858973, 0.11758976055054034, 0.1064520684464796, 0.09710538854883773, 0.09017376755165965, 0.08543669938647917, 0.08177], "primeira_derivada": [-1.8990405958362444, -2.082976377531192, -2.50335885489078, -2.9898500689532552, -3.509557433517487, -4.093177435811866, -4.8538075909112655, -5.884936980580052, -7.21756651974622, -8.78981581933536, -10.579432425068354, -12.705058185567397, -15.559789176032002, -19.747932284267428, -25.681038817868316, -33.469527607112596, -42.258644442669336, -50.53758025867216, -56.158366777379264, -57.109891964868645, -52.014471281891474, -40.57644095636822, -23.99599492384808, -4.249537938407781, 15.892490886605032, 33.654996281486945, 46.96132409180574, 54.38844791357543, 55.81288412125637, 52.06522504895081, 44.769959195219556, 35.99423616770132, 27.565441120733304, 20.87469024671844, 16.28178594751109, 13.55484207492727, 11.888426975094326, 10.50446210206631, 8.961878178717134, 7.2467566334799445, 5.677329092158319, 4.565071511719615, 4.011070200199759, 3.819493503318571, 3.657426148610053, 3.249803238001133, 2.582518758824805, 1.8512133942846605, 1.3332403355359106, 1.163428543110524], "segunda_derivada": [58.36206243477483, 95.8738415263793, 143.87363491526617, 159.6313227772577, 175.04060408072812, 213.26250635453854, 284.2589448103708, 375.0054636843852, 460.853017871542, 533.3530705229035, 621.1451011670032, 790.1232946920312, 1117.3374047731256, 1605.7153158477865, 2176.902709393142, 2630.0028350054513, 2707.8112411159955, 2205.162191298931, 1042.683654747864, -657.4204470635077, -2622.997796480744, -4445.073306843841, -5763.188007155332, -6328.225748634045, -6013.4759333847305, -4929.006109769253, -3289.319206041592, -1404.2816857006453, 368.57450096238426, 1751.9371928343708, 2549.6291367791887, 2729.461198130323, 2398.6846795709894, 1790.1285485040937, 1161.2787684380276, 696.9973115638894, 483.9364717704504, 464.2909118153298, 516.828232732056, 521.0869171866872, 425.4437964352443, 264.34852589012854, 118.28440850824015, 56.104897131361476, 90.38018196176343, 170.5318335160627, 221.8833851663849, 198.1954372255957, 109.11564368231815, 53.880579082366005], "sigma": 0.007620953405974573, "center": 5779.546623912523, "fwhm": 0.03895916509846656, "statistics": {"wv_mean": 5779.543215, "wv_std": 0.04548080012576371, "wv_min": 5779.466, "wv_max": 5779.62043, "wv_kurt": -1.2009603841528307, "wv_skew": 2.999598384342454e-11, "int_mean": 0.5152847309366354, "int_std": 0.4970429458652964, "int_max": 1.6285646751473781, "int_min": 0.08177, "int_kurt": -0.2707114067416563, "int_skew": 1.0790457972685719}}