{"x": [5763.34049, 5763.334513469387, 5763.328536938775, 5763.322560408163, 5763.31658387755, 5763.310607346938, 5763.304630816326, 5763.298654285714, 5763.292677755102, 5763.28670122449, 5763.280724693877, 5763.274748163265, 5763.268771632653, 5763.26279510204, 5763.256818571428, 5763.250842040816, 5763.244865510203, 5763.238888979591, 5763.232912448979, 5763.226935918367, 5763.220959387755, 5763.214982857143, 5763.2090063265305, 5763.203029795918, 5763.197053265306, 5763.1910767346935, 5763.185100204081, 5763.179123673469, 5763.173147142857, 5763.167170612244, 5763.161194081632, 5763.1552175510205, 5763.149241020408, 5763.143264489796, 5763.137287959184, 5763.131311428571, 5763.125334897959, 5763.119358367347, 5763.113381836734, 5763.107405306122, 5763.10142877551, 5763.095452244897, 5763.089475714285, 5763.083499183674, 5763.077522653061, 5763.071546122449, 5763.065569591837, 5763.059593061224, 5763.053616530612, 5763.04764], "y": [0.06029, 0.06407070976236427, 0.06504358773087858, 0.0669474523513848, 0.07442299848072165, 0.08739602519930557, 0.10061746986691786, 0.11157091449689421, 0.12451187382390518, 0.14286481134298795, 0.16374646215935312, 0.18563954366005164, 0.21462025927983475, 0.25684541683607504, 0.31214091453117204, 0.3809086568085628, 0.4701436985169997, 0.5862013730415115, 0.7282277966752104, 0.8874554277679321, 1.0425454438628263, 1.155473266142205, 1.1883611654801827, 1.131905520686314, 1.0103296508072623, 0.8586906911716574, 0.7048393656447458, 0.5692650106804498, 0.46367503525023984, 0.38509171507952344, 0.32163502556941725, 0.2677495793609766, 0.22673035875876918, 0.19933701957335054, 0.17873583051259936, 0.15842043439326636, 0.13839044279637042, 0.12204895966958063, 0.11094448677105573, 0.10352258558976674, 0.09710925356507846, 0.0904281040391242, 0.08430613166223126, 0.07968640564250981, 0.0756776188134717, 0.07084192179742603, 0.06560139875992778, 0.061920445588764854, 0.06053781318461432, 0.05959], "primeira_derivada": [-0.6325927210300967, -0.39768789279546274, -0.24066994512607656, -0.7846869160609334, -1.7107394050474611, -2.191444592638677, -2.0224851897865834, -1.9990196243258556, -2.6180654694220666, -3.282388301885386, -3.5785587903558063, -4.25613122566876, -5.957124441837096, -8.158634296157004, -10.379202251289376, -13.218604089489885, -17.17490711165413, -21.591464588702653, -25.203088069905505, -26.29599575411197, -22.42252702780339, -12.19902741875734, 1.9716911854618946, 14.894219257077324, 22.857310305720073, 25.557493550941995, 24.21351945347768, 20.17594705342563, 15.408044193851685, 11.88314917923545, 9.816910791494726, 7.93977919416209, 5.723434231781001, 4.0152499300573306, 3.4231051285649197, 3.375318419108584, 3.042858564861836, 2.2961445197619175, 1.5499271468331428, 1.1574635941350329, 1.0954918831721279, 1.0711165668979208, 0.8986566868156818, 0.721866364378353, 0.7399346225098051, 0.8429823845276209, 0.7463758480779251, 0.42362249135638136, 0.19496642282419482, 0.15858919598959856], "segunda_derivada": [-39.3045469809161, -32.78848560537894, 32.3765616182079, 122.98685937390832, 117.69015904301908, 26.08083225548368, -16.098383896080673, 49.826589899291356, 107.36736417905954, 80.35542551681415, 81.4638949373783, 198.9921750404786, 326.4856589579447, 369.95358145911837, 423.3199929492681, 568.5325903260111, 700.4783412268838, 671.6422519202268, 393.583792248382, -232.62334142353296, -1179.36050610249, -2040.8343732899066, -2266.6366520406996, -1747.3029484046067, -892.0956810537906, -113.46123995106505, 450.2232855987556, 736.6711417390881, 693.7802558144533, 467.75744700744264, 329.90460864097247, 342.4626113007825, 328.328383026916, 192.44686026337428, 53.537039501653894, 31.811646954466987, 90.28431119577063, 124.89950398248762, 95.26270335506086, 38.01831640622683, 7.22384212833973, 16.467346118067407, 29.218473492503108, 13.278779497162338, -10.132636140078732, -0.5388766481716857, 35.08389066953787, 46.13123072752954, 22.17283843745801, 6.086679579560149], "sigma": 1.1435653743063767e-05, "center": 5763.208378786331, "fwhm": 0.05828043871639123, "statistics": {"wv_mean": 5763.194065, "wv_std": 0.08624653446147644, "wv_min": 5763.04764, "wv_max": 5763.34049, "wv_kurt": -1.2009603841547365, "wv_skew": -2.7039913358498216e-17, "int_mean": 0.3233411214637154, "int_std": 0.3362823632924675, "int_max": 1.1883611654801827, "int_min": 0.05959, "int_kurt": 0.5637026173146431, "int_skew": 1.36814910228276}}