{"x": [5749.99281, 5749.983393673469, 5749.973977346938, 5749.964561020408, 5749.955144693878, 5749.945728367346, 5749.936312040816, 5749.926895714286, 5749.917479387755, 5749.908063061224, 5749.898646734694, 5749.889230408163, 5749.8798140816325, 5749.870397755101, 5749.860981428571, 5749.851565102041, 5749.8421487755095, 5749.832732448979, 5749.823316122449, 5749.813899795918, 5749.804483469387, 5749.795067142857, 5749.785650816326, 5749.776234489796, 5749.766818163265, 5749.757401836734, 5749.747985510204, 5749.7385691836735, 5749.729152857142, 5749.719736530612, 5749.710320204082, 5749.70090387755, 5749.69148755102, 5749.68207122449, 5749.672654897959, 5749.663238571428, 5749.653822244898, 5749.644405918367, 5749.6349895918365, 5749.625573265305, 5749.616156938775, 5749.606740612245, 5749.5973242857135, 5749.587907959183, 5749.578491632653, 5749.569075306122, 5749.559658979591, 5749.550242653061, 5749.54082632653, 5749.53141], "y": [0.06679, 0.07348776198819074, 0.0803527049941078, 0.09106901014563455, 0.09682261578492626, 0.10555228234835483, 0.12000673490101595, 0.1366883970258563, 0.15404095959879555, 0.1702028470732006, 0.20167308481569413, 0.23737856148320097, 0.273881257426028, 0.3253839959500602, 0.39245814205358087, 0.4836331696271433, 0.5959259890968256, 0.7335399017548694, 0.9012932693272353, 1.0818537949228157, 1.2328760125391804, 1.316073815292131, 1.3169842606715372, 1.21726733460566, 1.058577585215341, 0.8916028477684217, 0.7304703056414059, 0.6031003158685002, 0.49915948641929997, 0.4137130871875351, 0.34752131974326517, 0.29595630832510444, 0.2632617252186861, 0.22720477536096922, 0.19965940548404845, 0.181926826319283, 0.16195351490673687, 0.1517752321354979, 0.1333990118140207, 0.11769202375480509, 0.11545859352601114, 0.10495090415672087, 0.09459238976920675, 0.09232969589483273, 0.08916087915275075, 0.08358296121119667, 0.07851941406897248, 0.07289135885972313, 0.07026946073497163, 0.06678], "primeira_derivada": [-0.7112924521721807, -0.7201696409853225, -0.9335513217400848, -0.8745401265462766, -0.7690510814072247, -1.231059640952813, -1.653304745609271, -1.807192252022151, -1.7795926011000167, -2.5292307495725344, -3.5669809341573027, -3.834200756234265, -4.67302371999463, -6.296345195776371, -8.402914510657313, -10.803992744872756, -13.269863322576763, -16.214777559370344, -18.49521105870382, -17.606799325032718, -12.4369104881638, -4.466085997424473, 5.246551315088902, 13.721204050470394, 17.292544272631048, 17.42225476688369, 15.319271850417845, 12.282434050403335, 10.056322285681935, 8.05187491045995, 6.252798183974914, 4.474122379326056, 3.650655738355542, 3.377236310089108, 2.4042257293120435, 2.0021550047135026, 1.601027432794951, 1.516223072737304, 1.8097932494893285, 0.9526229910047749, 0.6765440619060016, 1.1079800434200149, 0.6701768582826062, 0.2884092113298458, 0.4644451663325757, 0.5650539543750207, 0.5677162063714783, 0.43806644273942646, 0.3245086520610265, 0.3705755873846716], "segunda_derivada": [0.9427443690038865, 11.801782194043128, 8.19695902944585, -8.734841543755756, 18.930923499844745, 46.95321797274231, 30.59221710374406, 6.7057920664858885, 38.339712158035354, 94.90900338395682, 69.29294573630268, 58.730056897715, 130.7380554136791, 198.0544524704315, 239.3527632347827, 258.43139551414737, 287.30868650453175, 277.4621143029131, 73.91532999179377, -321.69129600344866, -697.7621944887146, -938.9787910124729, -965.7316995377155, -639.6333495222863, -196.52306577970904, 104.77931153769855, 272.92069258333396, 279.4587436802872, 224.63957288047078, 201.96432703709678, 189.97602299839187, 138.17184637345645, 58.243841996527145, 66.18451500022759, 73.01580403379731, 42.64923767950201, 25.802627510267133, -11.08531102933482, 29.92674902955927, 60.17469678234208, -8.249345002817023, 0.33809382048295045, 43.518607251638954, 10.924201241749294, -14.689631999359626, -5.483616126820424, 6.742943292534401, 12.914141917026821, 3.5837146861000173, -4.892240639214492], "sigma": 0.0006543830396097405, "center": 5749.789395321666, "fwhm": 0.094763597231308, "statistics": {"wv_mean": 5749.76211, "wv_std": 0.13588578111863192, "wv_min": 5749.53141, "wv_max": 5749.99281, "wv_kurt": -1.200960384152841, "wv_skew": 4.1481978362035186e-17, "int_mean": 0.37101490663926695, "int_std": 0.37556023198542665, "int_max": 1.3169842606715372, "int_min": 0.06678, "int_kurt": 0.48564485461100304, "int_skew": 1.3366320381471977}}