{"x": [5647.20107, 5647.196746122449, 5647.192422244898, 5647.188098367347, 5647.183774489796, 5647.179450612245, 5647.175126734694, 5647.170802857143, 5647.166478979592, 5647.162155102041, 5647.15783122449, 5647.153507346939, 5647.149183469388, 5647.144859591836, 5647.140535714286, 5647.136211836735, 5647.131887959184, 5647.127564081633, 5647.123240204081, 5647.118916326531, 5647.114592448979, 5647.110268571429, 5647.105944693878, 5647.101620816326, 5647.097296938776, 5647.092973061224, 5647.088649183674, 5647.084325306122, 5647.080001428571, 5647.075677551021, 5647.071353673469, 5647.067029795919, 5647.062705918367, 5647.0583820408165, 5647.054058163265, 5647.049734285714, 5647.045410408164, 5647.041086530612, 5647.0367626530615, 5647.03243877551, 5647.028114897959, 5647.023791020408, 5647.019467142857, 5647.0151432653065, 5647.010819387755, 5647.006495510204, 5647.002171632653, 5646.997847755102, 5646.993523877551, 5646.9892], "y": [0.07514, 0.08059756760642793, 0.08846490260885499, 0.09878277107703838, 0.11044508042380259, 0.12317262963342608, 0.13799654977936424, 0.15611222423478432, 0.17739024182762564, 0.20126915552877686, 0.2287818903129462, 0.2635270762295547, 0.3096710778725291, 0.3699191991990725, 0.4451461716328707, 0.5375997059378499, 0.6515867559394851, 0.7924631392594493, 0.9586917945284109, 1.1370791647227507, 1.3020487497911197, 1.425410534556311, 1.4852844782989427, 1.472544011360698, 1.3921690568377176, 1.2597820119355205, 1.0971688843566354, 0.9268069854910534, 0.7692193834042478, 0.6361482886147042, 0.5309115078441866, 0.4494931145656125, 0.38519128781683815, 0.33201212106745764, 0.28689902091722386, 0.24906199729631923, 0.21859947185422837, 0.19444172532946316, 0.17481009126791636, 0.15798614268929387, 0.14332617555427007, 0.13095569245221342, 0.12109607480005322, 0.11318037088774673, 0.10597158754367549, 0.09848519860265162, 0.09084118672273507, 0.08399397296528582, 0.07874689752259938, 0.07485], "primeira_derivada": [-1.2621929142349662, -1.5408510591962237, -2.102881413239595, -2.5417206610558205, -2.820368785681159, -3.1859678066778314, -3.809034161140366, -4.555366287199695, -5.221809678981098, -5.942773341534442, -7.199315887787285, -9.353778709487727, -12.302860304492933, -15.66592626175056, -19.390061903377735, -23.872158943851968, -29.471629377838866, -35.51268912688178, -39.85034513484895, -39.70475010056358, -33.341759384590056, -21.1888202616909, -5.450371367770994, 10.76758307341658, 24.603148090037845, 34.11291936411411, 38.50421554615289, 37.923079120259445, 33.61088438244906, 27.557195219385942, 21.584234502912626, 16.850641386769635, 13.585143440129924, 11.366217675949152, 9.592099081330508, 7.89795134843784, 6.316121504541936, 5.063670290027234, 4.215612284279744, 3.6407038984868896, 3.125718746392788, 2.570620986783872, 2.0554839211238383, 1.7489495340328023, 1.6993048613738047, 1.7496333605857994, 1.6757210936422198, 1.3985466814496947, 1.0573811188277797, 0.9012506660900634], "segunda_derivada": [64.44635438866621, 97.21465155659229, 115.73750528711614, 82.96804939135673, 74.4987731509672, 114.32624580344722, 158.35305976432412, 163.3690479548945, 160.43551626316219, 228.6727810213956, 394.43824757428814, 590.158296159705, 729.917473111107, 819.5423569641532, 948.9436953297937, 1165.8016855641754, 1346.0753739548993, 1200.163005818751, 484.75713340075214, -752.6329866374638, -2141.1256008182963, -3225.274963295312, -3695.3409246143287, -3475.297242200129, -2699.5834196122782, -1607.477003207425, -440.5952424794378, 565.849877325208, 1198.679169274494, 1390.725076906077, 1238.0732000521411, 924.9904707374736, 634.2020149762873, 461.74345961709696, 401.0597301303365, 378.82404605900433, 327.74760905266, 242.89647376046005, 164.54748946146154, 126.03196147551752, 123.74112114182711, 123.75868796282714, 95.01557839338933, 41.187459119936804, -0.0790756149911326, 2.727154903548889, 40.59859177184915, 71.50294700863614, 57.50579306236249, 36.108897837515975], "sigma": 0.006800952469421695, "center": 5647.103143197289, "fwhm": 0.0498338558770406, "statistics": {"wv_mean": 5647.095135, "wv_std": 0.06239731349287368, "wv_min": 5646.9892, "wv_max": 5647.20107, "wv_kurt": -1.2009603841524683, "wv_skew": 2.1863821143228706e-11, "int_mean": 0.4546254624140348, "int_std": 0.44207787760592454, "int_max": 1.4852844782989427, "int_min": 0.07485, "int_kurt": -0.047966974491191916, "int_skew": 1.1559847779897203}}