{"x": [5790.42564, 5790.424371632654, 5790.423103265306, 5790.421834897959, 5790.420566530613, 5790.419298163266, 5790.418029795918, 5790.416761428572, 5790.415493061225, 5790.414224693878, 5790.412956326531, 5790.411687959184, 5790.410419591837, 5790.40915122449, 5790.407882857143, 5790.406614489796, 5790.405346122449, 5790.404077755102, 5790.402809387755, 5790.401541020408, 5790.400272653062, 5790.399004285714, 5790.397735918367, 5790.396467551021, 5790.395199183674, 5790.393930816326, 5790.3926624489795, 5790.391394081633, 5790.390125714286, 5790.3888573469385, 5790.387588979592, 5790.386320612245, 5790.385052244898, 5790.383783877551, 5790.382515510204, 5790.381247142857, 5790.37997877551, 5790.378710408163, 5790.377442040816, 5790.37617367347, 5790.374905306122, 5790.373636938775, 5790.3723685714285, 5790.371100204082, 5790.369831836734, 5790.3685634693875, 5790.367295102041, 5790.366026734694, 5790.364758367346, 5790.36349], "y": [0.02538, 0.03211132635627391, 0.03946433425833856, 0.04739696153971598, 0.055855961715070956, 0.06475040305409442, 0.0740453123021576, 0.08373583317674173, 0.09372341766742324, 0.10387604419900141, 0.1140834074510427, 0.12432865672311398, 0.1345204934832648, 0.14450126243997885, 0.15413171285263455, 0.163339092067757, 0.1720625417386416, 0.1801586579804346, 0.18749078908929084, 0.1939631855887534, 0.1995398725892703, 0.20413573037864466, 0.20765388564482543, 0.21005001847036114, 0.21130315464971353, 0.21139681725334214, 0.21031168565375072, 0.20808166857858976, 0.20474932185977027, 0.20032890502070957, 0.19488014415931304, 0.18850046564695166, 0.18130387339369988, 0.17334895440190806, 0.16470559062569495, 0.15550408086557832, 0.14590182453611372, 0.13600232929678077, 0.12583648403857559, 0.11553120953854144, 0.10524003968729864, 0.09508464654947378, 0.08509565245995945, 0.07532750295112998, 0.06589906002559334, 0.05692081899199044, 0.04843319344076511, 0.040420854835281836, 0.032952193122013466, 0.02612], "primeira_derivada": [-5.307079509520297, -5.552151074297345, -6.025712983545488, -6.461703503815002, -6.840857878980927, -7.170379554367187, -7.4842001274604755, -7.757257949085028, -7.939423493709138, -8.026061940618876, -8.062574525360233, -8.056453867729834, -7.952193727304787, -7.73089098091112, -7.426014896186987, -7.068468347322726, -6.630400077021732, -6.081931778331501, -5.441849178834761, -4.749839835921786, -4.010094083793435, -3.1986053069275364, -2.33145709208511, -1.4385694390317485, -0.530918265118793, 0.3908445759733606, 1.306856678133986, 2.192725872518223, 3.056198023074712, 3.890504482992071, 4.662860252761699, 5.351868605266089, 5.972840312746215, 6.543168587986972, 7.034584098449475, 7.412586791831789, 7.68773794609955, 7.909908966661551, 8.069870219903152, 8.119274119324787, 8.060189752897262, 7.941069785333696, 7.788415418284751, 7.56744190760827, 7.256054013165959, 6.8851766919578345, 6.5044106502332495, 6.1027273972901135, 5.637505123117319, 5.386604393223053], "segunda_derivada": [193.2181283384236, 283.2907499673093, 358.55244600478085, 321.3362822486992, 279.36545843360017, 253.61037948398936, 231.3519013357284, 179.45249356550613, 105.96456627132062, 48.547067979279255, 11.980727499361413, -43.51294533941012, -128.33935202721932, -207.4236743375783, -261.132011585085, -313.63737848835376, -388.90017596077587, -468.5357522183877, -525.120717536639, -564.4086859986373, -611.5083821972952, -661.7313964521077, -693.8194492549442, -709.7860220209341, -721.1688392535644, -724.4647803964652, -710.3152336811153, -689.6035874295846, -669.2771673237321, -633.35840097009, -576.080788449664, -516.4040462652841, -469.6194621309987, -418.547429526589, -342.7312308612284, -257.47818607505786, -196.04816220675812, -150.63943217812468, -82.53332648706258, 3.816113300110587, 70.2494960901189, 107.13549797591168, 147.28693493029286, 209.86089176311688, 268.95410748907665, 296.3034979108647, 308.4474291682002, 341.7407145702604, 282.3011037249406, 197.81393028202783], "sigma": 0.013374579257547037, "center": 5790.39388162523, "fwhm": 0.0375291930573317}