{"x": [5521.55395, 5521.538057551021, 5521.522165102041, 5521.506272653061, 5521.490380204082, 5521.474487755103, 5521.458595306123, 5521.442702857144, 5521.426810408164, 5521.410917959184, 5521.3950255102045, 5521.379133061225, 5521.363240612245, 5521.347348163265, 5521.331455714286, 5521.315563265307, 5521.299670816327, 5521.283778367348, 5521.267885918368, 5521.251993469388, 5521.236101020409, 5521.220208571429, 5521.204316122449, 5521.1884236734695, 5521.17253122449, 5521.156638775511, 5521.140746326531, 5521.124853877552, 5521.108961428572, 5521.093068979592, 5521.077176530613, 5521.061284081633, 5521.045391632653, 5521.029499183674, 5521.013606734694, 5520.997714285715, 5520.981821836735, 5520.965929387756, 5520.950036938776, 5520.934144489796, 5520.918252040817, 5520.902359591837, 5520.886467142857, 5520.870574693878, 5520.854682244898, 5520.838789795919, 5520.8228973469395, 5520.80700489796, 5520.79111244898, 5520.77522], "y": [0.0414, 0.04650670985504949, 0.042970235059089326, 0.05636479638276858, 0.053623477760985236, 0.06331483405525477, 0.07159444406150238, 0.07470667448014527, 0.08393391140282831, 0.09624487174297881, 0.10621857652788755, 0.1276359101639863, 0.14607959577459362, 0.18337682906356764, 0.22140716283849057, 0.28332553738175825, 0.36561109278557574, 0.4899625082922532, 0.6695385276858135, 0.904614152249084, 1.1843192216382985, 1.3641184960083603, 1.346589333453973, 1.1477040525725803, 0.8811794398846846, 0.6567435756666786, 0.4962954044951176, 0.37867594928928, 0.30397843871997565, 0.24095182076063731, 0.21111806876894654, 0.16841270340536063, 0.15144989988553592, 0.13362242903168936, 0.11485175630059019, 0.10494506838656306, 0.09685736997967107, 0.08509792365359863, 0.08321493412152839, 0.07583772904296136, 0.07105461678678597, 0.06274561754794221, 0.06194187646844128, 0.05884337496825408, 0.05456588664415848, 0.052223491408525176, 0.04890505561342706, 0.05086275389836389, 0.043794569564150565, 0.04132], "primeira_derivada": [-0.3213293219677746, -0.04940192229330327, -0.31015001339065995, -0.33516680517628317, -0.21865848622730666, -0.5653932356178646, -0.35840418425922826, -0.38821793158183393, -0.6776236088712944, -0.7011085941992293, -0.9876085951616042, -1.254086745776586, -1.753691925355098, -2.3699169070855213, -3.1445345034241026, -4.536869369080512, -6.501105373207131, -9.562007570033748, -13.045555297578217, -16.195763617379964, -14.456687712090952, -5.105258227448317, 6.808719150598635, 14.64248506206392, 15.446344284243061, 12.109022212139248, 8.74841966561776, 6.050576787157921, 4.333005212245656, 2.921524872275294, 2.2821881463330165, 1.8772490306460916, 1.0945535964326187, 1.151431841364708, 0.9022322702626061, 0.5661300641718713, 0.6244205898768401, 0.4292112523243557, 0.2913394475097778, 0.38258160684634085, 0.41189723219356883, 0.2867003169238919, 0.12277033529182312, 0.2320595722443906, 0.20827134849954757, 0.17809813447032863, 0.04281081889583947, 0.16078346565118035, 0.3002291814987879, 0.1557072523758814], "segunda_derivada": [-17.110478065531513, -0.35171761732270557, 8.990586763823353, -2.8784590493355564, 7.243264733536957, 4.396606785227321, -5.574197666530666, 10.043116231492288, 9.844003998923197, 9.75258711500556, 17.3975122488747, 24.102117023398474, 35.10567070988586, 43.757968952643154, 68.17553621934003, 105.60269453027044, 158.0982958440486, 205.89809452076602, 208.7077975152287, 44.39631727987918, -348.92373743369336, -669.0412185646568, -621.2932731373223, -271.75248901808556, 79.70649624975077, 210.72663588157383, 190.6076726351579, 138.91548303903204, 98.44461098734745, 64.52174452578751, 32.854465758049884, 37.364743200326146, 22.8352845495745, 6.050713971643341, 18.414461419941645, 8.740367225619039, 4.307668755851913, 10.479226417301781, 1.4670377591780186, -3.7929265916757378, 3.016567492052821, 9.0963607078852, 1.7190788137608306, -2.6899886014113075, 1.6977068117250325, 5.205633499907789, 0.544745144102138, -8.098763221829698, 0.15970519338422634, 9.09374818869326], "sigma": 5.229181500743252e-05, "center": 5521.211860187465, "fwhm": 0.10826572735323917, "statistics": {"wv_mean": 5521.1645849999995, "wv_std": 0.22934186027408743, "wv_min": 5520.77522, "wv_max": 5521.55395, "wv_kurt": -1.2009603841541843, "wv_skew": 1.1897044547985961e-11, "int_mean": 0.27801301411059387, "int_std": 0.3569356066752671, "int_max": 1.3641184960083603, "int_min": 0.04132, "int_kurt": 2.340542919533311, "int_skew": 1.8625745256269899}}