{"x": [5800.23471, 5800.223160408163, 5800.211610816326, 5800.200061224489, 5800.188511632653, 5800.176962040816, 5800.16541244898, 5800.1538628571425, 5800.142313265306, 5800.130763673469, 5800.119214081632, 5800.107664489796, 5800.096114897959, 5800.084565306122, 5800.073015714285, 5800.061466122449, 5800.049916530612, 5800.038366938776, 5800.0268173469385, 5800.015267755102, 5800.003718163265, 5799.992168571428, 5799.980618979592, 5799.969069387755, 5799.957519795918, 5799.945970204081, 5799.934420612245, 5799.922871020408, 5799.911321428572, 5799.8997718367345, 5799.888222244897, 5799.876672653061, 5799.865123061224, 5799.853573469388, 5799.842023877551, 5799.830474285714, 5799.818924693877, 5799.807375102041, 5799.795825510204, 5799.784275918368, 5799.772726326531, 5799.761176734693, 5799.749627142857, 5799.73807755102, 5799.726527959184, 5799.714978367347, 5799.7034287755105, 5799.691879183673, 5799.680329591837, 5799.66878], "y": [0.05323, 0.05824497773892818, 0.05984867959654937, 0.06430182304850939, 0.07052533879232739, 0.07960428833045957, 0.08724430688831673, 0.09270808824702009, 0.09992025889331557, 0.11260535161142395, 0.1293763993457737, 0.14496109557284267, 0.16535062480953633, 0.1897831802958559, 0.21890574501163756, 0.2600736366151153, 0.30926017578493564, 0.36998398693494533, 0.4433335747078274, 0.5353313299854553, 0.6471065958959981, 0.7776908089078027, 0.9074149154861973, 1.0086179093296956, 1.053610869402362, 1.0259584114891647, 0.9438924107441022, 0.8227190629435119, 0.6943012775086028, 0.5777963454733615, 0.4812676988612482, 0.400464068787845, 0.3366747872824306, 0.28387157809523433, 0.24228980636689645, 0.215667770832432, 0.18327204268338027, 0.16443525789008867, 0.1478839957296633, 0.12716272331411324, 0.11201070143086796, 0.10698423273809914, 0.09079344826370328, 0.08255590747038574, 0.0774185918551368, 0.07454686226394427, 0.06925576957076696, 0.06580770001520203, 0.05363567668405965, 0.05279], "primeira_derivada": [-0.4342125513736681, -0.28653305199615114, -0.2622103618564143, -0.462209372709923, -0.6624677953270715, -0.7237904305365742, -0.5672841128004573, -0.5487619036344688, -0.8613838326826034, -1.275202659445556, -1.4007310569474845, -1.5573808136449923, -1.9404185601023365, -2.3184854044799263, -3.0429844324024633, -3.9115854504190684, -4.75819197223655, -5.80424835867595, -7.158146598970789, -8.821654655403352, -10.492123113088489, -11.269156662464068, -9.99719746322262, -6.329052835089127, -0.7506976179189716, 4.749884680330322, 8.798551127154722, 10.805192805288593, 10.603089742627914, 9.222558755814207, 7.67699323028379, 6.259654610458556, 5.047472341069895, 4.086074306788626, 2.952650112109449, 2.5549718344187218, 2.2179360823653145, 1.5320042237908005, 1.613586657564479, 1.5530113447323886, 0.8735586010550466, 0.9185282678031735, 1.0575406305755908, 0.5790185747554261, 0.3467241665200466, 0.353381418139968, 0.37833208187432843, 0.6762183940169874, 0.5635567126214734, 0.07322134807745834], "segunda_derivada": [-12.786555703436195, -7.44624537167404, 7.605304291178383, 17.32777396511014, 11.324255502944713, -4.120651356020062, -7.57726027798612, 12.732039540481464, 31.44876312874546, 23.34918981857856, 12.215936207511493, 23.363921027958884, 32.949415078788796, 47.73181112765436, 68.96780719467573, 74.25403270037337, 81.9363547656073, 103.89781131102922, 130.6282654571248, 144.33308818448836, 105.95621220096774, -21.42610998138961, -213.86486627537892, -400.2955245541824, -479.6246340165489, -413.4020006985804, -262.14381471584556, -78.12131549712883, 68.51471774299856, 126.67532124101514, 128.2687815834764, 113.83609595891257, 94.09771074187708, 90.68814978841824, 66.2838347025776, 31.806926172515112, 44.28587715882831, 26.16323733975301, -0.9094313131857303, 32.036978751014885, 27.467770544454183, -7.964871491656939, 14.69790871610776, 30.77236295909106, 9.768187473898445, -1.3683563800882685, -13.976120560885986, -8.0186656535707, 26.10469073133474, 42.45477861540784], "sigma": 0.0008092434862416731, "center": 5799.954877350178, "fwhm": 0.1232952613017668, "statistics": {"wv_mean": 5799.951744999999, "wv_std": 0.1666706547645896, "wv_min": 5799.66878, "wv_max": 5800.23471, "wv_kurt": -1.2009603841541165, "wv_skew": 8.185294370608028e-12, "int_mean": 0.30744980179054143, "int_std": 0.30119854337961366, "int_max": 1.053610869402362, "int_min": 0.05279, "int_kurt": 0.2529173529297819, "int_skew": 1.2488321152444803}}