{"x": [5754.08607, 5754.080381836735, 5754.0746936734695, 5754.069005510204, 5754.063317346939, 5754.057629183674, 5754.051941020409, 5754.046252857143, 5754.040564693878, 5754.034876530613, 5754.029188367347, 5754.023500204082, 5754.017812040816, 5754.012123877551, 5754.0064357142855, 5754.000747551021, 5753.995059387756, 5753.98937122449, 5753.983683061225, 5753.977994897959, 5753.972306734694, 5753.966618571429, 5753.960930408163, 5753.955242244898, 5753.949554081632, 5753.943865918368, 5753.9381777551025, 5753.932489591837, 5753.926801428572, 5753.921113265306, 5753.915425102041, 5753.9097369387755, 5753.90404877551, 5753.898360612245, 5753.892672448979, 5753.886984285715, 5753.881296122449, 5753.875607959184, 5753.869919795919, 5753.864231632653, 5753.858543469388, 5753.852855306122, 5753.847167142857, 5753.841478979592, 5753.835790816326, 5753.830102653062, 5753.824414489796, 5753.818726326531, 5753.813038163265, 5753.80735], "y": [0.15051, 0.15962573189751056, 0.17033674035066396, 0.1832026389868004, 0.19863984833008258, 0.21688828406904415, 0.2380695786864795, 0.2623321048779296, 0.29010577447826896, 0.3221650895933175, 0.36001271600567336, 0.40574918290358897, 0.4620963094249445, 0.5322996184792527, 0.6200063235120523, 0.7292170810701496, 0.8643194128201784, 1.0301251126318047, 1.232008737140651, 1.4757343684090631, 1.7666061385287168, 2.105727521864741, 2.4780458149689166, 2.8216200506592175, 2.9969929206126364, 2.887411614661459, 2.5705954487655545, 2.197681728058105, 1.8484080146630193, 1.545587615228469, 1.290599812311864, 1.0788915391888536, 0.904828031733029, 0.7629722424096415, 0.6483303723292816, 0.5562873291194551, 0.4826279273318939, 0.423560851564755, 0.3758026926250413, 0.3366420267740319, 0.3039973132614494, 0.2763447332178152, 0.252642214391413, 0.23214902665860518, 0.2143288228872236, 0.19873369714726327, 0.1849037044586471, 0.17246944792271757, 0.16112313185346055, 0.15072], "primeira_derivada": [-1.6025791581886164, -1.7428068979007902, -2.072453443160381, -2.4878951832800813, -2.961030082400798, -3.4659457297371263, -3.9945953279224122, -4.574077198898195, -5.259429267730268, -6.14494857703766, -7.3471953432348345, -8.973335385796164, -11.124015756136659, -13.880580313818777, -17.309406694100378, -21.475569347103274, -26.45036873254052, -32.32056704110421, -39.16987215253649, -46.99209362005683, -55.37755546569503, -62.53685445064928, -62.9282683523352, -45.61640387504434, -5.78319933322345, 37.481121056647986, 60.62852404381239, 63.48160209244996, 57.32027039340978, 49.03236566219913, 41.02344238940094, 33.910048163098544, 27.76988652036995, 22.54661543945062, 18.16798355312594, 14.56554930643908, 11.666901191282285, 9.390134365215463, 7.640324366159848, 6.311824750207124, 5.300242867759358, 4.514207528323199, 3.884883792630647, 3.3678174936728182, 2.9372688471557105, 2.586521963064559, 2.3086757534095055, 2.0903560161346326, 1.9118164254356036, 1.8289088002683556], "segunda_derivada": [24.65255182899786, 41.302812792803344, 65.49462898779606, 78.10751887563003, 85.97243968750348, 90.85228371436658, 97.40679174073985, 111.18122676793642, 138.0824797781094, 183.51847319525586, 248.62039614448534, 331.98945219037915, 431.3558436225791, 543.7072258090682, 667.6134878270109, 803.5073548932052, 953.2952192108602, 1118.0677159318993, 1289.6541374072685, 1424.6851362139473, 1366.4130322293404, 663.7215331497595, -1487.3386879132738, -5023.156540413845, -7304.4250895314, -5837.7124814848585, -2285.4900450853443, 290.80157302478943, 1270.114424996605, 1432.5211182955875, 1329.27948737654, 1165.0119072390637, 998.8666106651248, 844.0249092043281, 701.5503741068113, 571.4570819286824, 454.9284804025429, 353.94349961898035, 270.58906991391564, 205.69746236303632, 158.01385596799048, 124.41266267241934, 100.7697899269914, 83.29709444509348, 68.67731236044519, 55.254487649785574, 43.61389817585399, 34.88466394658901, 22.981690544681282, 14.575465101626182], "sigma": 2.215103407166019e-05, "center": 5753.949117927924, "fwhm": 0.05933676433481022, "statistics": {"wv_mean": 5753.946710000001, "wv_std": 0.08208514285522708, "wv_min": 5753.80735, "wv_max": 5754.08607, "wv_kurt": -1.200960384155122, "wv_skew": -3.323966230573139e-11, "int_mean": 0.8426015287772946, "int_std": 0.8313146501667594, "int_max": 2.9969929206126364, "int_min": 0.15051, "int_kurt": 0.43621657165938554, "int_skew": 1.2964499404587044}}