{"x": [5573.43724, 5573.435817959184, 5573.434395918368, 5573.432973877551, 5573.431551836735, 5573.430129795918, 5573.428707755103, 5573.427285714286, 5573.425863673469, 5573.424441632653, 5573.423019591837, 5573.421597551021, 5573.420175510204, 5573.418753469387, 5573.417331428572, 5573.415909387755, 5573.414487346939, 5573.413065306123, 5573.411643265306, 5573.41022122449, 5573.408799183673, 5573.4073771428575, 5573.405955102041, 5573.404533061224, 5573.403111020408, 5573.401688979592, 5573.4002669387755, 5573.398844897959, 5573.397422857142, 5573.396000816327, 5573.39457877551, 5573.393156734694, 5573.391734693877, 5573.390312653061, 5573.388890612245, 5573.387468571428, 5573.3860465306125, 5573.384624489796, 5573.383202448979, 5573.381780408163, 5573.380358367347, 5573.3789363265305, 5573.377514285714, 5573.376092244897, 5573.374670204082, 5573.373248163265, 5573.3718261224485, 5573.370404081632, 5573.368982040816, 5573.36756], "y": [0.01867, 0.023432873773042002, 0.02876017187891591, 0.034587709671015064, 0.04088529516135517, 0.04765692356426898, 0.05484891312706595, 0.06234883348941784, 0.07009237378435233, 0.07807962084798013, 0.08618944358414682, 0.0942884030409699, 0.10230167992074704, 0.11018836014877344, 0.1178164509127599, 0.12505179527396176, 0.13181192216387538, 0.13804252431458636, 0.14362653149715182, 0.14846132298386197, 0.15249406548555758, 0.15569031763569602, 0.1579648704195872, 0.1592924954136236, 0.15966439332639942, 0.159066459958735, 0.15751146469475116, 0.15504300299533844, 0.15169447068131503, 0.14749485086002131, 0.1425171407237355, 0.13688028009348086, 0.1306544963539263, 0.12388453473326444, 0.11668661622250578, 0.10920066005624604, 0.10150224936361363, 0.09364568386166594, 0.0857566596316835, 0.07795552047094767, 0.07030120268888974, 0.06283386123106474, 0.05564534696617996, 0.0488447677389374, 0.042453479235030143, 0.0364740392612807, 0.03097843540971732, 0.025990805685657214, 0.021533905979453736, 0.01764], "primeira_derivada": [-3.3493228306217917, -3.547778574464881, -3.9221222666379876, -4.263282439253036, -4.595231635017428, -4.909710680377841, -5.165783484751819, -5.35971277321148, -5.531060422165918, -5.659848021688244, -5.699126919990123, -5.6651806856600935, -5.590541749026946, -5.455107482183573, -5.2260930054402035, -4.920910528008092, -4.567635785601541, -4.1541034544571485, -3.66332616750927, -3.1178901073114997, -2.541767637703863, -1.9235752138755833, -1.2665521748506952, -0.5975647418129333, 0.07947572683067126, 0.7569855264481709, 1.4146770319425703, 2.0452978373126527, 2.6539857540421385, 3.2268166474279623, 3.732161075404495, 4.170992924926145, 4.569399560429572, 4.911209289159467, 5.162958230815704, 5.338934961193156, 5.4692439268310755, 5.5362650454071325, 5.51677673657461, 5.43425222664288, 5.316886501578557, 5.153106560602737, 4.918668061085274, 4.638357627142458, 4.349639031943666, 4.034709725464618, 3.6859819540368712, 3.320765945385676, 2.9362046401807462, 2.738251908143545], "segunda_derivada": [139.55699550214126, 201.4004905912627, 251.57641632909076, 236.6701998044734, 227.28891941379018, 200.61022273948214, 158.22404242246367, 128.434055181695, 105.52975870233152, 59.093415575208624, 1.8750038365233435, -38.17934397426353, -73.86328192111446, -128.14285618756074, -187.8275743278808, -231.51839671627746, -269.61500150227755, -317.9619065215545, -364.34022675907465, -394.34822008275097, -419.9298922697334, -448.37512692825055, -466.2350252551871, -473.2733005934721, -476.26982745597405, -469.46658983796084, -452.98007477884454, -435.7500528998583, -415.43069534953247, -379.0943653436683, -331.979316799781, -294.3792032072567, -260.2655127196333, -208.69958993305386, -150.39148913561277, -107.69230128368702, -69.38270757652471, -16.71288516805913, 35.86845664870192, 70.28287540330206, 98.85288201731258, 140.0165297123648, 180.9895072839174, 200.07478782948616, 212.24703779014516, 233.34670502062147, 251.02787900166908, 263.6272128601625, 204.8162157644742, 139.20327020816674], "sigma": 0.012185241649653067, "center": 5573.402266185299, "fwhm": 0.03993798791186615}