{"x": [5779.72871, 5779.720389183673, 5779.7120683673475, 5779.703747551021, 5779.695426734695, 5779.687105918368, 5779.678785102041, 5779.670464285715, 5779.662143469388, 5779.653822653061, 5779.645501836735, 5779.637181020408, 5779.628860204082, 5779.620539387755, 5779.6122185714285, 5779.6038977551025, 5779.595576938776, 5779.58725612245, 5779.578935306123, 5779.570614489796, 5779.56229367347, 5779.553972857143, 5779.545652040817, 5779.53733122449, 5779.529010408163, 5779.520689591837, 5779.51236877551, 5779.5040479591835, 5779.4957271428575, 5779.487406326531, 5779.479085510205, 5779.470764693878, 5779.462443877551, 5779.454123061225, 5779.445802244898, 5779.437481428572, 5779.429160612245, 5779.420839795918, 5779.412518979592, 5779.404198163265, 5779.395877346939, 5779.3875565306125, 5779.379235714286, 5779.37091489796, 5779.362594081633, 5779.354273265306, 5779.34595244898, 5779.337631632653, 5779.329310816327, 5779.32099], "y": [0.08465, 0.09394102576380452, 0.10193644675674814, 0.11083943833382193, 0.12365932411892808, 0.13482400042382628, 0.14819049402788856, 0.16693635699678988, 0.18676816389482329, 0.21371394900258026, 0.2478650257589738, 0.28279243771871093, 0.32967124061544145, 0.39478276673744295, 0.4749728036760536, 0.5781197967101481, 0.7059736729557896, 0.8643254705557987, 1.0664280173268856, 1.2929367974223742, 1.4965565976476527, 1.6363245960603885, 1.6868889213399674, 1.6495289778486726, 1.5311784718806907, 1.3423683237774122, 1.125617587505636, 0.9257087388832317, 0.7579332895885103, 0.6267343915441211, 0.5235432471179928, 0.43908430403782056, 0.37585212043514854, 0.3268627375746383, 0.28414835559740376, 0.25153286558830723, 0.22727503145671274, 0.2036221557716107, 0.18295541841958957, 0.16823175060424717, 0.15255748240008601, 0.13834453975177038, 0.13155949136002157, 0.12218512614721679, 0.11376641803964165, 0.11354518295053209, 0.10403113342699168, 0.09243826346697069, 0.09315981779352286, 0.08464], "primeira_derivada": [-1.1166002707911165, -1.0387470458779686, -1.01542997147638, -1.3053333056502923, -1.4412385245072454, -1.4740843293040127, -1.9296397921293134, -2.3181421361501515, -2.810877573071859, -3.6713261936855854, -4.150944210647813, -4.915756558440328, -6.729527766583835, -8.731208414678639, -11.01676943584982, -13.880901838077186, -17.198172788437702, -21.65979455802233, -25.755365220695754, -25.846537373648836, -20.634261421395543, -11.437118440393307, -0.7934547086647874, 9.3566810840507, 18.457362957017967, 24.37025818529136, 25.037181961814273, 22.094244332082557, 17.965445673244652, 14.084558129588842, 11.27594217590266, 8.874797909288136, 6.743422884284949, 5.510502890590267, 4.526591444341846, 3.417532722121797, 2.8789669146935943, 2.6631769827882605, 2.1266185779719335, 1.8266198187155227, 1.7959302116511044, 1.2617746994495749, 0.9710233329644632, 1.0691903668068572, 0.5191764159465405, 0.5849957642812725, 1.268320237794083, 0.653260161442051, 0.46859966384541757, 1.0239160989521454], "segunda_derivada": [-9.356440745072893, -6.079349389876678, 16.01923713455213, 25.586945819141217, 10.14029255264719, 29.348158187552727, 50.71965139796013, 52.9538056346245, 81.31317916266184, 80.52495001717179, 74.77814170718564, 154.94775120470854, 229.2714865077754, 257.6214580901726, 309.44640654067666, 371.4421223884135, 467.43567065859486, 514.2039011890888, 251.5824560444992, -307.7284486518864, -865.8657016309193, -1192.239194711282, -1249.5047786592174, -1156.7866005814276, -902.1697218305948, -395.38302172919265, 136.76625969104097, 424.94245823608344, 481.3041105744862, 401.973991187157, 313.0558358650179, 272.3602537032412, 202.16135573206589, 133.20997321507866, 125.76711745336817, 99.00618310816779, 45.32943101364013, 45.208805675217974, 50.26893583838368, 19.871149256736615, 33.94168895855067, 49.568867180806706, 11.572442239288456, 27.15159782956623, 29.095378596511246, -45.01624554960031, -4.102025239034044, 48.05541563321713, -22.27281092196924, -66.73821573399914], "sigma": 0.006179007904757228, "center": 5779.543556571765, "fwhm": 0.08775262702809405, "statistics": {"wv_mean": 5779.524849999999, "wv_std": 0.12007661611980146, "wv_min": 5779.32099, "wv_max": 5779.72871, "wv_kurt": -1.2009603841536447, "wv_skew": 3.408427088855897e-11, "int_mean": 0.49023005133626674, "int_std": 0.4914766697520703, "int_max": 1.6868889213399674, "int_min": 0.08464, "int_kurt": 0.247793610335862, "int_skew": 1.267033174012388}}