{"x": [5805.31201, 5805.26387122449, 5805.215732448979, 5805.167593673469, 5805.119454897959, 5805.0713161224485, 5805.023177346939, 5804.975038571428, 5804.926899795918, 5804.878761020408, 5804.830622244897, 5804.782483469387, 5804.734344693878, 5804.686205918367, 5804.638067142857, 5804.589928367346, 5804.541789591836, 5804.493650816326, 5804.445512040816, 5804.397373265306, 5804.349234489796, 5804.301095714285, 5804.252956938775, 5804.204818163265, 5804.156679387755, 5804.108540612245, 5804.060401836734, 5804.012263061224, 5803.964124285714, 5803.915985510203, 5803.867846734694, 5803.819707959184, 5803.771569183673, 5803.723430408163, 5803.675291632653, 5803.627152857142, 5803.5790140816325, 5803.530875306122, 5803.482736530612, 5803.434597755102, 5803.386458979591, 5803.338320204081, 5803.2901814285715, 5803.242042653061, 5803.193903877551, 5803.14576510204, 5803.09762632653, 5803.04948755102, 5803.0013487755095, 5802.95321], "y": [0.01369, 0.021196684885987752, 0.021080996599221625, 0.017592500545204864, 0.01870961251474707, 0.017343842333028176, 0.01732591494219938, 0.021432517270383027, 0.024012969315521115, 0.023598984340618277, 0.027154753916163468, 0.02113164749286049, 0.028582388433828522, 0.022592864481919352, 0.025322934549968243, 0.02722635579820531, 0.019484820743222227, 0.025624036008061398, 0.026245400237558503, 0.02273730748940066, 0.02102443090163233, 0.02137624001026749, 0.02012008422530781, 0.020373487644138235, 0.0204134772365398, 0.022759864059068276, 0.03694062598950446, 0.22207600047395387, 0.06211431996553508, 0.030545106360954543, 0.022492922687720945, 0.018775754955443553, 0.026783144296253822, 0.026587833829868526, 0.0246653995206611, 0.026533189488504475, 0.02669697748410864, 0.02434195947812293, 0.02488389612638609, 0.02328201307411262, 0.024794396669036385, 0.0251625576990774, 0.027787343589698046, 0.0252952968340913, 0.024703197641582082, 0.019451327424551815, 0.019607140337087523, 0.022824969170544242, 0.02073615409060931, 0.01366], "primeira_derivada": [-0.15593842607086517, -0.07676760076330251, 0.03743535541332899, 0.024630706321023616, 0.002582722654872673, 0.014371964781810161, -0.042467583502180724, -0.06945600820161682, -0.022502307623000085, -0.03263257703728404, 0.02562733286837162, -0.014828321893775207, -0.015177130842739037, 0.03385476520026182, -0.048126393610616734, 0.06063837047012061, 0.016642714455994054, -0.07021968696406032, 0.02998340202942666, 0.05422831470708851, 0.014136914210055744, 0.009393120896174107, 0.010415225101889738, -0.0030473667861479698, -0.024786426219111462, -0.17166149925666604, -2.0702244116298596, -0.26147002815712966, 1.989361923756476, 0.4115330817805767, 0.12224398399059848, -0.04456097566932051, -0.08114122961799826, 0.021996246821427163, 0.0005675709527793422, -0.02110126339848251, 0.02275951129990415, 0.01883181840939951, 0.011009278827553471, 0.0009295983996363995, -0.019532534895507093, -0.031086654043039015, -0.0013787132473429284, 0.03203390526057851, 0.06069919049235212, 0.052930898745042046, -0.03504079310555751, -0.01172665633424402, 0.09519321039417232, 0.14699489165773552], "segunda_derivada": [-1.644637290188883, -2.008503326416371, -1.0531874357977749, 0.3620016544802932, 0.10655382724694867, 0.46792118909829333, 0.8706907487234342, -0.20737207861569662, -0.3824716226608549, -0.49990511787165703, -0.1849263400944879, 0.42382116369728695, -0.5056535669836065, 0.3422320407881081, -0.2781915928056228, -0.6727332319942365, 1.359175176852518, -0.13856488279984877, -1.2925962527283106, 0.16459172103496958, 0.46568689518596834, 0.03865583481000493, 0.12921483305876277, 0.36562678368762824, 1.7513338331004686, 21.245222419212435, 0.9328086137255674, -42.16545074514863, -6.990239186634163, 19.393076786565143, 4.737283537222384, 2.1124884404774407, -0.6913057279206586, -0.8486796735619667, 0.4476382060306734, -0.23049963477327506, -0.4147704359380483, 0.12204540256565767, 0.18594386562754162, 0.31722674080596774, 0.33254120096811535, -0.18855716058297178, -0.6556103539659025, -0.6447806688225936, -0.2170494914227909, 0.9944164821701429, 0.6715745715845008, -1.352693354983644, -1.6485831464277583, -1.0760905468595225], "sigma": 0.0008112428585038689, "center": 5804.0039246169, "fwhm": 0.049136413601181796, "statistics": {"wv_mean": 5804.13261, "wv_std": 0.6946843964076458, "wv_min": 5802.95321, "wv_max": 5805.31201, "wv_kurt": -1.2009603841534904, "wv_skew": -1.3246696580597885e-17, "int_mean": 0.027777912863249245, "int_std": 0.028582898011067785, "int_max": 0.22207600047395387, "int_min": 0.01366, "int_kurt": 39.751960202376964, "int_skew": 6.303473334881555}}