{"x": [5706.21712, 5706.211547142857, 5706.205974285715, 5706.200401428571, 5706.194828571429, 5706.1892557142855, 5706.183682857143, 5706.17811, 5706.172537142857, 5706.166964285714, 5706.161391428572, 5706.155818571428, 5706.150245714286, 5706.144672857143, 5706.1391, 5706.133527142857, 5706.127954285715, 5706.122381428571, 5706.116808571429, 5706.111235714286, 5706.105662857143, 5706.10009, 5706.0945171428575, 5706.088944285714, 5706.083371428572, 5706.0777985714285, 5706.072225714286, 5706.066652857143, 5706.06108, 5706.055507142857, 5706.049934285715, 5706.044361428571, 5706.038788571429, 5706.033215714286, 5706.027642857143, 5706.02207, 5706.016497142858, 5706.010924285714, 5706.005351428572, 5705.999778571429, 5705.994205714286, 5705.988632857143, 5705.9830600000005, 5705.977487142857, 5705.971914285715, 5705.9663414285715, 5705.960768571429, 5705.955195714286, 5705.949622857143, 5705.94405], "y": [0.08942, 0.09786882878269575, 0.10849467308416542, 0.12156839036855924, 0.1366631862693595, 0.15251278691418318, 0.16987534584437874, 0.19147930731579904, 0.21810284351365367, 0.24833436870429357, 0.2829142093763475, 0.3267702089105812, 0.3853331954632587, 0.4613298489385365, 0.5559058906366144, 0.6722926054858126, 0.81824473588094, 1.0024433460433892, 1.2209199765996392, 1.4439696509925468, 1.6257054592000726, 1.735668204046806, 1.7763154743599667, 1.7620110181542377, 1.68983554299085, 1.547330686518972, 1.3460448557386224, 1.1280049444072826, 0.9330906435594692, 0.7726578164355471, 0.6404729143980153, 0.5341578960981367, 0.4545400030571941, 0.39436222011848154, 0.34246751385986957, 0.2967542105070906, 0.26200852549389797, 0.23786412169611384, 0.2169212443156347, 0.19486380995328106, 0.1745907233877824, 0.1596080423482972, 0.14901458476191512, 0.14029323722558737, 0.13257383019092367, 0.12553876038120404, 0.11790132979561552, 0.1085696139719226, 0.09818787798616599, 0.089], "primeira_derivada": [-1.516067712742933, -1.7113908176017427, -2.126338517062368, -2.527295466502826, -2.776349344008953, -2.9798143684357994, -3.4960989850240525, -4.326999278201143, -5.101069337603809, -5.814913625215309, -7.037309426359238, -9.189091292092755, -12.072769548790111, -15.30388190482764, -18.927701817897596, -23.537194523353847, -29.621317404579422, -36.12825794711149, -39.613998136979134, -36.31759008210449, -26.171364667800603, -13.512818586519936, -2.3634926781876495, 7.759029986982905, 19.261244827586808, 30.84510139410326, 37.62215066373601, 37.05049327424874, 31.881952009799672, 26.253833685364928, 21.398352247673653, 16.682009476890745, 12.542549754659559, 10.05520923329961, 8.757447670858777, 7.218827461706607, 5.283653187352457, 4.0452572192790335, 3.858013101770348, 3.7979190783806027, 3.1631680753028366, 2.29470610588625, 1.7329356044488653, 1.475074109164986, 1.3237802859623669, 1.3164253110389268, 1.522481733723222, 1.7687024181784292, 1.7557972033272438, 1.6486835657004981], "segunda_derivada": [35.04900625227968, 54.75385324583703, 73.20344196761273, 58.31935130262144, 40.600260363161965, 64.57635846078699, 120.87021748739535, 143.9988780834303, 133.49654484887594, 173.7205924288798, 302.73319236304945, 451.78442523776505, 548.6225876593935, 615.028529656487, 738.697620222245, 959.4374404876398, 1129.677569423088, 896.5491556891321, 16.986989809693082, -1206.0809316116552, -2046.0574271885068, -2136.056189790476, -1908.522686678606, -1940.1840879334604, -2071.2958196616228, -1647.3512029373178, -556.7513863247966, 515.0139781798702, 968.6826085908773, 940.5946979614661, 858.7896623863691, 794.5477755852219, 594.5603909918367, 339.6015712206007, 254.48183031492377, 311.67087137359545, 284.7345769932664, 127.90926171602771, 22.19132256204436, 62.341901887686674, 134.86914646847876, 128.3212932067104, 73.53786179254595, 36.70965431182104, 14.234062892636443, -17.827610027266594, -40.57856639297103, -20.93320029774087, 10.768161591211685, 19.220596342649728], "sigma": 0.010958486050121063, "center": 5706.0918713538285, "fwhm": 0.06582738421064105, "statistics": {"wv_mean": 5706.080585000001, "wv_std": 0.08042117522760206, "wv_min": 5705.94405, "wv_max": 5706.21712, "wv_kurt": -1.2009603841531922, "wv_skew": -1.696371556633551e-11, "int_mean": 0.5578159700816742, "int_std": 0.5408684377746851, "int_max": 1.7763154743599667, "int_min": 0.089, "int_kurt": -0.14830997020473502, "int_skew": 1.1320093986233588}}