{"x": [5643.45901, 5643.4424257142855, 5643.425841428571, 5643.409257142856, 5643.392672857142, 5643.376088571428, 5643.359504285714, 5643.34292, 5643.326335714285, 5643.309751428571, 5643.293167142857, 5643.276582857143, 5643.259998571429, 5643.243414285714, 5643.22683, 5643.2102457142855, 5643.193661428571, 5643.177077142857, 5643.160492857142, 5643.143908571428, 5643.127324285714, 5643.11074, 5643.094155714286, 5643.077571428571, 5643.060987142857, 5643.044402857143, 5643.027818571429, 5643.011234285714, 5642.99465, 5642.978065714286, 5642.9614814285715, 5642.944897142857, 5642.928312857142, 5642.911728571428, 5642.895144285714, 5642.87856, 5642.861975714286, 5642.845391428571, 5642.828807142857, 5642.812222857143, 5642.795638571429, 5642.779054285715, 5642.76247, 5642.745885714286, 5642.7293014285715, 5642.712717142857, 5642.696132857143, 5642.679548571428, 5642.662964285714, 5642.64638], "y": [0.03259, 0.034269437502800135, 0.039492767022394466, 0.04144192640456728, 0.042513726859600046, 0.05224697686216043, 0.051742352873288246, 0.061063392561942736, 0.06439389682025173, 0.0722078567240577, 0.08274672722085355, 0.09583269908260911, 0.1088445172801549, 0.12762960820207608, 0.14946739611818988, 0.1770257085050547, 0.20908754021494994, 0.25599739941411154, 0.3118666831744262, 0.38307611404289305, 0.4644416283980543, 0.5526700245456395, 0.6200892643533749, 0.646995669886832, 0.6115861298348952, 0.5389938344866605, 0.4532474980511994, 0.3727505558879109, 0.3069571720343331, 0.2535897460468498, 0.21118438264839284, 0.1781252022905535, 0.1497878936764195, 0.13001568162636515, 0.11087159259450906, 0.10230039553324113, 0.08663387426891388, 0.07953675963887798, 0.06766020982273219, 0.06404434622625836, 0.05793909589610516, 0.05449325132410452, 0.048879775080109565, 0.04363413431187653, 0.04342302176801204, 0.04008812938089656, 0.0364781371463029, 0.03386424034974944, 0.0326747607494566, 0.03247], "primeira_derivada": [-0.10126679748247522, -0.20811167696328314, -0.21624352791622686, -0.09107898552894451, -0.32576170731350784, -0.2782340515831879, -0.26580631363256557, -0.3814316807105167, -0.3359946986544582, -0.5533198932110361, -0.7122658993531904, -0.786822854756133, -0.9586457224257426, -1.2247400803765378, -1.4892441300928443, -1.7974890545364657, -2.3809192711256904, -3.09869067406818, -3.831299002444839, -4.599985427591009, -5.113090591495062, -4.6926240490144835, -2.843825985778635, 0.2563611923009392, 3.256149745069251, 4.773754942281995, 5.012072315329304, 4.410510302791566, 3.592581914451432, 2.8874559639484163, 2.2751822133704342, 1.8510441157598958, 1.4504550118187767, 1.1732884295658896, 0.8355887787672154, 0.730743510557245, 0.6863013664314976, 0.5720374326867398, 0.46708111762264276, 0.29308208065809854, 0.2879561732960241, 0.2731296653931578, 0.32739176106647566, 0.1645157773500572, 0.10690858177773531, 0.20938148140469168, 0.18764416925382277, 0.1146680798411158, 0.042034983410982864, 0.012346672807418522], "segunda_derivada": [6.442537310487875, 3.466436011050993, -3.528421225030734, 3.301866033978163, 5.642542262017668, -1.8075965017296063, 3.111307622964425, 2.116111185914424, 5.182261553471154, 11.344208824715327, 7.039885997222367, 7.428110782704571, 13.202776205078743, 15.99702323030397, 17.267821600340717, 26.883133720837485, 39.229956657895464, 43.72753087723413, 45.262569017557254, 38.644763215858895, 2.792963864122759, -68.41610922647789, -149.20706645132847, -183.90830439861938, -136.19500495409994, -52.9393487465171, 10.95147073991504, 42.79624776462505, 45.918599242090885, 39.71831297991429, 31.246803934041694, 24.864718799086322, 20.433671303662223, 18.537615778327343, 13.342296636649587, 4.500869525206453, 4.784833082419962, 6.609276172099794, 8.41023113198242, 5.400441942894398, 0.6015458129737437, -1.1889444154917306, 3.274602533766412, 6.64735229149587, -1.3526571125255016, -2.434099028078748, 2.855516456778039, 4.389974592488739, 3.084890383514458, 1.790147077503819], "sigma": 7.880310907593113e-05, "center": 5643.07783020709, "fwhm": 0.16482673322221789, "statistics": {"wv_mean": 5643.052695, "wv_std": 0.23932566603885128, "wv_min": 5642.64638, "wv_max": 5643.45901, "wv_kurt": -1.2009603841538443, "wv_skew": -5.700402836600314e-12, "int_mean": 0.17637926269490017, "int_std": 0.178483220087614, "int_max": 0.646995669886832, "int_min": 0.03247, "int_kurt": 0.6366835673588098, "int_skew": 1.3711754456795744}}