{"x": [5750.12558, 5750.111244081632, 5750.096908163266, 5750.082572244898, 5750.0682363265305, 5750.053900408163, 5750.039564489796, 5750.025228571429, 5750.010892653061, 5749.9965567346935, 5749.982220816327, 5749.967884897959, 5749.953548979592, 5749.939213061224, 5749.924877142857, 5749.91054122449, 5749.896205306122, 5749.881869387756, 5749.867533469388, 5749.8531975510205, 5749.838861632653, 5749.824525714286, 5749.810189795919, 5749.795853877551, 5749.7815179591835, 5749.767182040817, 5749.752846122449, 5749.738510204082, 5749.724174285714, 5749.709838367347, 5749.69550244898, 5749.681166530612, 5749.666830612245, 5749.652494693878, 5749.63815877551, 5749.623822857143, 5749.609486938776, 5749.595151020409, 5749.580815102041, 5749.566479183673, 5749.552143265307, 5749.537807346939, 5749.523471428572, 5749.509135510204, 5749.494799591837, 5749.48046367347, 5749.466127755102, 5749.451791836735, 5749.437455918368, 5749.42312], "y": [0.06034, 0.06111793887586469, 0.07042292554981278, 0.07460383955316012, 0.08188388257512348, 0.09003882878349276, 0.0985261481973593, 0.1101406390452759, 0.12201104228733269, 0.139256999218969, 0.15161802603956714, 0.1775770419946018, 0.199976871560944, 0.23158822436334914, 0.27396487512057605, 0.321130806324333, 0.3811969305410468, 0.46261717499166827, 0.5558808798833631, 0.672751784580623, 0.8096893961952395, 0.962164997411853, 1.1031631505246406, 1.1886322406470748, 1.1925284619964915, 1.1107093692489498, 0.9799020604517615, 0.8361583208802901, 0.6919645995802246, 0.578489656780989, 0.4797126819986653, 0.40252508848048574, 0.3415008286531632, 0.2920192141260895, 0.2507182654741742, 0.21905900526867764, 0.18944409506137258, 0.1681076267467603, 0.15148570660025182, 0.13624845741840372, 0.12061612397609765, 0.10907665054308395, 0.10251413976691573, 0.09040549100345427, 0.08635055623038641, 0.08036844145487373, 0.07168817377913439, 0.06939381699755041, 0.0655144465588815, 0.06052], "primeira_derivada": [-0.05426501853024289, -0.3516665375598047, -0.47035356689189967, -0.3997287348967606, -0.5383327678971667, -0.5804394666616288, -0.7010994952329774, -0.8190927671256121, -1.0155038354411108, -1.0326155253552391, -1.3365046380115957, -1.6866322854747633, -1.8837712724040419, -2.580511470032766, -3.1230152009769543, -3.739978586338174, -4.934681024405235, -6.092527345262938, -7.328955292609208, -8.852188949606479, -10.093989286899705, -10.235610541785025, -7.898595591454811, -3.1168324616704077, 2.7177495505563254, 7.415862594207523, 9.575635174847754, 10.042518849811731, 8.98682098700452, 7.402801555717325, 6.1371920440917895, 4.820474342895147, 3.854160979592964, 3.1662625600317043, 2.5446646314063837, 2.1370856349642966, 1.7770531757059707, 1.3238910646619633, 1.1111659717736713, 1.0766517300679839, 0.9476828124814256, 0.6313507005634429, 0.6512020737316587, 0.5637442653690399, 0.3500665005040186, 0.5113862284683459, 0.3827667044388006, 0.21532374355629003, 0.30949593776637985, 0.3483869279122543], "segunda_derivada": [20.745201765528613, 14.512099528826349, 1.67628595902081, 2.3709398750137365, 6.302726031614304, 5.6768852600709945, 8.323613958743064, 10.965615600852562, 7.447125212170651, 11.195683260398264, 22.81042425643865, 19.08725413888113, 31.176209351874064, 43.22164429363837, 40.43923404880692, 63.18624928576173, 82.0508564111186, 83.50613497125946, 96.24990647912344, 96.43728163742185, 48.250190770865615, -76.5696915685414, -248.28468946273384, -370.27084243241336, -367.3533423583239, -239.18543091102234, -91.61102164004217, 20.536326056894758, 92.06655710833385, 99.38773610233926, 90.06493852051621, 79.6262578357744, 57.69465689261387, 45.67186819330763, 35.89504692615146, 26.772315384438993, 28.362137307060127, 23.22443483768174, 8.623072769203498, 5.701872566014291, 15.530955816745674, 10.3404864323264, 2.357938761262035, 10.502835099780894, 1.8261138058921222, -1.1404990980115925, 10.325898813068715, 2.555496090172062, -4.640901996942028, -2.7128356306652015], "sigma": 7.3617648083113e-05, "center": 5749.787016091097, "fwhm": 0.15096399502632302, "statistics": {"wv_mean": 5749.774350000001, "wv_std": 0.20687976984069148, "wv_min": 5749.42312, "wv_max": 5750.12558, "wv_kurt": -1.200960384153659, "wv_skew": -6.594361430902313e-12, "int_mean": 0.34554631846684797, "int_std": 0.3403905501318034, "int_max": 1.1925284619964915, "int_min": 0.06034, "int_kurt": 0.32798837850550644, "int_skew": 1.2708510374460096}}