{"x": [5779.82664, 5779.814437346939, 5779.802234693878, 5779.790032040816, 5779.777829387755, 5779.765626734694, 5779.753424081633, 5779.741221428571, 5779.729018775511, 5779.716816122449, 5779.704613469388, 5779.692410816327, 5779.680208163266, 5779.668005510204, 5779.6558028571435, 5779.643600204082, 5779.631397551021, 5779.6191948979595, 5779.606992244898, 5779.594789591837, 5779.582586938775, 5779.570384285715, 5779.558181632653, 5779.545978979592, 5779.533776326531, 5779.52157367347, 5779.509371020408, 5779.4971683673475, 5779.484965714286, 5779.472763061225, 5779.4605604081635, 5779.448357755103, 5779.436155102041, 5779.423952448979, 5779.411749795919, 5779.399547142857, 5779.387344489796, 5779.375141836735, 5779.362939183674, 5779.350736530612, 5779.3385338775515, 5779.32633122449, 5779.314128571429, 5779.3019259183675, 5779.289723265307, 5779.277520612245, 5779.265317959184, 5779.253115306123, 5779.240912653062, 5779.22871], "y": [0.08152, 0.0843750290820819, 0.09540055591848591, 0.09906478559018093, 0.11152640850320221, 0.12267253584734751, 0.13685612709529027, 0.15177702162944687, 0.17124544961518384, 0.19217373209230992, 0.21835748611287317, 0.25059767658838733, 0.29138697162635174, 0.3350009561627085, 0.393075344047816, 0.4649483593240561, 0.5583995414257898, 0.6677810634690051, 0.8074721574281961, 0.9788550421302226, 1.1723540335721847, 1.3732535506702626, 1.5307020958243194, 1.6144632207468048, 1.6112697763245762, 1.5154511393976966, 1.3527519727572124, 1.1595466125272473, 0.9699230898252538, 0.8101169975352938, 0.674696038411756, 0.5667058404742285, 0.475906289599877, 0.4091519309586365, 0.34973834978585744, 0.3047623279993439, 0.26752417156703034, 0.23477475195519046, 0.20804560967289842, 0.18575765686084073, 0.17131760630050996, 0.15421738447617542, 0.13903121392492737, 0.12623791590022887, 0.11838886963307624, 0.10483483637394843, 0.09916554079939328, 0.09160493806115264, 0.08916028096779934, 0.08147], "primeira_derivada": [-0.2339678976086519, -0.5687515595533499, -0.6019083077438901, -0.6607519079599837, -0.9673203908517586, -1.037877519956636, -1.1925474581693067, -1.4090920370937197, -1.6552429320197333, -1.9304013750710018, -2.3939033668780425, -2.99236097048917, -3.4583987248940717, -4.166650150238242, -5.3245553450416985, -6.774108734751959, -8.311008398246239, -10.205674730898984, -12.746161719964574, -14.950923963590265, -16.16035900398801, -14.683202925423904, -9.883492912029336, -3.3012362187231084, 4.05698993704793, 10.592688420744677, 14.58307980590918, 15.686297111460982, 14.31777225983601, 12.09683869290442, 9.973698172044632, 8.145349532391608, 6.455723551247752, 5.169692983210442, 4.27733225044555, 3.3687009622634374, 2.867719654618336, 2.4371159941962883, 2.0084605719975546, 1.5049187741469943, 1.29235307381497, 1.322925113648258, 1.1464502201133286, 0.8458137828033154, 0.8769846777969829, 0.7876700557362588, 0.542091061937497, 0.4099624803482844, 0.4152760063867765, 0.6302138501313594], "segunda_derivada": [27.43531757014849, 15.07624646419368, 3.7696863110531793, 14.97264903277075, 15.452607318482961, 9.228610622135351, 15.210402003379555, 18.958806397677158, 21.36049166369737, 30.26638679121757, 43.513471623448545, 43.617373725112195, 48.11614219711746, 76.46520026379072, 106.83982292365643, 122.36900607711559, 140.60737361531818, 181.72905921816078, 194.43514491866935, 139.89569591553897, -10.969788160975089, -257.1926801688536, -466.3726260847419, -571.2070473186262, -569.2993388319554, -431.30333281108113, -208.70906782207598, 10.87089605607435, 147.07696762973976, 177.99711529969795, 161.91106723663316, 144.14794074512702, 121.92662260197605, 89.25892139512007, 73.79510061931875, 57.75844764077899, 38.17141089709636, 35.207879725487096, 38.19649773596143, 29.342287066238722, 7.4571349191877205, 5.9783250810277675, 19.54949175610792, 11.041268688252096, 2.3824215429002757, 13.722164113821714, 15.476453091545743, 5.19620835382107, -9.024732928099445, -17.614025626942567], "sigma": 0.00791945158968943, "center": 5779.539630239323, "fwhm": 0.1335651919349072, "statistics": {"wv_mean": 5779.527674999999, "wv_std": 0.17609489619462035, "wv_min": 5779.22871, "wv_max": 5779.82664, "wv_kurt": -1.2009603841547907, "wv_skew": 1.5494399928743573e-11, "int_mean": 0.48349620573185315, "int_std": 0.47193659905019725, "int_max": 1.6144632207468048, "int_min": 0.08147, "int_kurt": 0.1266898466950801, "int_skew": 1.2076945458558885}}