{"x": [5687.84111, 5687.832020408164, 5687.822930816327, 5687.81384122449, 5687.804751632653, 5687.795662040817, 5687.78657244898, 5687.777482857143, 5687.768393265306, 5687.75930367347, 5687.750214081633, 5687.741124489797, 5687.732034897959, 5687.722945306123, 5687.713855714286, 5687.70476612245, 5687.695676530612, 5687.686586938776, 5687.677497346939, 5687.668407755103, 5687.659318163266, 5687.650228571429, 5687.641138979592, 5687.632049387756, 5687.622959795919, 5687.613870204082, 5687.604780612245, 5687.595691020409, 5687.586601428572, 5687.577511836735, 5687.568422244898, 5687.559332653062, 5687.550243061225, 5687.5411534693885, 5687.532063877551, 5687.522974285715, 5687.513884693878, 5687.5047951020415, 5687.495705510204, 5687.4866159183675, 5687.477526326531, 5687.4684367346945, 5687.459347142858, 5687.4502575510205, 5687.441167959184, 5687.4320783673475, 5687.422988775511, 5687.4138991836735, 5687.404809591837, 5687.39572], "y": [0.07979, 0.0865736323573711, 0.09077266813305589, 0.10035418605247648, 0.11437198284395084, 0.12542629849337408, 0.14424671544371792, 0.1635022336573066, 0.18248925375512484, 0.20805033163383393, 0.2402685541184239, 0.2876299456948904, 0.34440077942657826, 0.4131520780227327, 0.5052586786879808, 0.6237834121166785, 0.7782197452724322, 0.9671977680427567, 1.1842109041058473, 1.3952525478619995, 1.5411809166117085, 1.5909878261065311, 1.5330960388983483, 1.379497010100636, 1.1747781758412987, 0.9644140934572669, 0.7810937820298509, 0.6359897639956452, 0.5266221047084207, 0.4408008273789049, 0.37214114437228846, 0.3218084645917452, 0.27790243900440154, 0.24410990934196847, 0.2201808121855667, 0.1945070610046369, 0.17691198864081206, 0.16306127874045467, 0.14798359370502473, 0.1385856961402974, 0.1280876943199559, 0.11846801116132973, 0.11005131667961021, 0.10176658857469222, 0.09895025336746756, 0.09459907375899164, 0.08819253152000903, 0.08474960097036165, 0.0831445636120141, 0.07989], "primeira_derivada": [-0.746307697790148, -0.6041342851568223, -0.7580402917013844, -1.2981504084087374, -1.3791660226228262, -1.6433484108555703, -2.0944799198251443, -2.103644420853483, -2.450500461280621, -3.1783220524328466, -4.3775130661673725, -5.728102382137557, -6.904717757354939, -8.848466584328598, -11.586402221467024, -15.015034309564172, -18.89052677419699, -22.33274970620175, -23.546424719482445, -19.63619593298632, -10.767000419543143, 0.4447327150854891, 11.633680577162558, 19.710338456403697, 22.83286885086187, 21.65577953729896, 18.06595584093262, 13.997970530359964, 10.736947275376183, 8.497684115341801, 6.545528387147905, 5.183879928974182, 4.27403983848511, 3.1751495476389437, 2.728552020098117, 2.3801301710200744, 1.7297686645187595, 1.5912922964311556, 1.346352126647454, 1.0944330473187263, 1.1066330227349799, 0.9921445299592108, 0.9187113616414073, 0.6106469636500194, 0.39427044385519056, 0.5917604465047182, 0.541799509003026, 0.2776784699757627, 0.267316787032874, 0.35805387860599125], "segunda_derivada": [-15.641341788526043, 0.6453861802731035, 38.17641846293918, 34.166865908890095, 18.988641550416514, 39.34796578696403, 25.319949358183816, 19.583967456434692, 59.11583550213081, 106.00105260737917, 140.25824126987152, 139.01640120435533, 171.64490211184994, 257.5299610978205, 339.210375786866, 401.78506822561513, 402.5326729669148, 256.111497029775, -148.33195052713944, -702.9701954593577, -1104.6111315124947, -1232.2160003689607, -1059.7618731292698, -616.0446186755021, -107.01476566747095, 262.21821042251395, 421.24053228469023, 403.15388729028945, 302.55959308532323, 230.56144672936964, 182.28564307203945, 124.94997517570192, 110.49618164717243, 85.01414838557065, 43.732402448711056, 54.941045403470085, 43.392370569318246, 21.090965620222622, 27.33121893828495, 13.186461406833049, 5.6266837498938065, 10.33718919800036, 20.985406889064507, 28.848430556169, 1.0389089788060295, -8.11527447002466, 17.277012112417605, 15.098737484194604, -4.421288110387405, -9.982526520990596], "sigma": 1.3796904159146806e-06, "center": 5687.649207059142, "fwhm": 0.08875260283031458, "statistics": {"wv_mean": 5687.618415000001, "wv_std": 0.13117071532812402, "wv_min": 5687.39572, "wv_max": 5687.84111, "wv_kurt": -1.200960384153507, "wv_skew": -1.0400540470355764e-11, "int_mean": 0.4369700855308154, "int_std": 0.4521656875307809, "int_max": 1.5909878261065311, "int_min": 0.07979, "int_kurt": 0.5392898232426693, "int_skew": 1.361849198171006}}