{"x": [5815.6747, 5815.65978755102, 5815.644875102041, 5815.629962653061, 5815.615050204081, 5815.600137755102, 5815.585225306122, 5815.570312857142, 5815.555400408163, 5815.540487959183, 5815.525575510203, 5815.5106630612245, 5815.495750612245, 5815.480838163265, 5815.465925714286, 5815.451013265306, 5815.436100816326, 5815.421188367347, 5815.406275918367, 5815.391363469387, 5815.376451020408, 5815.361538571428, 5815.3466261224485, 5815.3317136734695, 5815.31680122449, 5815.30188877551, 5815.28697632653, 5815.272063877551, 5815.257151428571, 5815.242238979591, 5815.227326530612, 5815.212414081632, 5815.197501632652, 5815.182589183673, 5815.1676767346935, 5815.152764285714, 5815.137851836735, 5815.122939387755, 5815.108026938775, 5815.093114489796, 5815.078202040816, 5815.063289591836, 5815.048377142857, 5815.033464693877, 5815.018552244897, 5815.003639795918, 5814.9887273469385, 5814.973814897959, 5814.95890244898, 5814.94399], "y": [0.01788, 0.02255998538441813, 0.022694309744566363, 0.02228357874002245, 0.02445373813782714, 0.023611355000875075, 0.025299650442926567, 0.023158500951166564, 0.026664690793938534, 0.023888096774040867, 0.02545134643184219, 0.02387995067175695, 0.024716660310693857, 0.025957066110332123, 0.025192963903320775, 0.0293140587841813, 0.02629601269132839, 0.024382250328784313, 0.027619941339019436, 0.02706596302027046, 0.02524230843374916, 0.02855612109668165, 0.02347241712830813, 0.029636147694241673, 0.027663195064792055, 0.026186041198688014, 0.024295172147943037, 0.030525302036424496, 0.028930332818710592, 0.031072217462643086, 0.03413091732178839, 0.04080754682504993, 0.05487936410860912, 0.07156845647097676, 0.14426081503611682, 0.3177078556093129, 0.295204672589894, 0.13773376485915323, 0.07440726015091215, 0.04844521271027049, 0.041741138816054485, 0.031806790447845096, 0.030179518841570878, 0.028981624956004523, 0.023070186639463638, 0.025595403617362365, 0.021756215923204144, 0.022573732777676585, 0.023510206202441195, 0.0179], "primeira_derivada": [-0.3138307725800645, -0.16141915225349765, 0.009267647613646283, -0.058991933371708896, -0.04451905460612497, -0.028362621936418517, 0.01518375856035956, -0.04576848352993033, -0.02446264271819738, 0.04068226364874692, 0.0002731309356080417, 0.02463331549907499, -0.06964367292645651, -0.01596999906869462, -0.11255671950595389, -0.03698415966067957, 0.16535877045412645, -0.04439004785589616, -0.08998229248281485, 0.07971973310855555, -0.04996355992455215, 0.05934274470371626, -0.03621224786920549, -0.14051273343045545, 0.11567873594093749, 0.11292655288853075, -0.1454912215868062, -0.15541245697340253, -0.018337545595505694, -0.17437057153561053, -0.32641618341277767, -0.6956753654214554, -1.0313835671242615, -2.996873654045592, -8.252816136046652, -5.061001642385613, 6.03435730101773, 7.403123817449712, 2.993758847793677, 1.0952634734883606, 0.5578702158467874, 0.3876499423545812, 0.09472506815404694, 0.23836903689316175, 0.11353672838421718, 0.044056168040270745, 0.10131370252336196, -0.05880959866673937, 0.15670574243450405, 0.3762095823434916], "segunda_derivada": [-10.220428618542124, -10.833177724174627, -3.4342856435945883, 1.8034161354825884, -1.026971206323632, -2.001777617104887, 0.583601714815253, 1.3293055129054816, -2.898609990147296, -0.8293665811420612, 0.5381057186451815, 2.3442428523478984, 1.3613898905048425, 1.4388329723270132, 0.7045844924925168, -9.318237746695779, 0.24831227270021147, 8.561339029194636, -4.161280991869925, -1.34178942082092, 0.6832207249441904, -0.4610682012691328, 6.700961002778441, -5.092757870275218, -8.497574297180906, 8.756776230384, 8.997147625855078, -4.263339850037088, 0.635647256455998, 10.329578939120726, 17.478845849025628, 23.63687495804315, 77.15695429363485, 242.12765384422636, 69.20821627367364, -479.0351154519142, -417.9100789222436, 101.94832710996754, 211.49646019450506, 81.67299131439985, 23.7255977233604, 15.528809128922594, 5.005244466127993, -0.6307367842647668, 6.515122671028708, 0.40982624241381127, 3.448989728171489, -1.8572415566198335, -14.585772652442259, -14.719503161758952], "sigma": 0.0022317240421720896, "center": 5815.146906638849, "fwhm": 0.045854982847466426, "statistics": {"wv_mean": 5815.309345, "wv_std": 0.21519960797820153, "wv_min": 5814.94399, "wv_max": 5815.6747, "wv_kurt": -1.2009603841545349, "wv_skew": -1.3925019603779797e-17, "int_mean": 0.045084201170944, "int_std": 0.05874032226929794, "int_max": 0.3177078556093129, "int_min": 0.01788, "int_kurt": 13.154277900682334, "int_skew": 3.6911961509513285}}