{"x": [5702.21423, 5702.202661428571, 5702.191092857142, 5702.179524285714, 5702.167955714285, 5702.156387142857, 5702.144818571428, 5702.13325, 5702.121681428571, 5702.110112857143, 5702.098544285714, 5702.0869757142855, 5702.075407142856, 5702.063838571428, 5702.052269999999, 5702.040701428571, 5702.029132857142, 5702.017564285714, 5702.005995714286, 5701.994427142857, 5701.982858571429, 5701.9712899999995, 5701.959721428571, 5701.948152857142, 5701.936584285714, 5701.925015714285, 5701.913447142857, 5701.901878571428, 5701.89031, 5701.878741428571, 5701.867172857143, 5701.8556042857135, 5701.844035714285, 5701.832467142857, 5701.820898571428, 5701.80933, 5701.797761428571, 5701.786192857143, 5701.774624285714, 5701.763055714286, 5701.751487142857, 5701.7399185714285, 5701.728349999999, 5701.716781428571, 5701.705212857142, 5701.693644285714, 5701.682075714285, 5701.670507142857, 5701.658938571428, 5701.64737], "y": [0.06294, 0.07548479311109034, 0.07222138349862846, 0.08897935612644788, 0.08799919397291345, 0.10234358518901275, 0.11359466079912894, 0.13319, 0.14962924983750667, 0.16911033359615746, 0.1972504841106923, 0.24156371175446284, 0.2838055477506901, 0.34293353118172043, 0.4263500000075772, 0.5364659350203096, 0.677717504998461, 0.8487481693831308, 1.0341071157578272, 1.185438699038823, 1.2504797924431996, 1.1993899999910016, 1.0525266851606205, 0.8781951011879253, 0.7102057377927029, 0.5797676540937232, 0.4684946972050668, 0.3834315233068571, 0.32005, 0.27684086743933894, 0.2352239921450727, 0.20404491836949123, 0.18503733554682036, 0.15991880925013988, 0.1485913104495117, 0.13853, 0.12252944211007076, 0.11222525965408801, 0.10329900340531623, 0.0958480087806419, 0.09132792728521788, 0.08795950678899042, 0.08358999999885647, 0.07663322067588693, 0.07866962910841976, 0.06702705062844212, 0.0743578458238366, 0.06865442261075995, 0.06576465853662548, 0.06266], "primeira_derivada": [-1.084385672769665, -0.4011464836395014, -0.5832424123690484, -0.6819256194106411, -0.577609307469403, -1.1062501097993762, -1.3331989607089831, -1.55743469540676, -1.5524965125496342, -2.058215855220748, -3.1314747289886466, -3.7409573072278777, -4.381259175038362, -6.160849381303864, -8.364576604514006, -10.864241386343808, -13.4970093883357, -15.403354380143483, -14.551949293557449, -9.351745719895115, -0.6029828764202956, 8.555641831161697, 13.882219632109754, 14.795299034144566, 12.898197886235698, 10.446883700356022, 8.485755220455564, 6.415861202970729, 4.6069065884845335, 3.6662265681844937, 3.14628083161146, 2.169094814688683, 1.907154629827792, 1.5752171874573284, 0.9244360629207442, 1.1264082389212018, 1.1369053002035763, 0.8311501045503834, 0.7078337621256232, 0.5173964734533257, 0.3409453812141059, 0.3344374598938535, 0.48952829582333146, 0.21266112764250275, 0.4151839363544269, 0.18635763763901272, -0.07033590933686874, 0.37140226605546456, 0.25908223187963486, 0.26837008838211923], "segunda_derivada": [-59.05994472818511, -21.65968648306036, 12.135428194576276, -0.2434658823007504, 18.339537124688132, 32.65699909030136, 19.500445166983262, 9.47816042776684, 21.644036297172526, 68.24430424208644, 72.72900817500316, 54.016368994371454, 104.5890622282906, 172.16116328888018, 203.2831812497273, 221.82655894462428, 196.1829523124631, 45.595081111545916, -261.5538442926874, -602.8819765358191, -773.9671082805434, -626.0583944151836, -269.6814054135725, 42.52995937949468, 187.94089489041494, 190.7081912842166, 174.2230024798334, 167.64596458222013, 118.84071649456973, 63.12904604895408, 64.70685523862183, 53.55571383345419, 25.66771666321054, 42.47363527002914, 19.397768830241088, -9.183036928726178, 12.761218452649404, 18.54470712854372, 13.560603961931848, 15.857116981815672, 7.907588879435885, -6.4218350349607825, 5.263239847848512, 3.2132039780264616, 1.1368512597185576, 20.9844339332641, -7.99773029706261, -14.237632677885639, 4.453107209877754, -0.8028525008619483], "sigma": 8.269476301059342e-05, "center": 5701.980243788439, "fwhm": 0.1066281094357174, "statistics": {"wv_mean": 5701.930799999999, "wv_std": 0.1669445467812667, "wv_min": 5701.64737, "wv_max": 5702.21423, "wv_kurt": -1.2009603841524699, "wv_skew": 8.171783343756499e-12, "int_mean": 0.3242229530984641, "int_std": 0.34225474151525354, "int_max": 1.2504797924431996, "int_min": 0.06266, "int_kurt": 0.9349924991886822, "int_skew": 1.478524957419977}}