{"x": [5739.39846, 5739.3922336734695, 5739.386007346939, 5739.379781020409, 5739.373554693878, 5739.367328367347, 5739.361102040816, 5739.354875714286, 5739.348649387755, 5739.3424230612245, 5739.336196734694, 5739.329970408164, 5739.323744081633, 5739.317517755102, 5739.311291428571, 5739.305065102041, 5739.29883877551, 5739.2926124489795, 5739.286386122449, 5739.280159795919, 5739.273933469388, 5739.267707142857, 5739.261480816326, 5739.255254489796, 5739.249028163265, 5739.2428018367345, 5739.236575510204, 5739.230349183674, 5739.224122857143, 5739.217896530612, 5739.211670204081, 5739.205443877551, 5739.19921755102, 5739.19299122449, 5739.186764897959, 5739.180538571429, 5739.174312244898, 5739.168085918367, 5739.161859591836, 5739.155633265306, 5739.149406938775, 5739.143180612245, 5739.136954285714, 5739.130727959184, 5739.124501632653, 5739.118275306122, 5739.112048979591, 5739.105822653061, 5739.09959632653, 5739.09337], "y": [0.15809, 0.16818429921143307, 0.1792628502571337, 0.19188692969779303, 0.20688099021583245, 0.22511300896729233, 0.24728243304868952, 0.27384885659601005, 0.30501129511808617, 0.340963442156064, 0.38225819419452967, 0.4302366121713774, 0.4873070042479493, 0.5570206174275925, 0.6439366354196523, 0.7533121081231112, 0.8907744796414516, 1.0620660273387292, 1.2728592300274422, 1.528660581430972, 1.834112704481466, 2.1898918860077123, 2.5814434302699105, 2.948866265751185, 3.150109014453916, 3.0552454620892613, 2.736616197662989, 2.3535238087785126, 1.9909850805391822, 1.6732771155897341, 1.4022783061806157, 1.174014243871193, 0.9837440670217386, 0.8270814178401488, 0.7000069599214139, 0.5986033484701567, 0.5187832238341624, 0.4563011829128624, 0.4068180639658084, 0.36652838858426784, 0.3322603397824296, 0.30188249995803546, 0.274350131724672, 0.24945742124332193, 0.22746924971281965, 0.20867764592647478, 0.19309620269195588, 0.18031611876022827, 0.1696388477486047, 0.16027], "primeira_derivada": [-1.621228691013527, -1.7002682201316026, -1.903420128277028, -2.2178518765337407, -2.6681928023587207, -3.2444044359604343, -3.913691916959449, -4.635868500276848, -5.389581258508899, -6.20324831131973, -7.169008048285202, -8.43585776786651, -10.181284632923258, -12.578012925890933, -15.763025737348508, -19.822108832294237, -24.794227999913286, -30.682999718440488, -37.46948957900284, -45.07099585237918, -53.09963276905505, -60.013775545305116, -60.948809545912745, -45.66621919103619, -8.542693336993237, 33.205198502050365, 56.35117672395669, 59.877289882229256, 54.626647816998705, 47.2756103813093, 40.0928917943235, 33.61004575616874, 27.860153520062067, 22.785273603501523, 18.347742304761574, 14.553022171464994, 11.427457655185249, 8.991269516109465, 7.209129965345138, 5.987296347164385, 5.191334593995749, 4.650431339476343, 4.209952566636739, 3.7647304380031272, 3.274786113030816, 2.7602990985577294, 2.277548971114207, 1.8837234787509078, 1.609786979602159, 1.5047151321383365], "segunda_derivada": [12.694407966953005, 22.66114986624127, 41.56412724866075, 61.41443677489875, 82.43645384966008, 100.01877579255837, 111.74037030692296, 118.52007233675488, 125.86713877571545, 142.8953959417001, 179.2878550175379, 241.89837859714183, 332.6323424816281, 448.23710070206243, 581.7311275789457, 725.2432247551251, 872.1748556177315, 1017.876392788442, 1155.4161240741144, 1255.1657155908501, 1199.9675586308763, 630.3216461557707, -1152.1686410299512, -4208.429798299627, -6333.703934598874, -5211.248537915077, -2141.880228251124, 138.4868668981014, 1011.9674448875398, 1167.1212512436791, 1097.4018595417783, 982.3399250379896, 869.2743706126427, 763.8863114686003, 661.0841394077731, 555.727732539655, 446.63194483923684, 338.7493146190729, 241.23157967064478, 162.0373876553847, 107.35583823496432, 78.8090716489457, 71.12547801255151, 75.097768245904, 80.66002758357128, 80.08230350396003, 70.3926798191186, 53.62407418340428, 30.43595165902887, 16.87541553486034], "sigma": 3.5052297612025995e-05, "center": 5739.247692134922, "fwhm": 0.06533348639074743, "statistics": {"wv_mean": 5739.2459149999995, "wv_std": 0.08985130680869854, "wv_min": 5739.09337, "wv_max": 5739.39846, "wv_kurt": -1.200960384153772, "wv_skew": 1.5183275322375808e-11, "int_mean": 0.8910120844213183, "int_std": 0.8758442190881195, "int_max": 3.150109014453916, "int_min": 0.15809, "int_kurt": 0.41028638967118525, "int_skew": 1.2877231429143559}}