{"x": [5754.07762, 5754.072412244898, 5754.067204489796, 5754.061996734694, 5754.056788979592, 5754.051581224489, 5754.046373469388, 5754.041165714286, 5754.035957959184, 5754.030750204081, 5754.02554244898, 5754.020334693878, 5754.015126938775, 5754.009919183673, 5754.004711428572, 5753.999503673469, 5753.994295918367, 5753.9890881632655, 5753.983880408163, 5753.978672653061, 5753.973464897959, 5753.9682571428575, 5753.963049387755, 5753.957841632653, 5753.952633877551, 5753.947426122449, 5753.942218367347, 5753.937010612245, 5753.931802857142, 5753.926595102041, 5753.921387346939, 5753.916179591837, 5753.9109718367345, 5753.905764081633, 5753.900556326531, 5753.895348571428, 5753.8901408163265, 5753.884933061225, 5753.879725306122, 5753.87451755102, 5753.8693097959185, 5753.864102040816, 5753.858894285714, 5753.853686530612, 5753.848478775511, 5753.843271020408, 5753.838063265306, 5753.832855510204, 5753.827647755102, 5753.82244], "y": [0.09099, 0.10346236729512634, 0.11449887853750179, 0.1250942764475754, 0.1388157712682632, 0.15572887847144817, 0.17319994575779188, 0.19276337853655787, 0.22038413835822246, 0.25801367892296817, 0.300873530097614, 0.3472564436247835, 0.40547184625334365, 0.4866648281247303, 0.593581525901007, 0.7254638433204084, 0.8896640525007354, 1.0947185448399492, 1.3261515368618344, 1.5402311616106656, 1.6932902982303075, 1.774456012613927, 1.7991693158797144, 1.7752153829215478, 1.6875414507907636, 1.524558339077335, 1.308100465379187, 1.085074492041748, 0.8920860320736271, 0.7366370603473664, 0.6109302237477438, 0.5108567130896259, 0.4363130000667352, 0.3806830544893063, 0.3326567698552186, 0.2876784265042076, 0.25043654624314443, 0.2245505618908195, 0.20556309970040385, 0.18701888880943962, 0.16887393868408446, 0.1552681500072795, 0.14644286123566386, 0.13774805690774136, 0.12682932591938711, 0.11684204303989211, 0.11088610043849656, 0.10670289156627093, 0.09993586905857468, 0.09083], "primeira_derivada": [-2.3949604102735385, -2.257102924010679, -2.076893856167528, -2.33468089950329, -2.9412483327813628, -3.3012472566994595, -3.5557067624551566, -4.530185432917377, -6.264724349134879, -7.727839554618216, -8.568256663180614, -10.04255327896978, -13.384690885381243, -18.0605343350269, -22.927250850746564, -28.427078538461558, -35.45238728626275, -41.90745107955267, -42.77395999101926, -35.24923447764174, -22.48808233358506, -10.165514273538381, -0.07290764376546087, 10.717464906435985, 24.06574799738478, 36.43037911382112, 42.195133838635094, 39.94181995311835, 33.45370748577335, 26.993954480560593, 21.677319962802738, 16.76511474268368, 12.49805876478751, 9.952102987369067, 8.929435635852293, 7.8940178635737395, 6.060947892115491, 4.3083291804195, 3.6034406711430305, 3.522550532751374, 3.048409360554316, 2.1536225310269663, 1.6821156868149876, 1.8831084539315945, 2.00720017142701, 1.530719587226371, 0.9734666161803155, 1.0513389325138613, 1.5239667817238958, 1.7485209808520359], "segunda_derivada": [-26.471576249072665, -30.537779509875616, 7.448312561736063, 82.98724303692302, 92.80067305625118, 58.99455884666419, 117.99116435040266, 260.0945641397173, 307.00887992391387, 221.16365582014814, 222.23719041312356, 462.4290243744389, 769.8116461582565, 916.1874722307748, 995.2987419681816, 1202.546604983246, 1294.2594532261444, 702.94902131979, -639.2597646415255, -1947.6604852790017, -2408.3045106713844, -2152.0956966915514, -2004.9885958610748, -2317.5682390451625, -2468.71384144265, -1740.6142844086644, -337.13574953893163, 839.2701059556761, 1243.1330984669175, 1130.6587284586612, 982.0776455493175, 881.3069180330041, 654.1217493513782, 342.62585885864706, 197.5981093003237, 275.40539900909926, 344.2643339679355, 235.94688812509148, 75.44312590018417, 53.28892197721083, 131.43167975976962, 131.17875619353313, 25.97223485064696, -31.211575646276884, 33.83308736571028, 99.24944001362027, 46.02565264158379, -52.853883750118605, -66.93690800101733, -43.11919334533427], "sigma": 0.01119138444465606, "center": 5753.962098906116, "fwhm": 0.06178160291585686, "statistics": {"wv_mean": 5753.95003, "wv_std": 0.07515243525323959, "wv_min": 5753.82244, "wv_max": 5754.07762, "wv_kurt": -1.200960384153295, "wv_skew": 2.04348326690587e-17, "int_mean": 0.5649240799468017, "int_std": 0.5522654941279762, "int_max": 1.7991693158797144, "int_min": 0.09083, "int_kurt": -0.1742892714778801, "int_skew": 1.1276335677291296}}