{"x": [5684.20922, 5684.18247, 5684.15572, 5684.12897, 5684.10222, 5684.07547, 5684.04872, 5684.02197, 5683.99522, 5683.96847, 5683.94172, 5683.91497, 5683.88822, 5683.86147, 5683.83472, 5683.80797, 5683.78122, 5683.75447, 5683.72772, 5683.70097, 5683.67422, 5683.64747, 5683.62072, 5683.59397, 5683.56722, 5683.54047, 5683.51372, 5683.48697, 5683.46022, 5683.43347, 5683.40672, 5683.37997, 5683.35322, 5683.32647, 5683.29972, 5683.27297, 5683.24622, 5683.21947, 5683.19272, 5683.16597, 5683.13922, 5683.11247, 5683.08572, 5683.05897, 5683.03222, 5683.00547, 5682.97872, 5682.95197, 5682.92522, 5682.89847], "y": [0.0378, 0.04046342282216142, 0.040586451330928267, 0.0427412005849173, 0.049187754559394746, 0.04864950680057559, 0.05282171122374771, 0.05973865578524143, 0.06433512336955106, 0.07201278348455084, 0.07774127170355326, 0.09118560128444377, 0.10433501019859918, 0.12089718645247355, 0.1427347208802249, 0.1670942021543078, 0.19862703121330283, 0.2419061770684604, 0.2899491766883622, 0.3576273260188367, 0.43957160483952346, 0.5422349398504372, 0.6431164214838306, 0.7164408156012911, 0.7449756768518534, 0.7114587452126879, 0.6297840287962029, 0.5313435461543558, 0.442634049172479, 0.3577290707970048, 0.29410894849866015, 0.2477166870763962, 0.21007744424218092, 0.17882565226541275, 0.15245897400410446, 0.13363763800839895, 0.11603598250364523, 0.10483759993678535, 0.0941339405999839, 0.08545547408931926, 0.07723444378767656, 0.07424895486553817, 0.06489870918369117, 0.06012208844831758, 0.057637247528570947, 0.050898365630813416, 0.04563242664141622, 0.04340746736983824, 0.038838736692931634, 0.03744], "primeira_derivada": [-0.09956720830512693, -0.05208320244727148, -0.042575285285168234, -0.160772022962034, -0.11043563019925032, -0.06792442363278413, -0.20727381279754875, -0.21520396534217734, -0.22942294765070562, -0.25058221185057644, -0.35837042616632037, -0.4970792242066011, -0.5553567321128573, -0.7177516015259096, -0.8634956205952679, -1.044716080992395, -1.3983546712929522, -1.7069559901884894, -2.1630121299141636, -2.796680900022467, -3.4506096043299213, -3.80457601204416, -3.25618459347479, -1.9039113152906628, 0.09312281100195449, 2.1531149169286325, 3.3666392347360965, 3.4981304602574723, 3.2451303805121157, 2.776170106053444, 2.056306237768944, 1.570682322551441, 1.2876828936635927, 1.0769807521138715, 0.8446357805051605, 0.6808035794480213, 0.5383184686284381, 0.4093839608162111, 0.3622827261209599, 0.3158784450899426, 0.20946764904269416, 0.2305744785792289, 0.26405357789204553, 0.135728255235929, 0.17240603397208737, 0.22438917546089698, 0.1400167899248077, 0.12698485885021377, 0.1115414461652311, 0.052289222165682755], "segunda_derivada": [-1.775103022724051, -1.065269589158396, 2.0315667385942446, 1.2684176619458043, -1.735469146341591, 1.8100594878191547, 2.752888630082865, 0.4140025206198671, 0.6612756356711911, 2.4102332432831743, 4.607420791702649, 3.681987027039075, 4.124717333072308, 5.759605392196156, 6.111485597506063, 9.997365433604296, 12.37831605974345, 14.292662777970456, 20.368689903444373, 24.067242512450616, 18.839160972373215, -3.634112352433349, -35.52644292998157, -62.603876719208515, -75.83226602281118, -61.187222873552, -25.14047744540571, 2.2711935368974556, 13.494586059892054, 22.221012013897106, 22.532481934623004, 14.366791478608603, 9.228066737153343, 8.281254451561733, 7.405180797494541, 5.7255572313421625, 5.0732638996613835, 3.2903877104210486, 1.7477666490896058, 2.8563565809029403, 1.5944666637520921, -1.0202977355021723, 1.7728266045481438, 1.7130382041118335, -1.6572134621493853, 0.6054064307904388, 1.8206414319758824, 0.5322494160669973, 1.3961801249448846, 2.215036411198671], "sigma": 1.2485893503555445e-06, "center": 5683.566606948906, "fwhm": 0.2653623600025569, "statistics": {"wv_mean": 5683.5538449999995, "wv_std": 0.38602576419834844, "wv_min": 5682.89847, "wv_max": 5684.20922, "wv_kurt": -1.2009603841536614, "wv_skew": 3.5341524299039698e-12, "int_mean": 0.2045473998751396, "int_std": 0.20731865915976946, "int_max": 0.7449756768518534, "int_min": 0.03744, "int_kurt": 0.6126318705464522, "int_skew": 1.3698779801929337}}