{"x": [5577.44095, 5577.435742244898, 5577.430534489796, 5577.425326734694, 5577.420118979592, 5577.4149112244895, 5577.409703469388, 5577.404495714286, 5577.399287959184, 5577.394080204082, 5577.38887244898, 5577.383664693878, 5577.378456938775, 5577.373249183674, 5577.368041428572, 5577.362833673469, 5577.357625918367, 5577.352418163266, 5577.347210408163, 5577.342002653061, 5577.336794897959, 5577.331587142858, 5577.326379387755, 5577.321171632653, 5577.315963877551, 5577.310756122449, 5577.305548367347, 5577.300340612245, 5577.295132857143, 5577.289925102041, 5577.284717346939, 5577.279509591837, 5577.274301836735, 5577.269094081633, 5577.263886326531, 5577.258678571428, 5577.253470816327, 5577.248263061225, 5577.243055306122, 5577.23784755102, 5577.232639795919, 5577.227432040816, 5577.222224285714, 5577.217016530612, 5577.211808775511, 5577.206601020408, 5577.201393265306, 5577.1961855102045, 5577.190977755102, 5577.18577], "y": [0.08648, 0.09615329921154801, 0.10915635132261033, 0.12387761047927577, 0.13965378506205, 0.15686305684884194, 0.17560313390386303, 0.19658144331252728, 0.2227038329799349, 0.25767297345684304, 0.303089766737426, 0.35861524590972843, 0.4255209078784956, 0.5087955155201953, 0.6159348935836764, 0.754544907145674, 0.9286586030621354, 1.1317375187041918, 1.3408982842630384, 1.5223131636842075, 1.647387063888841, 1.7042377230784014, 1.6924645136437217, 1.6123032767336827, 1.4667392211313084, 1.2739182850991453, 1.068533136825094, 0.8840097196065835, 0.7338310733698796, 0.613070476948219, 0.514417028565833, 0.43641295032230987, 0.37771219433568054, 0.33159814531191145, 0.2906616448103576, 0.25347705644298335, 0.22295206354256708, 0.19991361289100212, 0.1817310873761137, 0.16607311280911938, 0.15268456579871317, 0.14154979971453155, 0.13177622228931485, 0.12302142685090772, 0.11576966559161084, 0.10979195280995835, 0.10383250631621807, 0.09734033738872784, 0.09101983483181314, 0.0854], "primeira_derivada": [-1.8574796668664857, -2.1771714373575652, -2.6618293989969435, -2.928078715635621, -3.166954447945221, -3.4515206779301657, -3.813388464659837, -4.522169164609136, -5.865438076982584, -7.717906485582737, -9.691534114063984, -11.754694560127582, -14.418906675014806, -18.28177227848709, -23.594561073037795, -30.024809475505688, -36.21451126135973, -39.57940351546288, -37.49942511827839, -29.42618975323454, -17.466696862583767, -4.327915663283602, 8.826686791160663, 21.672034120414665, 32.48856608966966, 38.23202862750895, 37.43537838025855, 32.13496572761026, 26.01305527432528, 21.066087067890226, 16.961005574748445, 13.12512124196213, 10.063338516602832, 8.357780639092082, 7.500457234983589, 6.500841527564809, 5.142661521644078, 3.9576530921054927, 3.2490487184642185, 2.7887756825928895, 2.354499454490167, 2.007423841847695, 1.7789212915700992, 1.5368000592309183, 1.2701705227374642, 1.1460945302809582, 1.1954878040454815, 1.2301530345526979, 1.1463996630370774, 1.0791280930066913], "segunda_derivada": [61.387635217860556, 77.22614796034374, 72.0951027399544, 48.49738890151702, 50.25600782105423, 62.064556034818764, 102.79366692149023, 197.01863588280253, 306.82484662265307, 367.3460024503494, 387.5746838764549, 453.8781555738063, 626.669033992965, 880.9606268652922, 1127.4567415827682, 1211.6497358855943, 917.3428716645724, 123.36542633994702, -974.816745693491, -1923.3554443551493, -2409.70183884477, -2524.4450955978155, -2496.2723163208952, -2271.792628122167, -1589.9359879688795, -474.946708657701, 585.3830278840035, 1096.6647703024128, 1062.730336052364, 869.0932582937294, 762.4173632163811, 662.2495607758174, 457.71551362297726, 246.0639211654574, 178.28594807923136, 226.37352055348123, 244.17319802514947, 181.80701338786662, 112.22469054031214, 85.8862644742008, 75.0181052496312, 55.261638808128154, 45.18489957960072, 48.84549665749895, 37.511895363844374, 7.170337047930242, -8.070512402095932, 4.712984774138503, 14.500004184302416, 12.917575561030377], "sigma": 0.009424521977709599, "center": 5577.328513738615, "fwhm": 0.060474947039107316, "statistics": {"wv_mean": 5577.31336, "wv_std": 0.07515243525323959, "wv_min": 5577.18577, "wv_max": 5577.44095, "wv_kurt": -1.200960384153295, "wv_skew": 2.04348326690587e-17, "int_mean": 0.5255696798278163, "int_std": 0.5131883936489541, "int_max": 1.7042377230784014, "int_min": 0.0854, "int_kurt": -0.0819706126506281, "int_skew": 1.151679621900076}}