{"x": [5643.10314, 5643.101641020408, 5643.1001420408165, 5643.098643061225, 5643.097144081633, 5643.095645102041, 5643.094146122449, 5643.0926471428575, 5643.091148163266, 5643.089649183674, 5643.088150204082, 5643.08665122449, 5643.085152244898, 5643.083653265307, 5643.082154285715, 5643.080655306123, 5643.079156326531, 5643.077657346939, 5643.0761583673475, 5643.074659387756, 5643.073160408164, 5643.071661428572, 5643.07016244898, 5643.068663469388, 5643.067164489797, 5643.065665510204, 5643.064166530612, 5643.06266755102, 5643.061168571428, 5643.059669591837, 5643.058170612245, 5643.056671632653, 5643.055172653061, 5643.053673673469, 5643.0521746938775, 5643.050675714286, 5643.049176734694, 5643.047677755102, 5643.04617877551, 5643.0446797959185, 5643.043180816327, 5643.041681836735, 5643.040182857143, 5643.038683877551, 5643.037184897959, 5643.035685918368, 5643.034186938776, 5643.032687959184, 5643.031188979592, 5643.02969], "y": [0.00957, 0.01146454783482021, 0.013730151046902483, 0.016360678304120135, 0.019335126107129293, 0.022635468379210242, 0.02627004857894284, 0.030202213470759746, 0.03436679436665148, 0.038733122385812335, 0.043291891876541366, 0.047971127689846564, 0.05267751291091607, 0.05737580327191608, 0.062027241519150705, 0.06654123226036865, 0.07083411189799242, 0.074882570383493, 0.07862195220714974, 0.08196631580773267, 0.0848666476262681, 0.08730251981830035, 0.08922929459814624, 0.09059737484481543, 0.09138680047113057, 0.09160447777301492, 0.09123750447442361, 0.09028537160875327, 0.08877088768306672, 0.08672045411161167, 0.08415680864791568, 0.08113225321415177, 0.0777071544029785, 0.0739142539377275, 0.06979327181076224, 0.06543132825754834, 0.06091227174108652, 0.05626112039665273, 0.05153306944929744, 0.04681936536437676, 0.04218061758632192, 0.03763920230024734, 0.03324964089665452, 0.029081149025896466, 0.02517132657881694, 0.021521095680825914, 0.018173599300213648, 0.015162158337105583, 0.012493817247026138, 0.01016], "primeira_derivada": [-1.2638916801566913, -1.387661002730547, -1.6331544792314794, -1.8695968546971753, -2.093020515206146, -2.313214439235472, -2.5239653471149937, -2.700752509212792, -2.8455720683697403, -2.977057712667235, -3.0814313131661497, -3.1306700523546174, -3.137025891953387, -3.118697765895202, -3.0572227395544953, -2.9376218418609543, -2.7823387885561544, -2.5977139220839294, -2.362855859718684, -2.08298213438493, -1.779945517505315, -1.4552055930909855, -1.0990326501125416, -0.7196581877313397, -0.33592949943842754, 0.04979920923434771, 0.44000137542368173, 0.8227653014173206, 1.1891147539987754, 1.5390733337345999, 1.8640016608538106, 2.1513482505541943, 2.407637607554887, 2.6397566169101783, 2.829566768786138, 2.9623485597024626, 3.058816781417753, 3.1285290150047205, 3.14939412245129, 3.119606135413958, 3.062137441448139, 2.979018773314629, 2.8546263475095275, 2.6946045036056114, 2.521733246519532, 2.3341636259797967, 2.1210886987523647, 1.8945494936020517, 1.6685211608009212, 1.5569373057304998], "segunda_derivada": [82.56905113961983, 123.17138975440193, 160.75464088972257, 153.393027658807, 147.97319021569308, 143.74606374291017, 129.26729359536034, 107.27521675770213, 92.16443137821663, 78.67326749617585, 51.23896967180848, 18.544141324801423, -3.9934788054437553, -26.619159071485672, -60.39972959703318, -91.69035806065378, -113.37976902185716, -139.9228285454597, -171.69406124989274, -194.43571660218393, -209.4012969628336, -227.12546291844689, -245.34937279193073, -254.54087395209496, -256.6603978244801, -258.81969269740694, -257.8307591388952, -249.87444214228054, -238.93188280493717, -225.11544204470036, -204.2305713041954, -181.33533961015078, -162.91361437565126, -140.7387944222259, -107.60384749521084, -76.46869039556636, -55.431193396366965, -30.21300007288199, 2.9763179030195746, 29.105359899354283, 46.89435495551372, 69.21745134878417, 94.8692935053767, 111.03990434813808, 120.22874747389933, 133.63909353893854, 146.63779773189583, 150.95853886954217, 112.6140041248539, 74.43987608615812], "sigma": 0.018687999972462288, "center": 5643.065810975157, "fwhm": 0.04236003104743554}