{"x": [5643.94678, 5643.911997142857, 5643.877214285714, 5643.842431428571, 5643.807648571429, 5643.772865714286, 5643.738082857143, 5643.7033, 5643.668517142857, 5643.633734285714, 5643.598951428571, 5643.564168571429, 5643.529385714286, 5643.494602857143, 5643.45982, 5643.425037142857, 5643.390254285714, 5643.355471428571, 5643.320688571429, 5643.285905714286, 5643.251122857143, 5643.21634, 5643.181557142857, 5643.146774285714, 5643.111991428571, 5643.077208571429, 5643.042425714286, 5643.007642857143, 5642.97286, 5642.938077142857, 5642.903294285714, 5642.868511428571, 5642.833728571429, 5642.798945714286, 5642.764162857143, 5642.72938, 5642.694597142857, 5642.659814285714, 5642.625031428571, 5642.590248571429, 5642.555465714286, 5642.520682857143, 5642.4859, 5642.451117142857, 5642.416334285714, 5642.381551428571, 5642.346768571429, 5642.311985714286, 5642.277202857143, 5642.24242], "y": [0.03367, 0.03966794565454052, 0.03908587691499339, 0.048020262343706877, 0.05003303683910189, 0.059148208939977485, 0.06495545610393519, 0.07344937977735616, 0.0824548927222895, 0.09075716186447298, 0.10749088359899017, 0.1229420727125723, 0.14841757448956558, 0.17837536593894582, 0.21354541671293, 0.26518058765486335, 0.3392182283689602, 0.44434961570466014, 0.5914776302192308, 0.7840655280291409, 1.0082139456130879, 1.1863902468274041, 1.220975754051219, 1.0941671752838305, 0.8741255346220348, 0.6729612406438381, 0.5101913785675853, 0.39179468111353866, 0.3098500990151144, 0.2468620726991853, 0.20393507776152872, 0.17200732552214196, 0.14381575126574744, 0.1282168223034971, 0.10687812883194085, 0.09577724138554841, 0.08610743082203318, 0.08063553911276161, 0.0685380237059507, 0.06706137776328265, 0.05924240174082244, 0.0562529369858875, 0.0528762070499581, 0.04896856109692731, 0.044457726384934414, 0.04213259853192047, 0.04010107333926253, 0.041493443219749, 0.036825971362913164, 0.03388], "primeira_derivada": [-0.17243970585514712, -0.07785267456217769, -0.12006369480845316, -0.15736429987975725, -0.1599630897293263, -0.2145082447293496, -0.20557786237317144, -0.2515526045834915, -0.24879759037563692, -0.3598897982096783, -0.4626547887685137, -0.588316979293159, -0.7968478983551439, -0.9362060447709845, -1.2478161491886954, -1.8065337637354162, -2.575536381516811, -3.6262030001801544, -4.883381358412781, -5.990541744178204, -5.783376522868974, -3.0584291503630703, 1.3256971841678256, 4.985936290443398, 6.0547920619894535, 5.231516125357297, 4.041740423657, 2.879885322945492, 2.0833913645808826, 1.5225175553886452, 1.0760293047419733, 0.8642091454621375, 0.6294839874594682, 0.5309745298085761, 0.46631564486756233, 0.2985766512008308, 0.21766041545316303, 0.2525584233039104, 0.19512717563496948, 0.13362361129555062, 0.15537022638708584, 0.09151339501369174, 0.10471215545940514, 0.12101479516782443, 0.09826625996971272, 0.06262644020037919, 0.009187791985461678, 0.04707925462943855, 0.10944246455155274, 0.08469607171146479], "segunda_derivada": [-2.7193577256779475, -0.7528997809375552, 1.1429714498537271, 0.5735497052090855, 0.8214383398035427, 0.6557076731263441, 0.5325088692663221, 0.6212791523246588, 1.5573360345412213, 3.0741752684902024, 3.28361727369538, 4.8039916361249135, 5.00086959572609, 6.482622301260669, 12.510871596693773, 19.08584201219533, 26.157558434082578, 33.17503457864434, 33.98712668008614, 12.937338079446931, -42.14881747293748, -102.19220459391575, -115.63692723306637, -67.98025329516886, -3.530184911312445, 28.937410605498457, 33.804451324164255, 28.1510666450561, 19.51202228696177, 14.480726176366444, 9.463115798970403, 6.419043085685814, 4.79021338425301, 2.3455281709763636, 3.3406956428608825, 3.574393391435942, 0.6615073009633647, 0.32391300872085393, 1.70967571066614, 0.5715020632858571, 0.605330035263269, 0.7282045681212183, -0.4240795980739294, 0.092659085813335, 0.8393266074635247, 1.2804938309005842, 0.22348919623287403, -1.4411506241986098, -0.5407378831384553, 0.7114537123373755], "sigma": 3.670577640435546e-05, "center": 5643.19078441122, "fwhm": 0.25226853817964595, "statistics": {"wv_mean": 5643.094599999999, "wv_std": 0.5019468788628629, "wv_min": 5642.24242, "wv_max": 5643.94678, "wv_kurt": -1.2009603841538081, "wv_skew": 2.7179277480832773e-12, "int_mean": 0.2580208178242776, "int_std": 0.3241971951482723, "int_max": 1.220975754051219, "int_min": 0.03367, "int_kurt": 1.9263627235739245, "int_skew": 1.7554817500394966}}