{"x": [5647.34796, 5647.335968571429, 5647.323977142857, 5647.311985714286, 5647.299994285714, 5647.288002857143, 5647.276011428571, 5647.26402, 5647.252028571428, 5647.240037142858, 5647.228045714286, 5647.216054285715, 5647.204062857143, 5647.192071428572, 5647.18008, 5647.168088571429, 5647.156097142857, 5647.144105714286, 5647.132114285714, 5647.120122857143, 5647.108131428571, 5647.09614, 5647.084148571428, 5647.072157142857, 5647.060165714285, 5647.048174285715, 5647.036182857143, 5647.024191428572, 5647.0122, 5647.000208571429, 5646.988217142857, 5646.976225714286, 5646.964234285714, 5646.952242857143, 5646.940251428571, 5646.92826, 5646.916268571428, 5646.904277142857, 5646.892285714285, 5646.880294285714, 5646.868302857142, 5646.856311428572, 5646.84432, 5646.832328571429, 5646.820337142857, 5646.808345714286, 5646.796354285714, 5646.784362857143, 5646.772371428571, 5646.76038], "y": [0.07754, 0.09486637561406132, 0.09597003361258812, 0.1073670568204562, 0.1186493763148856, 0.13138329570679522, 0.14942296504134986, 0.171649816938695, 0.19286663022740064, 0.2249371628585601, 0.26334001255052936, 0.3115341069372984, 0.3728553602378618, 0.450722877800103, 0.5537388601121804, 0.6898508995725471, 0.8602845083983072, 1.0547087377725033, 1.2677854179088035, 1.4337628668194893, 1.5206446195795478, 1.4990021032163883, 1.393964617399405, 1.214289236698829, 1.0121548651238341, 0.8266774693794491, 0.678873239495554, 0.5590917251883525, 0.4638448396053784, 0.3951519806630439, 0.3324932136174366, 0.29881049391639536, 0.2582215963923457, 0.23190403569861692, 0.2023626669682543, 0.18545128749864748, 0.1671014503300787, 0.15249617809528343, 0.14373008882180086, 0.13014842717853375, 0.12177107581099382, 0.11699816395780267, 0.1104832618563142, 0.10023466635035934, 0.09488290598696526, 0.09190781295224677, 0.08760539943088418, 0.08133777009286769, 0.08285006418198311, 0.07645], "primeira_derivada": [-1.4448967035715403, -0.7684669721672759, -0.5212340269496467, -0.9456480755018606, -1.0013919001875988, -1.283149398880888, -1.678970982974891, -1.8114466065092054, -2.2218931466002565, -2.938489851548901, -3.6107851355015397, -4.5664012020926785, -5.803677603255528, -7.542199780281213, -9.97078956634713, -12.78186524893774, -15.213276551026565, -16.9913412351594, -15.805211480313488, -10.543331020288035, -2.7202445483434907, 5.282106357257348, 11.871515758949815, 15.920111186055642, 16.162034615942144, 13.896660587766473, 11.157375561876831, 8.96592089125184, 6.835705335186799, 5.476896485053522, 4.017097970115641, 3.096862762526316, 2.789761779378129, 2.329119049121964, 1.9369146854782342, 1.470267551024176, 1.374111066370873, 0.9745028029371546, 0.9318218752467823, 0.9156128846488298, 0.5483192908513648, 0.47066176843781665, 0.6989783372140207, 0.6504794560690468, 0.3472002250803145, 0.3034461871116348, 0.44073326194464335, 0.19828059770153333, 0.2038026605307059, 0.5337199103365201], "segunda_derivada": [-56.40943673820698, -38.51345446937961, 7.387822988656231, 20.020878679104666, 14.072607002864183, 28.25264224140008, 22.02811802107986, 22.637926765294782, 46.99370214162379, 57.91186515741507, 67.87812397990744, 91.4358307969839, 124.08023616399112, 173.75377496717124, 218.47544841794087, 218.59309561927665, 175.52020433284224, 24.681585090462217, -268.85913452384773, -545.5966674011859, -659.8645558865766, -608.424601801996, -443.56703479389273, -178.89940432921887, 84.37070638841597, 208.67651524661989, 205.59434045402642, 180.1983058534194, 145.47993116071322, 117.52592063018196, 99.23895674054879, 51.17556191992889, 32.0121872397091, 35.560696076173755, 35.811058414659776, 23.466912876643608, 20.67162995348466, 18.441889074651225, 2.4555005242799512, 15.990696275636683, 18.552881901232567, -6.2819473705806, -7.497759193543183, 14.667898409120015, 14.470055293597705, -3.8999955804555553, 4.385031724248637, 9.879164938580477, -13.98662847529563, -27.512756118997196], "sigma": 0.00039397324241519094, "center": 5647.1020853173395, "fwhm": 0.11929713079250222, "statistics": {"wv_mean": 5647.05417, "wv_std": 0.17304674310721896, "wv_min": 5646.76038, "wv_max": 5647.34796, "wv_kurt": -1.2009603841543195, "wv_skew": -7.883700913167321e-12, "int_mean": 0.4250834323346402, "int_std": 0.43330517777471833, "int_max": 1.5206446195795478, "int_min": 0.07645, "int_kurt": 0.49311096624088835, "int_skew": 1.345372046084192}}