{"x": [5786.25519, 5786.252999183674, 5786.2508083673465, 5786.24861755102, 5786.246426734694, 5786.244235918367, 5786.242045102041, 5786.2398542857145, 5786.237663469387, 5786.235472653061, 5786.233281836735, 5786.231091020408, 5786.228900204082, 5786.226709387754, 5786.224518571428, 5786.222327755102, 5786.220136938775, 5786.217946122449, 5786.215755306122, 5786.213564489795, 5786.211373673469, 5786.209182857143, 5786.206992040816, 5786.2048012244895, 5786.202610408163, 5786.200419591836, 5786.19822877551, 5786.196037959184, 5786.193847142857, 5786.19165632653, 5786.189465510204, 5786.187274693877, 5786.185083877551, 5786.182893061225, 5786.1807022448975, 5786.178511428571, 5786.176320612245, 5786.174129795918, 5786.171938979592, 5786.169748163265, 5786.167557346938, 5786.165366530612, 5786.163175714285, 5786.160984897959, 5786.158794081633, 5786.156603265305, 5786.154412448979, 5786.152221632653, 5786.150030816326, 5786.14784], "y": [0.03193, 0.03468460598875509, 0.03622991790032844, 0.036984929658946654, 0.037845144788797046, 0.03989798087460473, 0.04399517786045785, 0.05047243417463131, 0.059124756049498114, 0.06917078751568075, 0.07996461585701918, 0.09124401318362484, 0.10372420202169935, 0.11948150875423483, 0.14134430937303527, 0.17260757769248483, 0.21594712589803605, 0.2718954144797212, 0.33951549339823967, 0.41416907791196234, 0.4886576835761276, 0.5555874292487328, 0.6062087246832172, 0.6339043069239861, 0.6351036310555298, 0.6097678751748301, 0.5612473975185245, 0.49619237833131424, 0.4231840981324425, 0.34972258724598926, 0.2832286329569321, 0.22771546648012325, 0.18504172813586037, 0.15461368251567204, 0.13354927693737792, 0.11878430858558965, 0.10722988987559456, 0.09667625121969178, 0.08620805198216883, 0.07573737121188334, 0.06599045333013259, 0.057782474291135914, 0.05156150628812806, 0.04736154335693599, 0.04469972742492125, 0.042791153290691206, 0.040923509364380085, 0.03856990614673803, 0.03567135239105572, 0.03249], "primeira_derivada": [-1.2573422773000282, -0.9813506152876832, -0.5249923606520217, -0.36863585256728393, -0.6648323686906277, -1.4035939473293049, -2.4133591605721882, -3.452954500299575, -4.267439746862093, -4.756185983760947, -5.037671437625881, -5.422541788509182, -6.4445145918448175, -8.585865207706007, -12.124719973655084, -17.026259941709956, -22.66000932582808, -28.201443914156524, -32.4704681309841, -34.0380406065994, -32.275264166210206, -26.82813699985731, -17.873903147813497, -6.5945524566571265, 5.508547534378326, 16.855870717632747, 25.920816702944595, 31.50955598264568, 33.42813117237961, 31.941396341748536, 27.845127699744197, 22.408748653548034, 16.6836861423686, 11.751886858686765, 8.177174301158898, 6.006753452307582, 5.04562091689753, 4.79771800982887, 4.77878491064405, 4.614170162481411, 4.097764085894279, 3.293052654922314, 2.3783214519901463, 1.5660324375633812, 1.0430792418784194, 0.8618289937325267, 0.9633959482210741, 1.1986757879646197, 1.3875891996768128, 1.45213104037128], "segunda_derivada": [-125.97663195644576, -167.14087523706195, -139.83709069086714, 31.91504608693196, 236.20375705640785, 399.0582803752841, 467.71619520166155, 423.14834057868137, 297.4305667695213, 175.7864594913025, 152.07934061723634, 321.0773849660164, 721.9508501652151, 1296.3673204025918, 1926.312724848147, 2404.4209511998, 2550.461176590332, 2238.9961878010135, 1332.0597946480275, -44.55050895804911, -1645.483357151877, -3286.756822799843, -4617.818549379325, -5336.4698816489345, -5351.982931834145, -4658.598924984185, -3344.34363338403, -1713.3600790785902, -98.5569520011703, 1274.183373069238, 2175.592625482856, 2547.324807990269, 2432.1668748128623, 1941.4023297248248, 1311.1855467820426, 714.7001204032941, 275.9326347348339, 60.898762485153334, 41.890286536726684, 155.42627112505227, 301.51261238744405, 392.4205358908852, 394.14993313942193, 304.73622871337375, 160.71713435233937, 18.18575402400405, -76.8770047494893, -96.81168756388944, -57.84493417378333, -29.46017880277394], "sigma": 0.004893445726035894, "center": 5786.20340642582, "fwhm": 0.02540110490642932, "statistics": {"wv_mean": 5786.201514999999, "wv_std": 0.031615384922233015, "wv_min": 5786.14784, "wv_max": 5786.25519, "wv_kurt": -1.2009603841501344, "wv_skew": 8.63024312755809e-11, "int_mean": 0.1935286294211493, "int_std": 0.1937815877994555, "int_max": 0.6351036310555298, "int_min": 0.03193, "int_kurt": -0.11593350723727402, "int_skew": 1.1542808940569937}}