{"x": [5493.41035, 5493.407525102041, 5493.404700204082, 5493.401875306123, 5493.399050408163, 5493.396225510204, 5493.393400612245, 5493.390575714286, 5493.387750816327, 5493.384925918367, 5493.382101020408, 5493.3792761224495, 5493.37645122449, 5493.373626326531, 5493.370801428571, 5493.367976530612, 5493.365151632653, 5493.362326734694, 5493.359501836735, 5493.356676938775, 5493.3538520408165, 5493.351027142857, 5493.348202244898, 5493.345377346939, 5493.342552448979, 5493.339727551021, 5493.336902653061, 5493.334077755102, 5493.331252857143, 5493.3284279591835, 5493.325603061225, 5493.322778163265, 5493.319953265306, 5493.317128367347, 5493.314303469388, 5493.311478571429, 5493.308653673469, 5493.30582877551, 5493.3030038775505, 5493.300178979592, 5493.297354081633, 5493.294529183673, 5493.291704285714, 5493.288879387755, 5493.286054489796, 5493.283229591837, 5493.280404693877, 5493.277579795918, 5493.274754897959, 5493.27193], "y": [0.0275, 0.03145678115923326, 0.03489960894186464, 0.036771450818044824, 0.03674743554402811, 0.03570842105903332, 0.03547299034685162, 0.03818725607942394, 0.04531054709103729, 0.05676918557650885, 0.07113757982909133, 0.08617040644157185, 0.10067413754223017, 0.115541009630514, 0.1345990260025946, 0.16325355407134398, 0.2067926876741005, 0.2666681372717735, 0.33958173073496783, 0.4155899780408938, 0.4819199513462245, 0.5247982214634226, 0.5353002635659523, 0.5112723662397893, 0.4583291609589977, 0.38840557506248363, 0.31462398791989515, 0.24895274783493662, 0.19739926322035223, 0.16103834356477748, 0.13608866028319838, 0.11768907340139298, 0.10163272839207375, 0.08643144836732539, 0.07263099799012308, 0.061955583826758434, 0.05532969290700153, 0.0523392394681167, 0.05108747346335776, 0.049329068009210594, 0.04561997203255024, 0.04002823532092125, 0.03394854234224693, 0.02929925682810178, 0.027308910579500283, 0.027940224060004196, 0.029853601864680036, 0.03119003447519744, 0.030496510711098095, 0.02746], "primeira_derivada": [-1.4006810925270523, -1.3097126070656717, -0.9406834751973904, -0.32706076977021536, 0.18815365622720515, 0.22557366951940955, -0.4387477098517299, -1.7412233797502734, -3.288955878228459, -4.571321355747664, -5.203943875794958, -5.2278981646390354, -5.19852462148998, -6.0046219278500885, -8.445003169801195, -12.77810078671245, -18.304127209445987, -23.503334456101086, -26.35880001972019, -25.19351542311111, -19.32959083780175, -9.448184144939656, 2.3940431514378435, 13.623696097468436, 21.74712024093424, 25.43546264519736, 24.68280788158039, 20.748488336306682, 15.560633611846056, 10.851826122767136, 7.672714340195063, 6.098615310693747, 5.532522853879886, 5.133235044253964, 4.332167903664141, 3.062288502552085, 1.7020693308725288, 0.7508624213699693, 0.5327929543483586, 0.9677343235960892, 1.6462245402108289, 2.0658143866747145, 1.8990028396610308, 1.1751985130921838, 0.24054546180257547, -0.45040410695679645, -0.5752084609865016, -0.11379328664030657, 0.6602069400338643, 1.0749098747516157], "segunda_derivada": [-32.20239696710157, -81.4184483761398, -173.92696151558965, -199.8013995018071, -97.8149383194162, 110.96000195728527, 348.11824668114843, 504.47984484216335, 500.92039018764507, 338.94817178815305, 116.21248244420224, -0.9591947006777621, 137.47819822335913, 574.6187287324404, 1198.8891203363157, 1745.0407380708343, 1898.3400151121755, 1425.6573029716185, 299.1578795727078, -1244.1527593673698, -2786.8849610112043, -3845.029856377495, -4083.6661321511756, -3425.4471079170326, -2090.653665729911, -519.6095014707975, 829.5829400682035, 1614.602439224818, 1751.6849026452655, 1396.1423360021877, 841.3066384349553, 378.80863612979846, 170.8699359257661, 212.459877758768, 366.55245101946105, 465.5209870783489, 409.11673881806, 206.95904655359644, -38.3857939920116, -197.0746558096459, -194.3574739530947, -44.74113810386375, 157.636822006152, 293.5428822154679, 287.72767083058346, 144.38644059896794, -59.5792883795465, -218.66549143227198, -210.39753975721652, -146.80280164576862], "sigma": 0.0027768567079664574, "center": 5493.348582693631, "fwhm": 0.02720366414095013, "statistics": {"wv_mean": 5493.34114, "wv_std": 0.04076573433566987, "wv_min": 5493.27193, "wv_max": 5493.41035, "wv_kurt": -1.2009603841524874, "wv_skew": -3.346539399717803e-11, "int_mean": 0.14417062118709595, "int_std": 0.15372793284912403, "int_max": 0.5353002635659523, "int_min": 0.027308910579500283, "int_kurt": 0.5914199867186429, "int_skew": 1.3930019630785901}}