{"x": [5753.98249, 5753.98114489796, 5753.979799795919, 5753.978454693878, 5753.977109591837, 5753.975764489796, 5753.974419387755, 5753.973074285715, 5753.971729183674, 5753.970384081633, 5753.969038979592, 5753.967693877551, 5753.966348775511, 5753.965003673469, 5753.963658571429, 5753.962313469388, 5753.960968367347, 5753.959623265307, 5753.958278163265, 5753.956933061225, 5753.9555879591835, 5753.954242857143, 5753.952897755103, 5753.951552653061, 5753.950207551021, 5753.9488624489795, 5753.947517346939, 5753.946172244898, 5753.944827142857, 5753.943482040817, 5753.942136938776, 5753.940791836735, 5753.939446734694, 5753.938101632653, 5753.936756530612, 5753.935411428572, 5753.934066326531, 5753.93272122449, 5753.931376122449, 5753.930031020408, 5753.928685918368, 5753.927340816326, 5753.925995714286, 5753.924650612245, 5753.923305510204, 5753.921960408164, 5753.920615306122, 5753.919270204082, 5753.9179251020405, 5753.91658], "y": [0.08074, 0.09728888495184632, 0.11560923903222274, 0.13555922377088941, 0.15707848521520684, 0.18025758088717128, 0.20499842688444064, 0.23105301763875344, 0.2581745433600749, 0.28638212706218247, 0.31550286953972106, 0.3451359696357542, 0.3748579533597559, 0.40451007152006485, 0.43384079550125176, 0.4623128411654639, 0.4893664638794949, 0.5146710906568022, 0.5379364885431382, 0.5585844219388322, 0.5761325650253971, 0.5902538007496214, 0.6007226194109829, 0.6072487868966798, 0.6096645310510399, 0.607934198247084, 0.6020882276630245, 0.5922718777326811, 0.5787073975536488, 0.561700719073076, 0.5417318519269214, 0.5191346185799207, 0.49420507899326593, 0.46748056353160233, 0.4395396163612896, 0.41076096627264774, 0.3813298332189725, 0.35169711298368855, 0.32234946945823517, 0.29359991239124505, 0.2654738535491296, 0.23822818821080785, 0.21219929690086112, 0.18759722040109036, 0.16436754214125043, 0.1425785451697705, 0.12242096811531987, 0.10401184418003234, 0.08729937240999122, 0.07216], "primeira_derivada": [-12.303070290885666, -12.961559038762728, -14.225812486991343, -15.414907167805522, -16.6152290895422, -17.812753312622178, -18.88162950005741, -19.76657341868405, -20.56688182071359, -21.31002869561516, -21.839920239377154, -22.063413040736233, -22.070482416775263, -21.925043732228733, -21.486388358627018, -20.639946520951703, -19.462556705671513, -18.05440152021135, -16.323420063018663, -14.198207764625714, -11.77211016270405, -9.140590693659117, -6.317359438343053, -3.323878549081432, -0.2547804291309987, 2.816256000556601, 5.8219822877080025, 8.691099038837756, 11.363880858358904, 13.744513242414195, 15.82262876692234, 17.666605019174053, 19.200794243934503, 20.320191691905496, 21.083752583399033, 21.637683013115595, 21.95515711582376, 21.924122470984912, 21.595833931733367, 21.141747681692145, 20.582722536032144, 19.80316549559138, 18.820493274050673, 17.77997256181572, 16.73429742239034, 15.592339001390375, 14.335975939906682, 13.05536481164654, 11.839936009255752, 11.255185075127164], "segunda_derivada": [489.54557207100095, 714.7198270691771, 911.9561395601588, 888.1915757766562, 891.3249968887981, 842.4641185665819, 726.2720770143604, 626.4403257150553, 573.731668682108, 473.2125816360008, 280.0472834850941, 85.70434449944986, -51.43450247696453, -217.11886548148732, -477.6950642586497, -752.2966999669385, -961.0962299321978, -1166.876767424961, -1433.4205280976353, -1691.8084137746296, -1880.012414386463, -2027.6345438483932, -2162.182484216544, -2253.5758719153378, -2282.4047406808854, -2258.848225683234, -2183.7908425181768, -2060.0290543750225, -1878.450129312928, -1657.4013617675687, -1457.916075339088, -1255.7283292744125, -986.3886129346959, -699.9314112345963, -489.7365705956919, -323.9176308679838, -106.47499191976712, 133.56725853064728, 290.82358271388193, 376.59276579250445, 497.5764460287727, 655.0541179834887, 752.0592761595118, 775.4786582158914, 813.184982971058, 891.5016889361501, 943.0415361171083, 927.8254938211924, 669.16103083632, 434.72607768914526], "sigma": 0.012482782948999072, "center": 5753.949824284804, "fwhm": 0.03775467392751682}