{"x": [5547.88505, 5547.88366632653, 5547.882282653061, 5547.880898979592, 5547.879515306122, 5547.878131632653, 5547.876747959183, 5547.875364285715, 5547.873980612245, 5547.872596938775, 5547.871213265306, 5547.869829591837, 5547.868445918367, 5547.867062244898, 5547.865678571428, 5547.86429489796, 5547.86291122449, 5547.86152755102, 5547.860143877551, 5547.858760204082, 5547.857376530612, 5547.855992857143, 5547.854609183673, 5547.853225510204, 5547.851841836735, 5547.850458163265, 5547.849074489796, 5547.847690816327, 5547.846307142857, 5547.844923469388, 5547.843539795918, 5547.842156122449, 5547.84077244898, 5547.83938877551, 5547.83800510204, 5547.836621428572, 5547.835237755102, 5547.833854081633, 5547.832470408163, 5547.831086734694, 5547.829703061225, 5547.828319387755, 5547.826935714285, 5547.825552040817, 5547.824168367347, 5547.822784693878, 5547.821401020408, 5547.820017346939, 5547.81863367347, 5547.81725], "y": [0.01703, 0.020978070864256834, 0.025352169340905863, 0.03013795987623695, 0.03529596432404636, 0.04075714198687241, 0.046526201446580547, 0.05256664016152177, 0.05879016312483305, 0.06512866525943456, 0.07155015838806665, 0.07799951463855075, 0.08437863487911994, 0.09058818164217072, 0.09658935089681765, 0.10233159593120883, 0.10770738634691991, 0.1126194270912758, 0.11703670576683885, 0.12092331523837528, 0.12417954213924384, 0.126766865411437, 0.1286615599774963, 0.12983430990662925, 0.1302584721436616, 0.12993650459121772, 0.12887466579474807, 0.12708064943852718, 0.12458746914073317, 0.12144543046518783, 0.1176954348504069, 0.11336880214410955, 0.10853257058675743, 0.10327804365773711, 0.09767801010430202, 0.09177000571276844, 0.0856305139168141, 0.07937047930204581, 0.0730726282723711, 0.06674722953078857, 0.06048430495280553, 0.05436056101258965, 0.04842903716359005, 0.04277660381396849, 0.03741444575137693, 0.03236260682938949, 0.027686038203934338, 0.023423637869930014, 0.019577025271842345, 0.01613], "primeira_derivada": [-2.853325550183268, -3.007273582161561, -3.309989392532761, -3.593259248212576, -3.837315069822957, -4.058124034319521, -4.267444031046656, -4.431667568499157, -4.539374849932568, -4.610912743029115, -4.65097064626463, -4.635658907902843, -4.549002088738382, -4.412426879948865, -4.243564160875246, -4.017579182183388, -3.717579105626846, -3.3712142449645435, -3.00066754605099, -2.5811134377900706, -2.1116073636121544, -1.6196082160335252, -1.108442332069004, -0.5770552813358872, -0.03692875770859813, 0.5000480169828063, 1.0319830567436412, 1.549208230063467, 2.036325440401864, 2.490484367672546, 2.9185456315516727, 3.3110645203484794, 3.6463655300646995, 3.9223706748776386, 4.158509287273175, 4.353446262832344, 4.480654824337168, 4.537879031217677, 4.561498810059136, 4.548877896122838, 4.476008535740423, 4.356254583559093, 4.185943235866883, 3.980198961998844, 3.7631700021410133, 3.51542750639832, 3.2301583990339484, 2.93024803619681, 2.6356066051530447, 2.4912129539819134], "segunda_derivada": [111.26037706690916, 165.01864511165266, 211.74998258912478, 190.55278894582838, 167.98211298887495, 155.43008187211754, 134.98254554904412, 98.26408647942148, 64.77148635599006, 40.32591460739997, 8.942198222137755, -36.84704511500002, -80.6664407870937, -110.37211258585079, -142.68095274521073, -190.06834594020953, -233.56845070919127, -259.0609618169632, -285.50840379819596, -321.2680599491771, -347.4465772146993, -362.50063827463634, -376.7337299999642, -387.1988580264586, -389.21874352779156, -386.2586940477592, -379.1213159703661, -362.9260825037651, -340.13665742623976, -318.7963817863812, -296.5223264861861, -263.0027657105436, -220.89971662703613, -185.06669688220867, -155.77215200355926, -116.40952299083396, -66.64605937828223, -29.213534666173565, -3.9745160783504554, 30.892503259543773, 69.6057692955267, 104.81710686144623, 135.89030573828552, 152.77203874950632, 167.94838736339528, 192.60743771827444, 211.45865806071015, 214.84541226244585, 158.64837043117345, 104.35529359435452], "sigma": 0.013197212340740228, "center": 5547.851234176372, "fwhm": 0.040041078840963786}