{"x": [5548.02332, 5548.015402653062, 5548.007485306122, 5547.999567959184, 5547.991650612245, 5547.983733265306, 5547.9758159183675, 5547.967898571429, 5547.95998122449, 5547.952063877551, 5547.944146530613, 5547.936229183673, 5547.928311836735, 5547.920394489796, 5547.912477142857, 5547.904559795918, 5547.89664244898, 5547.888725102041, 5547.880807755102, 5547.872890408164, 5547.864973061224, 5547.857055714286, 5547.849138367347, 5547.841221020408, 5547.833303673469, 5547.825386326531, 5547.817468979592, 5547.809551632653, 5547.8016342857145, 5547.793716938776, 5547.785799591837, 5547.777882244898, 5547.76996489796, 5547.76204755102, 5547.754130204082, 5547.746212857143, 5547.738295510204, 5547.730378163265, 5547.722460816327, 5547.7145434693875, 5547.706626122449, 5547.698708775511, 5547.690791428571, 5547.682874081633, 5547.674956734694, 5547.667039387755, 5547.659122040816, 5547.651204693878, 5547.643287346938, 5547.63537], "y": [0.04872, 0.0487465216773101, 0.05155772795324334, 0.05697948423509779, 0.06283772312310346, 0.07359327253446123, 0.08258994183168128, 0.08901195949778364, 0.10031412181367343, 0.11432551535434203, 0.13257840772502588, 0.15661220233125897, 0.18498807090489391, 0.2278938276192773, 0.2878311776939854, 0.36140097141235195, 0.4621154401293757, 0.5977213257810823, 0.7564003480480705, 0.9013897066385381, 0.9699655403015192, 0.9344175092137158, 0.8200394816568071, 0.665656352420191, 0.5233902402050278, 0.41912730578570434, 0.3336196511099834, 0.26876595428977396, 0.23067401884392177, 0.19496798309005178, 0.1626358559398947, 0.14444808803036266, 0.1281892756466062, 0.11659605257725357, 0.10878481642101023, 0.09526176237104647, 0.08912831954486453, 0.08704244315644251, 0.07711302018200897, 0.07362029473815765, 0.0721988602918037, 0.0635304302163677, 0.06293712785753999, 0.06387526468795043, 0.055846219079732175, 0.052845085843225774, 0.054269546659892406, 0.05325615049889705, 0.05217103296089526, 0.04859], "primeira_derivada": [-0.0033498187607749834, -0.17920952404440643, -0.5199319053012935, -0.7123595351765539, -1.049201735599964, -1.2474013619027506, -0.973728136654987, -1.119325710915964, -1.598613528735365, -2.037569286911273, -2.6705086503752793, -3.3097995821118036, -4.5016105673945725, -6.494796020829374, -8.431305639548505, -11.006481324459896, -14.924213640712555, -18.584818259722297, -19.177407736258512, -13.48716899111106, -2.085787248550478, 9.468200636501189, 16.97293038099111, 18.73413175774878, 15.5689177542653, 11.984481074880026, 9.495690453858199, 6.501270757743192, 4.6605240223217885, 4.2967779123966245, 3.1904560611853237, 2.175386563259774, 1.7589247804796848, 1.2254394922471776, 1.347313081766494, 1.2413562919335834, 0.5190702945061021, 0.7587958097713507, 0.8476417998226429, 0.3103413257057484, 0.6371998473848483, 0.5849012621079495, -0.02177714796649738, 0.44780839041805776, 0.6965830176315982, 0.0995707546984852, -0.02595974755591428, 0.13252631943386867, 0.29467892053259187, 0.4523021396837884], "segunda_derivada": [22.211948857365876, 32.62343374141404, 33.66973907067434, 33.424696076284775, 33.789211894629105, -4.766344049784217, -8.088293463827194, 39.463054789672356, 57.9893481413092, 67.6928224800733, 80.34448313383143, 115.63860540287945, 201.14038600709478, 248.16994268793638, 284.9240622159226, 410.0431654449645, 478.5906815571544, 268.59970444316536, -321.92913284075763, -1079.378017631672, -1449.6882481373796, -1203.6050572005524, -585.1664195537625, 88.66686262165898, 426.2570994622264, 383.53929337659565, 346.2782646399813, 305.3526938270342, 139.21916410098908, 92.83842002087971, 133.97109950452506, 90.40473354447475, 59.99150209905509, 25.994294672677174, -1.0051851845116497, 52.30557620172943, 30.474885456194798, -20.75010150934792, 28.32100749936994, 13.28992868828352, -17.339137626244362, 41.61602367772873, 8.657753206168444, -45.3662174450344, 21.99206618108905, 45.63035892957551, -2.0812252507967814, -20.24912325816812, -20.194632287566414, -19.908590639754845], "sigma": 0.00016788373155329772, "center": 5547.861855776979, "fwhm": 0.06759267225933097, "statistics": {"wv_mean": 5547.829345, "wv_std": 0.11425420196135751, "wv_min": 5547.63537, "wv_max": 5548.02332, "wv_kurt": -1.2009603841520164, "wv_skew": -2.32618209111539e-17, "int_mean": 0.23641142859850411, "int_std": 0.25975621195950377, "int_max": 0.9699655403015192, "int_min": 0.04859, "int_kurt": 1.3716941132601024, "int_skew": 1.608832125628652}}