{"x": [5551.83224, 5551.827800816326, 5551.823361632652, 5551.81892244898, 5551.814483265306, 5551.810044081632, 5551.805604897959, 5551.801165714285, 5551.7967265306115, 5551.792287346939, 5551.787848163265, 5551.7834089795915, 5551.778969795918, 5551.774530612244, 5551.7700914285715, 5551.765652244898, 5551.761213061224, 5551.756773877551, 5551.752334693877, 5551.747895510203, 5551.743456326531, 5551.739017142857, 5551.734577959183, 5551.73013877551, 5551.725699591836, 5551.721260408163, 5551.71682122449, 5551.712382040816, 5551.707942857142, 5551.703503673469, 5551.699064489796, 5551.694625306122, 5551.690186122449, 5551.685746938775, 5551.681307755101, 5551.676868571428, 5551.672429387755, 5551.667990204081, 5551.663551020408, 5551.659111836734, 5551.6546726530605, 5551.650233469388, 5551.645794285714, 5551.6413551020405, 5551.636915918367, 5551.632476734693, 5551.62803755102, 5551.623598367347, 5551.619159183673, 5551.61472], "y": [0.08346, 0.09386512962812618, 0.10547983477637138, 0.11650988381589482, 0.12675061854773637, 0.13884745173317206, 0.15596142303330435, 0.17856823084495188, 0.20499500165329096, 0.23484394524213537, 0.27170760419997, 0.32041284376224033, 0.38337031411208555, 0.4602146394063073, 0.5538762965622812, 0.6727082471013882, 0.8258187556077969, 1.0117287418001615, 1.2127834724868092, 1.3998482387773643, 1.5429538753730343, 1.6211264482737198, 1.6241496370468678, 1.5529023529759431, 1.4180877424453195, 1.2401518933263185, 1.0480276487291351, 0.8677617338266161, 0.7158776047686801, 0.5957600014758169, 0.5018891522006698, 0.426853031264517, 0.3650699812737317, 0.3141645911501812, 0.2731818817039611, 0.241361029621257, 0.21667231761868125, 0.19613207393712082, 0.17687689671407802, 0.15816682682275096, 0.14158529637655523, 0.12937613547837165, 0.12168589264007795, 0.11604808035803359, 0.10970071273391793, 0.10205535431174531, 0.09478645804273222, 0.08946899342523006, 0.08581583391627631, 0.08235], "primeira_derivada": [-2.343928612351259, -2.480167120266763, -2.5505538692345793, -2.3957990181677906, -2.515954459140869, -3.2901099203245328, -4.473883266832087, -5.522814803896833, -6.33852060876886, -7.514061982799002, -9.637909220587712, -12.576941857033846, -15.746340534885961, -19.2046550675692, -23.933860743211206, -30.629782302132377, -38.18500422858437, -43.58512119884386, -43.715187916408155, -37.188188999775655, -24.92329961846418, -9.14534829410028, 7.684306430358028, 23.209435534867964, 35.226122939992294, 41.681097354854124, 41.943540398092615, 37.41116254468244, 30.636458451357235, 24.102230085750374, 19.024553008652966, 15.410397607491433, 12.692473256231313, 10.349661821318104, 8.200106920698301, 6.364859875772947, 5.094287487736251, 4.482290419848376, 4.27615186771984, 3.9750101518765013, 3.2427911823396567, 2.2413359303740092, 1.501183111602474, 1.3499306164475393, 1.576047205410658, 1.6798420371462315, 1.4176436269740549, 1.010391187533387, 0.8018358721563666, 0.7807367685317742], "segunda_derivada": [30.689991208182658, 23.272888899629297, -9.502659532720497, -3.897046466303112, 100.72920697867139, 220.52802402812029, 251.4769660050813, 210.02029641274555, 224.28078285321496, 371.6210968864706, 570.2489744115512, 688.0129054550041, 746.5013499995127, 922.1875924826718, 1286.8500242035045, 1605.153619797092, 1459.2028455188893, 622.882954884567, -720.5077182381643, -2116.592788383361, -3158.558281229776, -3672.702961408293, -3644.226755145951, -3102.126261769875, -2080.524616672854, -756.6050373943117, 480.9369384203642, 1273.5541912670176, 1499.0292627406268, 1307.8874740920212, 978.9899583072756, 713.2031717928737, 570.0074786525171, 505.9901398323894, 448.82147693138756, 349.81875741287865, 212.04004998671118, 92.14933196779151, 57.13666129475314, 116.39084585713663, 195.26948524059668, 196.163101028857, 100.40194092663506, -8.432191514482454, -37.15901897208641, 17.8415211086248, 75.40247249248975, 69.36047257264055, 25.866739910463014, 4.752924225659313], "sigma": 0.007478002800920258, "center": 5551.7351763909755, "fwhm": 0.05073527586448358, "statistics": {"wv_mean": 5551.7234800000015, "wv_std": 0.06406128112033738, "wv_min": 5551.61472, "wv_max": 5551.83224, "wv_kurt": -1.2009603841533334, "wv_skew": -8.518350586986586e-11, "int_mean": 0.4944358030184546, "int_std": 0.4862428947459864, "int_max": 1.6241496370468678, "int_min": 0.08235, "int_kurt": -0.02235921122865303, "int_skew": 1.1711235181789355}}