{"x": [5767.41397, 5767.412663265306, 5767.411356530612, 5767.410049795918, 5767.408743061224, 5767.40743632653, 5767.406129591836, 5767.404822857143, 5767.403516122448, 5767.402209387755, 5767.400902653061, 5767.399595918367, 5767.398289183673, 5767.3969824489795, 5767.395675714285, 5767.3943689795915, 5767.393062244898, 5767.391755510203, 5767.39044877551, 5767.389142040816, 5767.387835306122, 5767.386528571428, 5767.385221836735, 5767.38391510204, 5767.382608367347, 5767.381301632653, 5767.3799948979595, 5767.378688163265, 5767.377381428571, 5767.376074693878, 5767.374767959183, 5767.37346122449, 5767.372154489796, 5767.370847755102, 5767.369541020408, 5767.368234285715, 5767.36692755102, 5767.365620816327, 5767.364314081633, 5767.3630073469385, 5767.361700612245, 5767.360393877551, 5767.359087142857, 5767.357780408163, 5767.35647367347, 5767.355166938775, 5767.353860204082, 5767.352553469388, 5767.351246734694, 5767.34994], "y": [0.05922, 0.07282849645361261, 0.08768964519153297, 0.10386882960246244, 0.12138742355247939, 0.14013609590194942, 0.15992215971778662, 0.18061117606796562, 0.202234079611292, 0.22462126635611748, 0.24747816410243234, 0.2705199438014625, 0.2936757685473207, 0.3167587652279523, 0.3393799715368384, 0.3611605138671417, 0.38187706600742094, 0.4013483047235027, 0.4191926646962666, 0.4350323074400852, 0.4485976971006845, 0.4597611420374595, 0.4682739557937557, 0.47391524282343633, 0.4765938309953371, 0.4762785679595774, 0.47296895013958956, 0.4667192113160185, 0.45771141696567086, 0.44609602797488906, 0.4320268705439461, 0.41577949374470735, 0.39773353144950285, 0.378198761998124, 0.3573160132349705, 0.335413858383901, 0.3129018379061063, 0.2901297591265762, 0.26719520562123317, 0.24429620383495335, 0.22177385616220324, 0.1999062941897147, 0.17877756224067062, 0.1584270482949164, 0.13906508924514058, 0.12088149811196593, 0.10394474963810496, 0.08819053509574912, 0.07369273776712829, 0.06058], "primeira_derivada": [-10.414123479357698, -10.893429753447924, -11.877060160243236, -12.893886772398089, -13.877058007753051, -14.744667123890505, -15.48710704825501, -16.189942796705363, -16.83971906820481, -17.311886151689663, -17.56235510359404, -17.676734480260905, -17.69250546953713, -17.487942731780404, -16.98958053313263, -16.26079673236377, -15.377180632030647, -14.278184722361326, -12.888615754328512, -11.251339900458317, -9.462071647146669, -7.528788663020586, -5.415828037123441, -3.183459978378472, -0.9042865195849493, 1.386999546878419, 3.657726655326727, 5.838037837240613, 7.891113415212732, 9.82775866407505, 11.600110706778406, 13.121768046396088, 14.37963341693941, 15.465081932586003, 16.37092204894732, 16.994335396431044, 17.327197121323483, 17.48887226677805, 17.537437209388013, 17.379713597059755, 16.985050547605713, 16.45180698044363, 15.871334129424326, 15.195308271411516, 14.36617178475283, 13.438205845300072, 12.508645854833576, 11.57542231383223, 10.564705759315302, 10.034736072776026], "segunda_derivada": [366.79693012532465, 559.7680568112046, 765.441151939838, 765.2654579958249, 708.1698985851917, 616.0581210028746, 553.0103700181401, 517.5541853038128, 429.2927095734931, 276.5044958798194, 139.60306183006915, 49.79984328038847, -72.23797967915263, -268.9623760729756, -469.5467278196157, -616.9576383922467, -758.6130601208549, -952.2073949206894, -1158.1711409339548, -1311.1093333814204, -1424.3714712924761, -1548.2269009651566, -1662.6667618558517, -1726.265300126949, -1748.8092830709556, -1745.5774295100273, -1703.1147602917029, -1619.8340716135756, -1526.5994109065923, -1419.185282414955, -1260.397155359858, -1063.5375045275982, -896.6295518526761, -761.9330232492294, -585.1430559578808, -365.9025342894388, -189.22619587887488, -80.4448252192411, 41.767724625866, 211.36144326297014, 355.0478230895242, 426.1448109064861, 480.77804728701415, 575.9249953630011, 672.3256197850526, 710.7509804443005, 712.7627132852814, 743.8159040259861, 589.5176152051573, 405.5679313838789], "sigma": 0.017023886373399577, "center": 5767.382170516955, "fwhm": 0.03841430666348304}