{"x": [5739.60846, 5739.592375306122, 5739.576290612245, 5739.5602059183675, 5739.5441212244905, 5739.528036530613, 5739.511951836735, 5739.495867142858, 5739.47978244898, 5739.463697755103, 5739.447613061225, 5739.431528367347, 5739.41544367347, 5739.399358979592, 5739.383274285715, 5739.367189591837, 5739.35110489796, 5739.335020204082, 5739.318935510204, 5739.302850816327, 5739.286766122449, 5739.270681428572, 5739.254596734694, 5739.238512040816, 5739.222427346939, 5739.206342653061, 5739.190257959184, 5739.174173265306, 5739.158088571428, 5739.142003877551, 5739.125919183673, 5739.109834489796, 5739.0937497959185, 5739.077665102041, 5739.0615804081635, 5739.045495714286, 5739.029411020409, 5739.013326326531, 5738.997241632654, 5738.981156938776, 5738.965072244898, 5738.948987551021, 5738.932902857143, 5738.916818163266, 5738.900733469388, 5738.88464877551, 5738.868564081633, 5738.852479387755, 5738.836394693878, 5738.82031], "y": [0.09121, 0.0928861229485283, 0.10882096311173904, 0.1112001891494733, 0.12622673352157546, 0.14336360055553385, 0.15754320638009264, 0.18237141840511528, 0.20632876030453937, 0.23088311379342857, 0.27397238313850136, 0.3179580682744449, 0.3789649936639888, 0.4522506271535411, 0.5519249999999492, 0.6799558720534431, 0.844414667563847, 1.0562570535487887, 1.3011753195353486, 1.5535951234005159, 1.7307162264081628, 1.8102762681931523, 1.8228987831612449, 1.7839521004235417, 1.6350661004655063, 1.4054232433574807, 1.1642125605215037, 0.9406531733902844, 0.7751287650704276, 0.6361535075744731, 0.530857007721434, 0.44893785021966837, 0.38211877894089274, 0.3371045366041313, 0.291481678169504, 0.26163515813048144, 0.2325638871436552, 0.21062769600773817, 0.18668658972121605, 0.17227907388850178, 0.16121548062198482, 0.14868576952568058, 0.13637423606154808, 0.12838116975669467, 0.1207864232286811, 0.1121288268318038, 0.10430420759240705, 0.09956044744521009, 0.0981224662734669, 0.09199], "primeira_derivada": [-0.10420608320238334, -0.5474447709695807, -0.5693010491978729, -0.5410662628218442, -0.9998142224858988, -0.9734867538103882, -1.2125756991934615, -1.5165210571016619, -1.5080080403722305, -2.102732677079254, -2.7067644290234263, -3.2637428889003024, -4.174545064459341, -5.376540195713181, -7.0783207512203825, -9.092173895007106, -11.6974927953818, -14.19861190514376, -15.459979333154513, -13.352473791073272, -7.97904973348949, -2.8655365608847783, 0.8182986872299933, 5.838864081796178, 11.766741100251162, 14.636695716149676, 14.44758829442479, 12.094846143916207, 9.465510134521528, 7.593298299916304, 5.81968356938997, 4.623595261232925, 3.4763892450882827, 2.8174953611744846, 2.3459998383725003, 1.8314862401068521, 1.585590080585169, 1.4261165854915279, 1.1920843011175486, 0.7917809717902858, 0.7334085604160255, 0.7722013471212558, 0.6311776874231296, 0.48455422750373883, 0.5052114466160983, 0.5123571440596971, 0.39069377018717505, 0.19216223093923734, 0.2353307903426204, 0.3812609876201519], "segunda_derivada": [27.556551037344104, 14.457687834732123, -0.19827881700221017, 13.382697133295945, 13.441986968559432, 6.613786943110961, 16.88046746266572, 9.183648238171083, 18.22265392313628, 37.26388570969371, 36.090528692441616, 45.62662636344898, 65.67726196430081, 90.26518343714594, 115.50215775314035, 143.58905675632465, 158.73594017502737, 116.95859947125196, -26.30258681066591, -232.54808753748867, -325.99119728585913, -273.46956329208984, -270.5802394730401, -340.33729508380964, -273.48458420693277, -83.33535019675033, 79.01454611434185, 154.8701578567077, 139.9326551779818, 113.33217134574812, 92.31456505499155, 72.84236623189314, 56.14343405492977, 35.138667087063936, 30.65054046345595, 23.63768199692816, 12.601099458381091, 12.232305521795242, 19.718610081526275, 14.258143306380104, 0.6086415078266021, 3.177893025868118, 8.941641097079172, 3.915717693062314, -0.8642662635348418, 3.5598338800000886, 9.953404011278149, 4.829528650903809, -5.878220565507349, -9.072612658036114], "sigma": 0.024974096641797283, "center": 5739.257835798831, "fwhm": 0.17275545756211008, "statistics": {"wv_mean": 5739.214385, "wv_std": 0.23211612134509976, "wv_min": 5738.82031, "wv_max": 5739.60846, "wv_kurt": -1.200960384153868, "wv_skew": 0.0, "int_mean": 0.5364325045790574, "int_std": 0.5468316566589982, "int_max": 1.8228987831612449, "int_min": 0.09121, "int_kurt": 0.16854525276628474, "int_skew": 1.252258651608188}}