{"x": [5795.85704, 5795.852581836734, 5795.84812367347, 5795.843665510204, 5795.839207346939, 5795.834749183673, 5795.830291020408, 5795.825832857143, 5795.821374693877, 5795.816916530612, 5795.812458367347, 5795.8080002040815, 5795.803542040816, 5795.79908387755, 5795.794625714286, 5795.79016755102, 5795.785709387755, 5795.78125122449, 5795.776793061224, 5795.772334897959, 5795.767876734693, 5795.763418571429, 5795.758960408163, 5795.754502244898, 5795.750044081632, 5795.745585918367, 5795.741127755102, 5795.736669591836, 5795.732211428571, 5795.727753265306, 5795.7232951020405, 5795.718836938775, 5795.714378775509, 5795.709920612245, 5795.705462448979, 5795.701004285714, 5795.696546122449, 5795.6920879591835, 5795.687629795918, 5795.683171632652, 5795.678713469388, 5795.674255306122, 5795.669797142857, 5795.665338979591, 5795.660880816326, 5795.656422653061, 5795.651964489795, 5795.64750632653, 5795.643048163265, 5795.63859], "y": [0.02354, 0.025104562563316394, 0.026451494313260642, 0.027445409269917512, 0.028875389906452883, 0.031160675090315153, 0.033603770295135414, 0.035504011954631674, 0.037456500619636485, 0.04066372827908196, 0.04508416257729531, 0.049401008134430956, 0.05342276277024461, 0.059800986674393604, 0.07212386429302277, 0.09106881559663024, 0.1145209102084658, 0.14285047478275997, 0.18333752872928, 0.24509195142098875, 0.3268914049371683, 0.4088685759851124, 0.4598695981158334, 0.4574617593056199, 0.40404860853596786, 0.3245837355529494, 0.24825549220731075, 0.19066306919506643, 0.15118785861753659, 0.12186960149396225, 0.09832720225413336, 0.08095460037759347, 0.07003073275078929, 0.06286095411861746, 0.056125035484401425, 0.04942133460043489, 0.04459272234263444, 0.04232119598667833, 0.0406313591101051, 0.037320716999330844, 0.03284766213372627, 0.029702902790307985, 0.029203133930400343, 0.029919988146373803, 0.029696549232333284, 0.0281982586374975, 0.02684687024133973, 0.026344269333193317, 0.025572322909925015, 0.02331], "primeira_derivada": [-0.35094330784274574, -0.32653518277959365, -0.26253487898555206, -0.2718491280838335, -0.4166812203922613, -0.5303058801927584, -0.4871217815550571, -0.4320983883956812, -0.578681849128015, -0.8554713571587543, -0.9799192330785209, -0.9352057894983629, -1.1663972268937561, -2.0973998046663636, -3.506806173634308, -4.75499027178162, -5.807510414827935, -7.718046023521795, -11.466771240547299, -16.100114291133124, -18.36817258872779, -14.91401113769178, -5.44991069483336, 6.260536711516546, 14.902776754826219, 17.472791715401975, 15.019713094923333, 10.88650502548618, 7.715449570864794, 5.928524060259063, 4.588773299589797, 3.173556890791699, 2.029271381851786, 1.5595769422858436, 1.507304546473771, 1.2933928678710342, 0.7963076037771727, 0.4442819830239485, 0.5608227749288751, 0.872971279149222, 0.8543668946199928, 0.40874772706124407, -0.02434694998085286, -0.055338406490817574, 0.19309852583854728, 0.31960235877988785, 0.20793196590950366, 0.14294534044912963, 0.3403048691540057, 0.5074562718250045], "segunda_derivada": [-5.474928487196444, -9.915342216076679, -6.133249439727243, 17.28809963037189, 28.986909710767502, 7.900177379577638, -11.01434446848367, 10.268810507726933, 47.48289189342874, 45.00030170402582, 8.942520450497751, 20.91421766179746, 130.3444878463513, 262.4857825489103, 298.05889882055857, 258.0327484830164, 332.3179946029274, 634.7076687414549, 940.0808997256948, 774.0184619868905, -133.02598883343563, -1448.832302197888, -2374.8062361034877, -2282.6314602379503, -1257.497127983359, -13.114856179961057, 738.6771521811843, 819.2009902929753, 556.0564598476171, 350.6686594177111, 308.98006705517827, 287.05789416846136, 181.0140020152526, 58.54056977503286, 29.85355835569157, 79.74101669433074, 95.23102165127405, 26.410520972593424, -48.079138267274836, -32.92209170412798, 52.064440497524615, 98.55110639288476, 52.04902847971782, -24.387338786097477, -42.05103570409418, -1.6636268332261757, 19.812757834119132, -14.84612556484818, -40.88129008525587, -37.49333362519704], "sigma": 0.00022520064721098798, "center": 5795.757614969999, "fwhm": 0.034496103349365925, "statistics": {"wv_mean": 5795.747814999999, "wv_std": 0.06433517313697916, "wv_min": 5795.63859, "wv_max": 5795.85704, "wv_kurt": -1.2009603841536536, "wv_skew": 4.24103633249196e-11, "int_mean": 0.10648871045611205, "int_std": 0.12157930715769044, "int_max": 0.4598695981158334, "int_min": 0.02331, "int_kurt": 1.8791386665595695, "int_skew": 1.7545466886056287}}