{"x": [5706.42334, 5706.408081632653, 5706.392823265306, 5706.377564897959, 5706.362306530613, 5706.347048163266, 5706.331789795919, 5706.316531428572, 5706.3012730612245, 5706.286014693877, 5706.270756326531, 5706.255497959184, 5706.240239591837, 5706.22498122449, 5706.209722857143, 5706.194464489796, 5706.17920612245, 5706.1639477551025, 5706.148689387755, 5706.133431020408, 5706.118172653061, 5706.102914285714, 5706.087655918368, 5706.072397551021, 5706.057139183674, 5706.041880816327, 5706.02662244898, 5706.011364081633, 5705.996105714286, 5705.980847346939, 5705.965588979592, 5705.950330612245, 5705.935072244898, 5705.919813877551, 5705.904555510205, 5705.889297142858, 5705.874038775511, 5705.8587804081635, 5705.843522040816, 5705.828263673469, 5705.813005306123, 5705.797746938776, 5705.782488571429, 5705.767230204082, 5705.751971836735, 5705.736713469388, 5705.721455102042, 5705.7061967346945, 5705.690938367347, 5705.67568], "y": [0.08984, 0.09970868221888624, 0.10897971659728763, 0.11644543754604691, 0.13300835562110566, 0.14113765876333792, 0.15935835248034513, 0.18045238339595127, 0.19893862712873453, 0.22981883387567936, 0.26307087061140944, 0.3031707160306116, 0.3656060969268123, 0.4376201914041534, 0.5211557522245535, 0.6473969645076245, 0.799493613746552, 0.9949969328515669, 1.227667066595568, 1.481129987833465, 1.6762497188905763, 1.7777902840050503, 1.7894248027195472, 1.7343922960287095, 1.5796720382865013, 1.3574458782907357, 1.117198674950428, 0.9113757152291384, 0.7410179392409779, 0.6115034891843051, 0.5122409718209496, 0.4339091811682988, 0.37324454033630444, 0.3196765029158513, 0.2784902078650237, 0.2481581668214147, 0.22422047511890741, 0.20162593424443281, 0.18270649584214269, 0.1641946146662405, 0.15380948057346566, 0.14369092388535235, 0.13092152220536846, 0.11976216566541391, 0.1177105942569638, 0.10679259641747854, 0.10274745239441875, 0.09563451026706822, 0.09175170789167056, 0.08976], "primeira_derivada": [-0.6467718330801727, -0.6271875673822135, -0.5484451562360542, -0.7873922051405198, -0.8091370674314196, -0.8634605610104698, -1.2883005022198035, -1.2970022856326515, -1.6176845581435069, -2.101543435996416, -2.4036609058019947, -3.3599671571341725, -4.405762173474221, -5.0971919786501765, -6.874155285805114, -9.120827123860943, -11.390470567634438, -14.030775479093247, -15.93004821301214, -14.699562610171474, -9.72123325593605, -3.7086236442573566, 1.4221045735249949, 6.873368547949122, 12.35212159870868, 15.154746009715097, 14.617231087530207, 12.327031036923948, 9.826484683206159, 7.496770860733723, 5.81957112370574, 4.554760949282674, 3.7432798560277956, 3.1049957809605773, 2.3435776079352584, 1.7783597521158236, 1.5248103390912546, 1.3603676701586858, 1.2265833796870127, 0.9469235669914143, 0.6718835087363841, 0.7500133483306949, 0.7841192204782782, 0.43290765151641913, 0.4249985910324557, 0.4903257839655909, 0.3656382723303925, 0.36031851418386757, 0.19250127269316447, 0.13053217597692507], "segunda_derivada": [-1.283509909839591, -3.222057596577954, 5.249730659712071, 8.542588642450687, 2.492676776678157, 15.70166138646072, 14.206687870342321, 10.793555051831365, 26.363933049408157, 25.755584781878866, 41.23716818940966, 65.60666754606699, 56.92695627254115, 80.886541009976, 131.850120451415, 147.99470936928537, 160.8936344135122, 148.75699156123363, 21.9154223995629, -203.456071539048, -360.16104200074466, -365.1549859926661, -346.7603037667706, -358.16469667281336, -271.3716767130687, -74.22515913060437, 92.66112515409318, 156.98751693055084, 158.28233999282617, 131.3021723869211, 96.40644521553865, 68.03779265657498, 47.5072180182782, 45.86671090997999, 43.4724108650309, 26.830107383681057, 13.697143096929446, 9.772571095595403, 13.548110809057093, 18.176907736890087, 6.452532377396787, -3.6778414488533007, 10.391206660613365, 11.767990023990949, -1.88152936493998, 1.9451726830775307, 4.260195957676175, 5.67351000597976, 7.529846836817983, 4.061318967266132], "sigma": 0.018939914361057353, "center": 5706.090228134916, "fwhm": 0.15990870493102965, "statistics": {"wv_mean": 5706.04951, "wv_std": 0.2201915108606077, "wv_min": 5705.67568, "wv_max": 5706.42334, "wv_kurt": -1.2009603841538312, "wv_skew": 6.195679852540689e-12, "int_mean": 0.5177223024308486, "int_std": 0.5287127902526859, "int_max": 1.7894248027195472, "int_min": 0.08976, "int_kurt": 0.2669295821881228, "int_skew": 1.2815817937514007}}