{"x": [5497.19874, 5497.195319387755, 5497.19189877551, 5497.188478163265, 5497.185057551021, 5497.181636938775, 5497.178216326531, 5497.174795714285, 5497.171375102041, 5497.167954489796, 5497.164533877551, 5497.161113265306, 5497.1576926530615, 5497.154272040816, 5497.1508514285715, 5497.147430816326, 5497.1440102040815, 5497.140589591837, 5497.1371689795915, 5497.133748367347, 5497.130327755102, 5497.126907142857, 5497.123486530612, 5497.120065918368, 5497.116645306122, 5497.113224693878, 5497.109804081632, 5497.106383469388, 5497.102962857143, 5497.099542244898, 5497.096121632653, 5497.092701020409, 5497.089280408163, 5497.085859795919, 5497.082439183674, 5497.079018571429, 5497.075597959184, 5497.072177346939, 5497.068756734694, 5497.0653361224495, 5497.061915510204, 5497.0584948979595, 5497.055074285715, 5497.051653673469, 5497.048233061225, 5497.044812448979, 5497.041391836735, 5497.03797122449, 5497.034550612245, 5497.03113], "y": [0.09838, 0.10642263310319951, 0.11451016185630972, 0.1223138756935025, 0.12982843666520402, 0.13712912989682732, 0.14463984302253577, 0.15307582531099154, 0.16329009300916, 0.17647550853132918, 0.1938225149589347, 0.21657231126157292, 0.2460846738315538, 0.28319544833630234, 0.3289654819059901, 0.38371094247848736, 0.44727293123533807, 0.5192470989657181, 0.5974490462671639, 0.679604439130281, 0.7609144788134056, 0.8364248486986995, 0.8990797772621283, 0.9424752682934715, 0.9612979751767662, 0.9530390275080756, 0.918765305936369, 0.8630048836515629, 0.7920360518464705, 0.7123076594633333, 0.6302974700100097, 0.5501507957948916, 0.47559732975312313, 0.4086588552802475, 0.35022543653738897, 0.3010499001912828, 0.2605672246981068, 0.22832085897494436, 0.20332818186574647, 0.1843405859323585, 0.1702200028279376, 0.15957515440001832, 0.15123650853045428, 0.1441615248954128, 0.13747827564287038, 0.1306680514245422, 0.12341589261174724, 0.11569126364391973, 0.10769062700503629, 0.09973], "primeira_derivada": [-2.3512261923298885, -2.35778870870949, -2.3228652434211687, -2.239113017455146, -2.1655851558362293, -2.165022705941668, -2.3309709303405417, -2.7261567010172714, -3.420394003674796, -4.463005415818086, -5.861056421807628, -7.63929892314271, -9.73848134525411, -12.114908404975651, -14.692617423804238, -17.293314888581897, -19.811680891779336, -21.951642611781214, -23.43985939922818, -23.894177541827606, -22.92285683611897, -20.195989570336778, -15.501672217249798, -9.094599659085329, -1.544132812776224, 6.217113515637524, 13.16053054360221, 18.524352517837787, 22.02781452474273, 23.641759172275155, 23.702900544576107, 22.612931425159893, 20.682253699042914, 18.32594346455714, 15.729487498325309, 13.105579559640345, 10.630997611971964, 8.366783302591966, 6.428713618827802, 4.839510687906833, 3.620029070596601, 2.7748679096421407, 2.2530512669328355, 2.0110775355581167, 1.9723769466358247, 2.055535971907202, 2.1891969492402326, 2.2986039457785856, 2.333100407275083, 2.327252092870417], "segunda_derivada": [1.9185209870104085, -4.145595419373218, -17.347141791285274, -22.990049198845995, -10.829978115992263, 24.174879036003272, 82.0224502052821, 159.24387146247457, 253.87980142533146, 356.7581244694174, 464.28727955930214, 566.773525648788, 654.2117552733016, 724.1592620998133, 756.9414643771061, 748.267137768216, 680.9201672326359, 530.3405132725952, 283.94550315969366, -75.571641294968, -540.5739830475078, -1084.7743163081561, -1622.7197234831813, -2040.21069983017, -2238.1538856188076, -2149.419797265148, -1798.9818957350235, -1296.154510827475, -748.0249569217684, -244.85178381116546, 150.38649130039437, 441.535992561112, 626.6404452679911, 723.959023505672, 763.0744923711114, 745.2598425607903, 692.6824670003439, 614.2590408012633, 515.590830311303, 410.5528991673363, 301.79433247328785, 199.81478547300696, 111.64527274299226, 41.02691275612553, -6.498608021701205, -31.693157112559287, -35.52989296848548, -21.034751636177585, -4.187575942528171, 1.7097273781842603], "sigma": 0.005715160411371656, "center": 5497.115965885668, "fwhm": 0.052232051120659165}