{"x": [5468.24138, 5468.2366142857145, 5468.231848571429, 5468.227082857144, 5468.222317142858, 5468.217551428572, 5468.212785714286, 5468.20802, 5468.203254285714, 5468.198488571429, 5468.193722857143, 5468.188957142857, 5468.1841914285715, 5468.179425714286, 5468.174660000001, 5468.169894285715, 5468.165128571429, 5468.160362857143, 5468.155597142857, 5468.150831428571, 5468.146065714286, 5468.1413, 5468.136534285714, 5468.131768571428, 5468.1270028571425, 5468.122237142858, 5468.117471428572, 5468.112705714286, 5468.10794, 5468.103174285714, 5468.098408571429, 5468.093642857143, 5468.088877142857, 5468.084111428571, 5468.079345714285, 5468.0745799999995, 5468.0698142857145, 5468.065048571429, 5468.060282857143, 5468.055517142857, 5468.050751428571, 5468.045985714286, 5468.04122, 5468.036454285714, 5468.031688571428, 5468.026922857142, 5468.0221571428565, 5468.0173914285715, 5468.012625714286, 5468.00786], "y": [0.04772, 0.0501170217602446, 0.05041642919165487, 0.054010520428207004, 0.06322023391406288, 0.07388828144364563, 0.0803770423577797, 0.08302498819812171, 0.08822751212796115, 0.10124433293931975, 0.12127500322920157, 0.14481520549035196, 0.17206194219023166, 0.20763245682557263, 0.25604303528874506, 0.3206486190063958, 0.4070688363830287, 0.522999367931623, 0.6666709153000623, 0.8135560084673015, 0.9181830867462127, 0.9407103548747626, 0.8735584902275276, 0.7465494492811138, 0.6048560478640526, 0.4818277500528729, 0.38715159156910417, 0.3152094364870257, 0.2588137846630662, 0.21428318583841827, 0.17974040509275752, 0.15341906306782138, 0.13398840971675316, 0.12002340546101453, 0.10906568300422327, 0.09830906940291768, 0.0874246031970319, 0.0791441358710607, 0.07546312800516151, 0.07428122612690688, 0.07120079644556246, 0.06493356388026912, 0.058898226822638934, 0.056797609192711415, 0.05791736186674908, 0.05827629018531691, 0.05570863062989411, 0.051878365568471745, 0.049123024419565155, 0.04731], "primeira_derivada": [-0.5029721918787516, -0.28289874611611915, -0.4084905677053758, -1.343324836061232, -2.085496509334344, -1.8000248666285663, -0.9585873393121136, -0.8236404135069495, -1.9115019963386333, -3.4672127955931304, -4.571284590012672, -5.328365897987303, -6.590538958780719, -8.81096600304809, -11.857211260659682, -15.845033087827442, -21.229844760533744, -27.236429141940043, -30.48406000708224, -26.38766786906781, -13.340533946393373, 4.681837164552395, 20.37059860767295, 28.19120348430623, 27.773559572903917, 22.8406953559981, 17.48093817321115, 13.464697966249355, 10.588785289469854, 8.29606800095866, 6.385624391766426, 4.800119418763052, 3.503741055736995, 2.6147944691409686, 2.2781827398217454, 2.270496982299806, 2.0107094533978787, 1.2549509343512233, 0.510197365224585, 0.44718706408963693, 0.9807199599853668, 1.2907372207046224, 0.8535923682665112, 0.10290849356966834, -0.15513739430224016, 0.23173139474517057, 0.6712450887363491, 0.6909359034015473, 0.4792949487123513, 0.38043078346745335], "segunda_derivada": [-46.17848082373914, -9.912640425487416, 111.25573486274374, 175.94486798676888, 47.91517107089271, -118.2308781453254, -102.438416840405, 99.9760581374757, 277.35321756094777, 279.05392920845264, 195.26486385288615, 211.85222693105018, 365.38070645233705, 552.5585448931481, 737.986654620569, 983.3398455729533, 1195.140473257804, 970.9158681561742, -89.04869469244701, -1798.6313314106217, -3259.690276496353, -3536.839446485383, -2466.510255276209, -776.6895496799949, 561.3542700885599, 1079.8613579434766, 983.6927716689048, 723.0975747055954, 542.27232847214, 440.97911099541943, 366.7811762106599, 302.3558655791381, 229.27569914229295, 128.5807585593679, 36.12233824635241, 28.062245279895638, 106.54709736283726, 157.42782699062138, 84.74740844748835, -49.36538014389119, -88.50196487776003, 13.33772694968699, 124.62231848964308, 105.83195949809902, -13.515592149194811, -86.70080007569686, -48.17793106683627, 20.138653780653204, 32.57697601103318, 20.744878797602222], "sigma": 0.0009452753955294657, "center": 5468.141081312302, "fwhm": 0.04169629054778746, "statistics": {"wv_mean": 5468.1246200000005, "wv_std": 0.06877340183548541, "wv_min": 5468.00786, "wv_max": 5468.24138, "wv_kurt": -1.2009603841533565, "wv_skew": -1.9836763326709047e-11, "int_mean": 0.2349812785606899, "int_std": 0.25648619005402173, "int_max": 0.9407103548747626, "int_min": 0.04731, "int_kurt": 1.1592701269831513, "int_skew": 1.551692638217838}}