{"x": [5779.71548, 5779.7075242857145, 5779.699568571428, 5779.691612857143, 5779.683657142857, 5779.675701428571, 5779.667745714286, 5779.65979, 5779.651834285714, 5779.643878571428, 5779.635922857143, 5779.627967142857, 5779.620011428571, 5779.612055714286, 5779.6041, 5779.596144285714, 5779.588188571428, 5779.580232857143, 5779.572277142857, 5779.564321428571, 5779.556365714286, 5779.548409999999, 5779.540454285714, 5779.532498571429, 5779.5245428571425, 5779.516587142857, 5779.508631428571, 5779.5006757142855, 5779.49272, 5779.484764285714, 5779.476808571429, 5779.468852857142, 5779.460897142857, 5779.452941428572, 5779.444985714285, 5779.43703, 5779.429074285714, 5779.421118571428, 5779.413162857142, 5779.405207142857, 5779.3972514285715, 5779.389295714285, 5779.38134, 5779.373384285714, 5779.365428571428, 5779.357472857143, 5779.349517142857, 5779.341561428571, 5779.333605714285, 5779.32565], "y": [0.16213, 0.16677818669689534, 0.17217881070153826, 0.1782784533463258, 0.185243294882867, 0.19338430217475303, 0.20304063856844828, 0.21454411608710047, 0.22813528903323038, 0.24426180560481162, 0.2635746295517644, 0.28698799647079754, 0.315684661967571, 0.35090550507535007, 0.3944945441425901, 0.44891303022986084, 0.5179257710226625, 0.6067273812437983, 0.7210779335250351, 0.8656581034975896, 1.0417611245941871, 1.2400624614130291, 1.4343566453413612, 1.5757080585202898, 1.6109452627482377, 1.5259483413989012, 1.3599315778101562, 1.166590797733805, 0.982809756058207, 0.8246485507077702, 0.6954559321823989, 0.5923066667983924, 0.5106345932829653, 0.4454977831318636, 0.3933765276755742, 0.35151940943656246, 0.31796394670648054, 0.29112926614078244, 0.2693703313903253, 0.25134471829686394, 0.2359646024089625, 0.22261528946395123, 0.2110101184124343, 0.20099996535724576, 0.19237933673471314, 0.18484331241667634, 0.17806947946377522, 0.17191203943301214, 0.16640393735392495, 0.16174], "primeira_derivada": [-0.5842576203946745, -0.631546731100879, -0.7227677010697853, -0.8210755007032108, -0.9493709983646991, -1.1185258197599053, -1.3298500393683674, -1.577146285254057, -1.8676946186187309, -2.2272884146802507, -2.6852517155306144, -3.2750065263669126, -4.0170817043193106, -4.953036229298227, -6.159567930276904, -7.757394398916055, -9.91830182335925, -12.767688432238211, -16.273254226586136, -20.15426770928414, -23.530530664213142, -24.673807193399544, -21.094623629556537, -11.098225191550739, 3.1272941268270493, 15.775684993246431, 22.584869865584334, 23.701317582926183, 21.490354903543334, 18.059586704158324, 14.602201358845923, 11.61563451501351, 9.226631223859373, 7.369424126799819, 5.906344189801363, 4.739522955449924, 3.795394173693133, 3.0540070677810247, 2.500375605175547, 2.0994801838786685, 1.805584501959411, 1.5683371159438861, 1.3584779021846007, 1.1709056540012037, 1.0154118386536322, 0.899344594141629, 0.8127034555995848, 0.7331549180111238, 0.639291399087124, 0.5862374120846076], "segunda_derivada": [5.944043364317002, 8.705068815904207, 11.911486687036634, 14.241543194895314, 18.69413030503325, 23.91231178981365, 28.823336850644136, 33.802406668273456, 40.860072777291315, 51.38175326200402, 65.84689156174757, 83.70272868936267, 105.46065649482522, 134.65077735269202, 176.24804441654655, 236.22856214127455, 314.8864987689008, 399.3954643980553, 464.2310552951049, 456.10464233117244, 284.04360197943635, -153.09166136123144, -853.196929586619, -1522.2968602340868, -1688.9690365556582, -1222.8679311352578, -498.1094283279332, 68.78797571056774, 354.57098357831615, 432.9060406928214, 404.98891473811733, 337.84333762348354, 266.86544010484, 208.67309425532068, 165.2837870286629, 132.66879253546102, 105.93114754494673, 81.38920793253904, 59.990017842027896, 43.66616737959203, 33.381230701236596, 28.09971447647886, 24.977735981047203, 21.560984419923763, 17.067044524199666, 12.739797821540341, 10.44467348627313, 10.898584984505742, 9.233457905141135, 6.668664195275143], "sigma": 2.579181643369566e-06, "center": 5779.525034362687, "fwhm": 0.09345618159927857}