{"x": [5800.12548, 5800.118484897959, 5800.111489795918, 5800.104494693877, 5800.097499591837, 5800.090504489795, 5800.083509387755, 5800.076514285714, 5800.069519183673, 5800.062524081633, 5800.055528979592, 5800.048533877551, 5800.04153877551, 5800.034543673469, 5800.027548571428, 5800.020553469388, 5800.013558367346, 5800.006563265306, 5799.999568163265, 5799.992573061224, 5799.9855779591835, 5799.978582857143, 5799.971587755102, 5799.964592653061, 5799.957597551021, 5799.950602448979, 5799.943607346939, 5799.936612244898, 5799.929617142857, 5799.922622040816, 5799.915626938776, 5799.9086318367345, 5799.901636734694, 5799.8946416326535, 5799.887646530612, 5799.880651428572, 5799.873656326531, 5799.86666122449, 5799.859666122449, 5799.852671020408, 5799.845675918367, 5799.838680816327, 5799.831685714285, 5799.824690612245, 5799.817695510204, 5799.810700408163, 5799.8037053061225, 5799.796710204082, 5799.789715102041, 5799.78272], "y": [0.05101, 0.055887098551347755, 0.059701228108743856, 0.06422476475343716, 0.0720779447169558, 0.07959594780654414, 0.08502270782684976, 0.09411243009513201, 0.10821349035085613, 0.12201760810936442, 0.13664363669122032, 0.15721620774759004, 0.1815102107304894, 0.2067467210741522, 0.23869771911627993, 0.2823004165905429, 0.33622638061170274, 0.40207599327141796, 0.48578343374303273, 0.5890777591140246, 0.7077338756833959, 0.832829648496991, 0.944310983555256, 1.011116276461697, 1.0085905832171524, 0.9379033906158522, 0.8260413035139519, 0.7049649963465354, 0.5920261696209428, 0.49195909635973495, 0.40839339549136716, 0.34326353567131773, 0.2920599356727117, 0.24936531312644766, 0.2143116983273375, 0.18624517451272682, 0.1633399567868892, 0.14494807115522557, 0.12972404029736387, 0.11557025143437198, 0.10343837967598898, 0.09443371474150632, 0.08627492878587081, 0.07864408829811685, 0.07350220493044629, 0.06887857451338847, 0.06288673825904442, 0.05867601318889562, 0.05634642289817808, 0.05168], "primeira_derivada": [-0.6972162125893866, -0.6212366923219466, -0.5959645873129807, -0.8846701975588596, -1.0987104236028933, -0.9252733579954272, -1.037617621913057, -1.6576443337250715, -1.9946226553156685, -2.032146648883387, -2.5159461171680304, -3.2069992529515705, -3.5403710365218783, -4.087682213285828, -5.400471292559036, -6.9712107789517095, -8.561388810324855, -10.690126624716267, -13.366621726744036, -15.864703662731706, -17.42304029104917, -16.91019705552848, -12.743675997940787, -4.594614866931961, 5.233153527803391, 13.048364315104921, 16.65010695490516, 16.72707077918152, 15.22536045506974, 13.125810965058747, 10.6285483626986, 8.315351165550625, 6.711712138102906, 5.557334038179182, 4.511738230853787, 3.6433879910111395, 2.9518585372855424, 2.402818164249262, 2.0998850015974657, 1.8788618427229722, 1.510809747342915, 1.2268191936051074, 1.1286201652930867, 0.9129762354779827, 0.6980251129694321, 0.758778543133727, 0.7292646529982584, 0.4674924913591138, 0.5000651275666937, 0.667098617170454], "segunda_derivada": [-10.861817286957223, -7.237322964248684, 18.82985435343832, 35.93556129558546, 2.902256478811515, -4.366827055004064, 52.34884148153099, 68.4053661977144, 26.768895790665045, 37.263463694643534, 83.97680242483369, 73.22444428668226, 62.94997236488693, 132.9573353718757, 206.11054341841205, 225.93791336160726, 265.8228446129646, 343.4712523565679, 369.8714477448479, 289.94706156969977, 74.73038897394834, -334.47434116882505, -880.3003956558869, -1284.9583481187597, -1261.0951976656463, -816.067682806626, -262.94873489923634, 101.83886464383113, 257.41295788414504, 328.5736266434913, 343.8448625445223, 279.96991335281984, 197.13916333218108, 157.25102324250946, 136.80615636231263, 111.49799420643247, 88.67417655240284, 60.897863297847685, 37.45165677779125, 42.10626598485381, 46.6070863114995, 27.318370755184134, 22.433050746795928, 30.778325307560564, 11.021832951231511, -2.2329581359902853, 20.820714986607076, 16.382857897564065, -14.26756354967623, -23.878635170277597], "sigma": 2.2435308898227646e-05, "center": 5799.96069573071, "fwhm": 0.07486129516111481, "statistics": {"wv_mean": 5799.9541, "wv_std": 0.10094540601679358, "wv_min": 5799.78272, "wv_max": 5800.12548, "wv_kurt": -1.2009603841525573, "wv_skew": 1.6864387721603475e-17, "int_mean": 0.2969520092129677, "int_std": 0.2897108008216873, "int_max": 1.011116276461697, "int_min": 0.05101, "int_kurt": 0.2639129194582539, "int_skew": 1.2487821189332646}}