{"x": [5647.29241, 5647.283204897959, 5647.273999795919, 5647.264794693878, 5647.255589591837, 5647.246384489796, 5647.2371793877555, 5647.2279742857145, 5647.218769183673, 5647.209564081632, 5647.200358979592, 5647.191153877551, 5647.18194877551, 5647.172743673469, 5647.163538571429, 5647.154333469388, 5647.145128367347, 5647.135923265307, 5647.126718163266, 5647.117513061225, 5647.108307959184, 5647.099102857143, 5647.089897755102, 5647.080692653061, 5647.07148755102, 5647.06228244898, 5647.053077346939, 5647.043872244898, 5647.034667142857, 5647.025462040817, 5647.016256938776, 5647.007051836735, 5646.997846734694, 5646.9886416326535, 5646.9794365306125, 5646.970231428571, 5646.961026326531, 5646.95182122449, 5646.942616122449, 5646.933411020408, 5646.924205918368, 5646.915000816327, 5646.905795714286, 5646.896590612245, 5646.887385510205, 5646.878180408164, 5646.868975306123, 5646.8597702040815, 5646.850565102041, 5646.84136], "y": [0.07636, 0.08353401020701276, 0.09061094098180751, 0.09489231838865451, 0.10908178372066729, 0.12383439012723378, 0.13753880632809923, 0.15884964508335866, 0.17932278868874804, 0.206710924778049, 0.24378918124946078, 0.28535876341777233, 0.3427588643170998, 0.4189754321082177, 0.515761928367105, 0.6432084906565272, 0.8046539496460621, 1.0011860229296785, 1.2180042215229423, 1.4068312133142251, 1.5107097157376936, 1.505788053747046, 1.3963562063457857, 1.2058259082056442, 0.9956900724962642, 0.8141767711493084, 0.6612942660126077, 0.5384361328076657, 0.4464876706766095, 0.3725711991616425, 0.315538019245222, 0.2778540205900512, 0.24905355912733765, 0.21656316125823008, 0.19051214135948596, 0.17558427614067024, 0.15845265300542594, 0.14557218790532878, 0.13654312615026812, 0.12310071531870345, 0.11399429625718398, 0.10864972343646638, 0.10391138192112385, 0.09809865777651078, 0.08842590154640215, 0.08480445155477245, 0.08438314417023543, 0.07912307729770775, 0.07928378924205765, 0.07633], "primeira_derivada": [-0.7793515134345845, -0.774078381693021, -0.6169572119651492, -1.0032937525563355, -1.5720668608294566, -1.545720106193908, -1.9019482240230208, -2.269609949694744, -2.5997147821528395, -3.5016663735178994, -4.271969951711164, -5.375805864306349, -7.257750543914217, -9.397129075105934, -12.17982470804792, -15.691951050114449, -19.44451732823863, -22.452237359995227, -22.033715029748784, -15.899090140957103, -5.37510828214636, 6.211419975986634, 16.293254773477685, 21.763264114983222, 21.273481561045976, 18.16361214731313, 14.977598135900966, 11.66780087705991, 9.00940222685908, 7.112884292530204, 5.144819587506627, 3.611283167823229, 3.329178702284764, 3.179835351616627, 2.2258789166492345, 1.7413977711855937, 1.6301876993314646, 1.1900751755629988, 1.2205987769832474, 1.2248006482513651, 0.7849446871151282, 0.5476807476492168, 0.5731096522831755, 0.8411357259500244, 0.7221107470133715, 0.21959329500844935, 0.30859920029827953, 0.2769852471862203, 0.15171354349956118, 0.32088609435126336], "segunda_derivada": [-0.5728488090677962, -8.82088545858852, 12.450452469317273, 51.879362369092895, 29.46335364988792, 17.918397956846647, 39.320033624198615, 37.901076762542985, 66.92247507570836, 90.83305987176392, 101.7989525006441, 162.18074383574125, 218.42904037707507, 267.3557632727209, 341.92027134774037, 394.60141711592445, 367.20322491085585, 140.63927211731834, -355.95190524851694, -904.8572559713137, -1200.9921247712703, -1176.9757119509807, -844.7404531553242, -270.51448019579755, 195.52482698154782, 341.9779268811507, 352.8375482034125, 324.1786936432787, 247.41260685876873, 209.91525255825363, 190.19893039160888, 98.62144260459446, 23.43525440043151, 59.92871022883751, 78.13262547314588, 32.35657870443304, 29.946577082533484, 22.247929491798374, -1.8862079167349513, 23.663729524496784, 36.77959775002665, 11.506392535751282, -15.939800395048467, -8.09339723085498, 33.760757251818866, 22.4609974376713, -3.1173990207727846, 8.521668532669453, -2.384593183836131, -18.378128791757483], "sigma": 0.0006985231626630561, "center": 5647.102470473751, "fwhm": 0.08888686940099554, "statistics": {"wv_mean": 5647.066885, "wv_std": 0.13283762803098287, "wv_min": 5646.84136, "wv_max": 5647.29241, "wv_kurt": -1.2009603841536578, "wv_skew": 2.960239917898682e-17, "int_mean": 0.4098875591095234, "int_std": 0.4288086306052793, "int_max": 1.5107097157376936, "int_min": 0.07633, "int_kurt": 0.654590655398902, "int_skew": 1.3977384463959799}}