{"x": [5749.9429, 5749.9356553061225, 5749.928410612245, 5749.9211659183675, 5749.91392122449, 5749.9066765306125, 5749.899431836735, 5749.892187142857, 5749.88494244898, 5749.877697755102, 5749.870453061225, 5749.863208367347, 5749.85596367347, 5749.8487189795915, 5749.841474285714, 5749.834229591836, 5749.826984897959, 5749.819740204081, 5749.812495510204, 5749.805250816326, 5749.798006122449, 5749.790761428571, 5749.783516734694, 5749.776272040816, 5749.769027346939, 5749.761782653061, 5749.754537959184, 5749.747293265306, 5749.740048571429, 5749.732803877551, 5749.725559183674, 5749.718314489796, 5749.711069795919, 5749.703825102041, 5749.696580408164, 5749.689335714286, 5749.682091020409, 5749.67484632653, 5749.667601632653, 5749.660356938775, 5749.653112244898, 5749.64586755102, 5749.638622857143, 5749.631378163265, 5749.624133469388, 5749.61688877551, 5749.609644081633, 5749.602399387755, 5749.595154693878, 5749.58791], "y": [0.06644, 0.07325744320084294, 0.0748165602563682, 0.08051961408927057, 0.09502418853986887, 0.1067009434280059, 0.11645372368524025, 0.13522797693287403, 0.15635254699756387, 0.17392278269737937, 0.2003791361381819, 0.23979211564628017, 0.28587858716444137, 0.34525130614248495, 0.42372284622063155, 0.5179868334033212, 0.6399837732306878, 0.8030319870874463, 0.9872929946729655, 1.157332398378591, 1.2824129895583838, 1.3245233596085326, 1.2590714164875831, 1.1124289836219863, 0.9360341451744498, 0.7650604618409795, 0.61878619672126, 0.5067962539480872, 0.4203469021909898, 0.34791117130445604, 0.29252227786862933, 0.2555244853006578, 0.224328299092794, 0.19367410720854739, 0.1714085920082454, 0.15675256059965545, 0.1414158699167918, 0.1274985505776277, 0.11832600018728906, 0.10936016345325375, 0.10103568191829083, 0.0956175278514746, 0.08816052877563668, 0.08064637660798986, 0.07954507526441187, 0.07746000333791885, 0.06949597511811292, 0.06650273062586917, 0.06945803688716584, 0.06695], "primeira_derivada": [-0.9410257101416636, -0.5781169223983175, -0.5012061938856887, -1.3946502519748722, -1.8069313749757312, -1.4789814109258321, -1.9688225608417491, -2.753658331664115, -2.670561822123806, -3.0385403362101115, -4.546039768041846, -5.900832559100752, -7.278374509167621, -9.513463327653538, -11.921520093282531, -14.925470328111418, -19.672684484916385, -23.96990316736757, -24.45240732607122, -20.368010013616, -11.53885616540376, 1.6109426751115312, 14.637911523422362, 22.294749562569145, 23.973995841242523, 21.895193490371575, 17.824369963693517, 13.695492030815096, 10.965617411169125, 8.8219479306896, 6.376162165429527, 4.706477590967047, 4.26866746461944, 3.6523080187575876, 2.548178517487693, 2.0699785662828787, 2.0189955928300374, 1.5935711100045078, 1.25183944491301, 1.1933091005178924, 0.9484621320191801, 0.8885919377920689, 1.0332494027083745, 0.5946043861128447, 0.21991082880413615, 0.6935489833113987, 0.7562274471019794, 0.0026183460328706642, -0.030868755926271186, 0.3461894911738918], "segunda_derivada": [-50.093046563351905, -30.354596321958883, 56.353887643985644, 90.1159664691584, 5.820201679794288, 11.173086717202787, 87.97313884409176, 48.43125694106144, 19.66142457932983, 129.43803959337228, 197.54404197643976, 188.57489269545397, 249.32942850358302, 320.4514685042301, 373.5152300401876, 534.9545834984109, 624.2108356940363, 329.87748840517816, -248.58836098879218, -891.2420165022618, -1516.9000278229323, -1806.6165480150385, -1427.5142081342312, -644.3394624859419, 27.575773314447392, 424.4227555728351, 565.9108306156996, 473.3638624687898, 336.35265909954745, 316.7459745943677, 284.033418754814, 145.4509145895334, 72.75459736690466, 118.74131441721067, 109.20609477970957, 36.522103873871714, 32.87975063566099, 52.94607065802823, 27.62449430259277, 20.93789730961652, 21.03036842396912, -5.8516807005746205, 20.289853280885747, 56.13339829506823, -6.8287631521402, -37.01444307831572, 47.685288637481186, 54.32225407561042, -23.711915986372887, -52.04612554723297], "sigma": 0.0003394819165043472, "center": 5749.790479622006, "fwhm": 0.06993814681320625, "statistics": {"wv_mean": 5749.765405, "wv_std": 0.10454723328844594, "wv_min": 5749.58791, "wv_max": 5749.9429, "wv_kurt": -1.2009603841525918, "wv_skew": 4.5542186537829734e-17, "int_mean": 0.3567684496193903, "int_std": 0.3720133680625934, "int_max": 1.3245233596085326, "int_min": 0.06644, "int_kurt": 0.6344594197471229, "int_skew": 1.388023773641045}}