{"x": [5621.13001, 5621.125820612245, 5621.12163122449, 5621.1174418367345, 5621.113252448979, 5621.109063061224, 5621.104873673469, 5621.100684285714, 5621.096494897959, 5621.092305510204, 5621.088116122449, 5621.083926734694, 5621.079737346939, 5621.0755479591835, 5621.071358571428, 5621.067169183673, 5621.062979795918, 5621.058790408163, 5621.054601020408, 5621.050411632653, 5621.046222244898, 5621.042032857143, 5621.037843469388, 5621.033654081632, 5621.029464693877, 5621.025275306122, 5621.021085918367, 5621.016896530612, 5621.012707142857, 5621.008517755102, 5621.004328367347, 5621.000138979592, 5620.9959495918365, 5620.991760204081, 5620.987570816326, 5620.983381428571, 5620.979192040816, 5620.975002653061, 5620.970813265306, 5620.966623877551, 5620.962434489796, 5620.958245102041, 5620.9540557142855, 5620.94986632653, 5620.945676938775, 5620.94148755102, 5620.937298163265, 5620.93310877551, 5620.928919387755, 5620.92473], "y": [0.05159, 0.057255908898495175, 0.0645739034740491, 0.07197237076162444, 0.07799136119584817, 0.08293197073432099, 0.08912802241091689, 0.0990651302449664, 0.11342480064336463, 0.13086089303111959, 0.15014329319026912, 0.17218680334137812, 0.2005079448438696, 0.2392527690016532, 0.2908462747070062, 0.3570336929449698, 0.43990009769314264, 0.5423703693927135, 0.6631773752379669, 0.7937341512292667, 0.9147005139954432, 1.0012026637573195, 1.031746940358482, 0.9990458567439207, 0.9119097422750816, 0.7921121908051926, 0.6636311351926187, 0.5452989716017949, 0.44620813507504936, 0.368043437013892, 0.3070591223021485, 0.25918290061430593, 0.22150260291980953, 0.1925673800971817, 0.17067212967216525, 0.15344294781086593, 0.13817426416037534, 0.12321935657796715, 0.10882608111148814, 0.09659876043264821, 0.08788736324093374, 0.08217449780236187, 0.07759097856321968, 0.0724520712041614, 0.0667435276883215, 0.061711910032510635, 0.0583683858123933, 0.05637757924020597, 0.05445836054071988, 0.05189], "primeira_derivada": [-1.3524431801738512, -1.5496182536730403, -1.7563976794935647, -1.601362598323604, -1.308019287465392, -1.32915140183657, -1.9254793843071054, -2.8998005976938495, -3.7947982670511524, -4.382322035262037, -4.932213574633154, -6.010979956705143, -8.004268115138839, -10.781805736776338, -14.057056881378758, -17.789451788571874, -22.11978065552831, -26.647960346086986, -30.000061647465213, -30.019080765560556, -24.761197179141067, -13.969395196281365, 0.25741315193023034, 14.302471517154395, 24.697363676420657, 29.63184856545447, 29.456955721353374, 25.949257126252345, 21.15530298811805, 16.607320795664048, 12.992415928430304, 10.211100569300367, 7.950507855945596, 6.066575382728456, 4.669468974153011, 3.8785936527589104, 3.6071608788267335, 3.502681628494163, 3.1771463637953112, 2.4990188417198875, 1.7215239401879967, 1.2288650847809572, 1.1603636577151248, 1.2946343844253585, 1.281829446148078, 0.9995663287222867, 0.6366480144747741, 0.4666583162311874, 0.5355889097085775, 0.6130634572057422], "segunda_derivada": [47.0653673102794, 48.21163889968201, 6.175645186759587, -53.51359413816878, -32.48818352459136, 73.69335723213374, 187.45569611496012, 223.10167881527764, 176.9377202864265, 135.74958610552136, 194.3789900396087, 366.64719525692556, 569.3941524340918, 722.3953856819186, 836.3568212630654, 962.2794839562505, 1057.2557465850691, 940.5050872093339, 402.3404631578831, -625.2541868368102, -1915.5168377196587, -2985.950667921177, -3374.2241547093636, -2916.888093577732, -1829.5486052373067, -568.053415338941, 439.5142744563279, 990.7954596850003, 1114.9524556667407, 974.2338901121554, 763.383649385284, 601.7476021813974, 494.6456891608905, 391.58930535788926, 261.133828839731, 126.78560179012733, 44.864792451678156, 51.321880447501876, 119.78633220944172, 173.72734498420039, 151.5918114038587, 66.97402046266888, -7.849512087328585, -14.496842442544178, 35.21613096609844, 77.0018758572971, 63.602135161845645, 12.061321447633727, -17.47333375815629, -18.493047678091717], "sigma": 0.005406869019868976, "center": 5621.037075923075, "fwhm": 0.04455485616891999, "statistics": {"wv_mean": 5621.02737, "wv_std": 0.06045650877338061, "wv_min": 5620.92473, "wv_max": 5621.13001, "wv_kurt": -1.2009603841536611, "wv_skew": 0.0, "int_mean": 0.29605493879239037, "int_std": 0.2982537666346925, "int_max": 1.031746940358482, "int_min": 0.05159, "int_kurt": 0.2786707818119627, "int_skew": 1.275560866032675}}