{"x": [5598.47803, 5598.4480514285715, 5598.418072857143, 5598.388094285714, 5598.358115714286, 5598.3281371428575, 5598.298158571429, 5598.26818, 5598.238201428571, 5598.208222857143, 5598.178244285715, 5598.148265714286, 5598.118287142857, 5598.088308571429, 5598.05833, 5598.028351428571, 5597.998372857143, 5597.968394285715, 5597.938415714286, 5597.908437142857, 5597.878458571428, 5597.84848, 5597.818501428572, 5597.788522857143, 5597.758544285714, 5597.728565714286, 5597.698587142857, 5597.668608571428, 5597.63863, 5597.608651428572, 5597.578672857143, 5597.548694285714, 5597.5187157142855, 5597.488737142857, 5597.458758571429, 5597.42878, 5597.3988014285715, 5597.368822857143, 5597.338844285714, 5597.308865714285, 5597.2788871428575, 5597.248908571429, 5597.21893, 5597.188951428571, 5597.1589728571425, 5597.128994285714, 5597.099015714286, 5597.069037142857, 5597.0390585714285, 5597.00908], "y": [0.05155, 0.06133604615045404, 0.06541570868764587, 0.0682608351654969, 0.07497701192132854, 0.08229302556480594, 0.08592104433540756, 0.09386047233836128, 0.1028360839729734, 0.12207392546931808, 0.13871187990297057, 0.1551853193862213, 0.18118906203546847, 0.21459731436131324, 0.25431407046254145, 0.30249764598220025, 0.370828770977947, 0.4523065806558956, 0.562535653642586, 0.6886779542378564, 0.8258785287983815, 0.9454489320095572, 1.0162376730573077, 1.0052405997409561, 0.9177306716937881, 0.7893801858173906, 0.6587823029208214, 0.538924936108372, 0.43733697728463883, 0.3633900564320848, 0.3049218456266036, 0.261264873291592, 0.22203589873718735, 0.19437315880387473, 0.17036620860263388, 0.14876031823532737, 0.12910290103660474, 0.1191527439058175, 0.1126179463490045, 0.10267812953782089, 0.08904934720672694, 0.0825138576662839, 0.07779158185476906, 0.07447641589686149, 0.06603846252521456, 0.06171390045274796, 0.05807367380948478, 0.053738925304345674, 0.05377404637597687, 0.05109], "primeira_derivada": [-0.32643470599390106, -0.23126033074342064, -0.11549564714092578, -0.15946896029650692, -0.23403700928315396, -0.18253091946188382, -0.192928585690884, -0.2821188407489678, -0.4705603333706576, -0.59835733026561, -0.552251030308855, -0.7084590777363132, -0.9909077074659737, -1.219621298515212, -1.4660527075124896, -1.943299746523579, -2.4986002924143236, -3.197398567180025, -3.9423388493330345, -4.392185194379153, -4.282575278514433, -3.174920204493041, -0.997240109897435, 1.6429568966905699, 3.600245169066139, 4.318891068385249, 4.177237903154547, 3.693393565567517, 2.927672522626221, 2.208496358354539, 1.7033030306879002, 1.38241989092895, 1.1156588072708422, 0.8617770572920411, 0.7607574076316547, 0.6882133737448028, 0.49381229522393494, 0.27494563453085136, 0.27477317268375806, 0.39309076482626376, 0.33631142030536587, 0.18776353934546852, 0.13405311504804068, 0.19602534025840207, 0.2128606340441449, 0.13284136528630613, 0.13301126051791978, 0.07171167985322374, 0.0441803124382243, 0.08953216407786421], "segunda_derivada": [-3.174746851321799, -3.5181639551181956, -1.1973781108548214, 1.9771015844742574, 0.3846407294716298, -0.6856301290073509, 1.6609851060422756, 4.6305032969936955, 5.274408926864239, 1.3624848190923666, 1.8363407965274812, 7.316170455286575, 8.525459960527954, 7.924743865399622, 12.06992884448912, 17.221427434797917, 20.916587430741924, 24.079508931089197, 19.927344270550797, 5.6746604819093145, -20.3022514395002, -54.79472523361352, -80.355348364595, -76.6795257388057, -44.630781991338615, -9.623419439117786, 10.432410101742272, 20.840976087169953, 24.765976770536504, 20.420744444897384, 13.777782396828425, 9.80107115534405, 8.683583119941165, 5.91925136406721, 2.8947957704139746, 4.452265396340882, 6.89271902426146, 3.653261514827785, -1.9704929999131826, -1.0263705822147646, 3.424566543673705, 3.3733813123513787, -0.13779510695790434, -1.3143975052891237, 1.0538189773704052, 1.3317741593736765, 1.0195563450937106, 1.4815740685123115, -0.2972203706738886, -1.5128089658128163], "sigma": 3.175576383851464e-06, "center": 5597.805463559722, "fwhm": 0.2984543395196772, "statistics": {"wv_mean": 5597.743555000001, "wv_std": 0.4326168577679968, "wv_min": 5597.00908, "wv_max": 5598.47803, "wv_kurt": -1.2009603841537488, "wv_skew": -6.306999723956119e-12, "int_mean": 0.28122507008665937, "int_std": 0.28489918304012374, "int_max": 1.0162376730573077, "int_min": 0.05109, "int_kurt": 0.5919715484168813, "int_skew": 1.366357666400825}}