{"x": [5795.79584, 5795.7939375510205, 5795.79203510204, 5795.790132653061, 5795.788230204082, 5795.786327755101, 5795.784425306122, 5795.782522857143, 5795.7806204081635, 5795.778717959183, 5795.776815510204, 5795.774913061225, 5795.773010612244, 5795.771108163265, 5795.769205714286, 5795.767303265306, 5795.765400816326, 5795.763498367347, 5795.761595918367, 5795.7596934693875, 5795.757791020408, 5795.755888571429, 5795.753986122449, 5795.752083673469, 5795.75018122449, 5795.74827877551, 5795.7463763265305, 5795.744473877551, 5795.742571428571, 5795.740668979592, 5795.738766530612, 5795.736864081633, 5795.734961632653, 5795.7330591836735, 5795.731156734694, 5795.729254285714, 5795.727351836735, 5795.725449387755, 5795.723546938775, 5795.721644489796, 5795.7197420408165, 5795.717839591836, 5795.715937142857, 5795.714034693878, 5795.712132244898, 5795.710229795918, 5795.708327346939, 5795.70642489796, 5795.704522448979, 5795.70262], "y": [0.01967, 0.02403369750507207, 0.029772899789067952, 0.036048615620265345, 0.042034006136316755, 0.04712578938292025, 0.05136887376307474, 0.05538671952874917, 0.06055104505445591, 0.06878187231548526, 0.08208372982113493, 0.10210573095718704, 0.12995364128046843, 0.165342776451132, 0.20663203145847275, 0.25128294224021547, 0.295290949770605, 0.33440022837785194, 0.3647172363694404, 0.3827954269608034, 0.3867456199338024, 0.37623222644329396, 0.3526630732825403, 0.3188062088196822, 0.2783186460789874, 0.23550098574010495, 0.19411955322233948, 0.15719495905090064, 0.12676358312738675, 0.10368540464978163, 0.08721973223623972, 0.07624731260163445, 0.0690655238613083, 0.06381103159468404, 0.05907903010309808, 0.054005559839552617, 0.04822202628108195, 0.041957373275633245, 0.03583067926981433, 0.030389269526009684, 0.02623987957213897, 0.023658069057522636, 0.022530327931792608, 0.02254507693023436, 0.02314303537535457, 0.0237428719538016, 0.023857675923049663, 0.023215252814647706, 0.021781065512950712, 0.01973], "primeira_derivada": [-2.2937264297404516, -2.6552354088167363, -3.1577504161741268, -3.2224533957560033, -2.911293254244036, -2.4533818583457925, -2.1711305363975364, -2.413250339759419, -3.520502502097283, -5.659201638448551, -8.758147788493845, -12.581128841966924, -16.61990575479795, -20.152548376326365, -22.586720249336164, -23.301260442521123, -21.844813459296795, -18.246556763767856, -12.719184350736302, -5.789480770299494, 1.7249346996669195, 8.957545514704966, 15.092656421925668, 19.53913824027635, 21.894206879060526, 22.129132962907992, 20.580322400466507, 17.70243796586437, 14.063334935737725, 10.392880787143541, 7.21125568847686, 4.771273387103672, 3.268492647960449, 2.6246416768142273, 2.5770656294690713, 2.8534283803418194, 3.1664940019311945, 3.256683133970649, 3.040319049992265, 2.5206457050855287, 1.7690883014706698, 0.9749411626293639, 0.292515631008663, -0.1610312418955776, -0.31480345499632284, -0.1878212123681032, 0.1386684071143243, 0.5457729569067481, 0.91599113871687, 1.0781185383991234], "segunda_derivada": [190.02295620444636, 227.08203889423484, 149.0757421021432, -64.77365874476838, -202.12671813832856, -194.5289271144367, -10.547331103976791, 354.6407762773208, 853.0981206900778, 1376.553416704259, 1819.2149379047394, 2066.2204479416628, 1989.913951674721, 1568.193039454813, 827.5417894746967, -194.9873026639052, -1328.4728614880432, -2398.389971461247, -3273.9579683814327, -3796.190911688806, -3875.8007298483913, -3513.293093390628, -2781.0450735161457, -1787.5776252375463, -680.7001791328723, 345.3139854393631, 1163.4201613788407, 1712.7890245815329, 1921.0915132219338, 1800.8575582805809, 1477.4660085980213, 1036.2335816773384, 564.1758946294766, 181.72025268787732, -60.129524092702404, -154.91305646881364, -105.98306656703558, 33.161192042755346, 193.44472222766666, 334.1037689704116, 406.24073467892094, 388.071555707622, 298.55528765296896, 159.61507840957037, 7.040916933252811, -119.18108368066208, -192.80258689029205, -204.2952898793071, -139.91060658002365, -85.22036671974504], "sigma": 0.004948451708582269, "center": 5795.758011278455, "fwhm": 0.023408984767964464, "statistics": {"wv_mean": 5795.74923, "wv_std": 0.0274539933156301, "wv_min": 5795.70262, "wv_max": 5795.79584, "wv_kurt": -1.200960384152658, "wv_skew": -4.9691937983410556e-11, "int_mean": 0.12151358533584174, "int_std": 0.11902344861580556, "int_max": 0.3867456199338024, "int_min": 0.01967, "int_kurt": -0.2645084059530345, "int_skew": 1.100157848646837}}