{"x": [5763.47797, 5763.466555102041, 5763.4551402040815, 5763.443725306122, 5763.432310408163, 5763.420895510204, 5763.409480612245, 5763.398065714286, 5763.386650816326, 5763.375235918367, 5763.363821020408, 5763.352406122449, 5763.34099122449, 5763.3295763265305, 5763.318161428571, 5763.306746530612, 5763.295331632653, 5763.283916734694, 5763.272501836735, 5763.261086938775, 5763.249672040816, 5763.238257142857, 5763.226842244898, 5763.215427346939, 5763.2040124489795, 5763.19259755102, 5763.181182653061, 5763.169767755102, 5763.158352857143, 5763.146937959184, 5763.135523061224, 5763.124108163265, 5763.112693265306, 5763.101278367347, 5763.089863469388, 5763.078448571428, 5763.067033673469, 5763.05561877551, 5763.044203877551, 5763.032788979592, 5763.0213740816325, 5763.009959183673, 5762.998544285714, 5762.987129387755, 5762.975714489796, 5762.964299591837, 5762.952884693877, 5762.941469795918, 5762.930054897959, 5762.91864], "y": [0.05416, 0.058586734996683036, 0.06490706737436487, 0.06816250187249072, 0.07734272246780272, 0.0836178694454409, 0.092250919756519, 0.10105448128020403, 0.11006351847777196, 0.12361926821789863, 0.14534150173019636, 0.16093851709479104, 0.18677513310751892, 0.20731248659870177, 0.24712171477658515, 0.2904364531035178, 0.3412712711118661, 0.40572369502729083, 0.48633783586587903, 0.585614486471123, 0.7023828714395408, 0.8337476796778017, 0.9603700110613625, 1.0503189916567985, 1.0823852585224862, 1.0354793940612026, 0.9356076295015712, 0.8107007232052738, 0.6818322948211555, 0.5715478521938211, 0.4818975690826874, 0.40411679623207886, 0.33968354320916705, 0.29088900456706535, 0.2521026068119333, 0.21768663350044698, 0.18996059853350594, 0.1674316797369052, 0.14862799025886556, 0.13247953872163262, 0.1215171836508891, 0.11193629280878765, 0.09918616721871985, 0.08623937354427481, 0.08483347119040621, 0.07331977206095054, 0.07364415223248379, 0.06649729528996229, 0.060645163379126274, 0.05419], "primeira_derivada": [-0.38780329114735695, -0.47074741328360353, -0.41944163277004487, -0.5447116188818809, -0.6769822922733427, -0.6530149170856548, -0.7637655587071351, -0.7802346891292476, -0.9883919689154399, -1.5452605611791386, -1.6346729077356654, -1.8148927623126245, -2.0312914609366937, -2.6433254981710306, -3.6410297666276206, -4.123977133738931, -5.049858629310443, -6.354264631743386, -7.87964956353768, -9.463292459825656, -10.868830982717062, -11.300457548735308, -9.486344632837486, -5.34456146245917, 0.6500100854452132, 6.429213364225283, 9.845846702250567, 11.115970356801315, 10.475471259864685, 8.757622120379867, 7.333883165684572, 6.229316564283992, 4.959649752011524, 3.836255773393261, 3.206440010605554, 2.721969504266438, 2.2012879109053216, 1.8104677073080422, 1.5309878870686513, 1.1875185702454176, 0.8998436072884717, 0.9781522582162623, 1.1255869021517055, 0.6286826250936937, 0.5659096353519728, 0.49011909690000033, 0.2988409005224083, 0.5693869932012108, 0.5390891505981291, 0.5655033800746637], "segunda_derivada": [7.266304300995392, 1.3858354991790016, 3.2398101964093624, 11.280900645111625, 4.743945087859128, 3.8013159094411915, 5.572532163602472, 9.83917731947691, 33.50997419273203, 28.308660363460284, 11.810539266211126, 17.37284707314895, 36.28734741302863, 70.51041154492788, 64.85610475284825, 61.710094462529014, 97.69195948921873, 123.95165267116313, 136.18290059179628, 130.93333947739066, 80.47225194122042, -60.55622900979183, -260.88258114843387, -443.9967292973844, -515.7196704159363, -402.799773142354, -205.29123472387224, -27.579070783874712, 103.3013280037201, 137.60911860155278, 110.74586759934908, 103.9971369942341, 104.82182142352126, 76.79480568616519, 48.80842006258371, 44.02808081571468, 39.925972190797715, 29.360754087921425, 27.286671299649694, 27.64563827188448, 9.170748296558186, -9.88809955509052, 15.307610912166764, 24.515211121506695, 6.069415981165342, 11.698253273244417, -3.472124612267353, -10.523451498855206, 0.170111600665788, -2.314013631219656], "sigma": 8.249223547052154e-05, "center": 5763.204349804413, "fwhm": 0.12473874637015277, "statistics": {"wv_mean": 5763.198305000001, "wv_std": 0.16472690496977954, "wv_min": 5762.91864, "wv_max": 5763.47797, "wv_kurt": -1.2009603841536618, "wv_skew": -1.656370120196483e-11, "int_mean": 0.320237914338951, "int_std": 0.30800304929826505, "int_max": 1.0823852585224862, "int_min": 0.05416, "int_kurt": 0.20479026918487664, "int_skew": 1.2246481451570896}}