{"x": [5702.35832, 5702.341870204082, 5702.325420408163, 5702.3089706122455, 5702.292520816327, 5702.276071020408, 5702.25962122449, 5702.243171428571, 5702.226721632654, 5702.210271836735, 5702.1938220408165, 5702.177372244898, 5702.160922448979, 5702.144472653062, 5702.128022857143, 5702.111573061225, 5702.095123265306, 5702.0786734693875, 5702.06222367347, 5702.045773877551, 5702.029324081633, 5702.012874285714, 5701.996424489796, 5701.979974693878, 5701.963524897959, 5701.947075102041, 5701.930625306122, 5701.914175510205, 5701.897725714286, 5701.8812759183675, 5701.864826122449, 5701.84837632653, 5701.831926530613, 5701.815476734694, 5701.799026938776, 5701.782577142857, 5701.766127346938, 5701.749677551021, 5701.733227755102, 5701.716777959184, 5701.700328163265, 5701.683878367347, 5701.667428571429, 5701.65097877551, 5701.634528979592, 5701.618079183673, 5701.601629387755, 5701.585179591837, 5701.568729795918, 5701.55228], "y": [0.04001, 0.041877813239942954, 0.04228386850324614, 0.042831015478060466, 0.04500008965677759, 0.04729739326720237, 0.04763603767669434, 0.04764807144660803, 0.05043374085922763, 0.05383797755836053, 0.05368345733111219, 0.05266691690747129, 0.05610037368827575, 0.06247000815513197, 0.06841380825837846, 0.0750368625288203, 0.08326100478207096, 0.09507222916540996, 0.1179716692919359, 0.15569797424406084, 0.21234001553854298, 0.31912133788554414, 0.5147828473941789, 0.7399300182076296, 0.7760828469387925, 0.5755084875492534, 0.3602013577891564, 0.2347063101668198, 0.17043766048399203, 0.12886268786380917, 0.10317858531446579, 0.08894423703563277, 0.07624190553040584, 0.06720722300265085, 0.06517244076053122, 0.061555165696917255, 0.05342156336597517, 0.049146717362914344, 0.04887060635155083, 0.04573819003385831, 0.04288004025604342, 0.04536334933459246, 0.04721735094649556, 0.04405540483763565, 0.041830594168756126, 0.04320056459533691, 0.04337144143142369, 0.04163285845919507, 0.04093246427022872, 0.04002], "primeira_derivada": [-0.11354628648221862, -0.069115401628796, -0.02897307185034207, -0.0825609377482219, -0.13575784803817242, -0.08012099459977182, -0.010659043466003496, -0.08503762589096525, -0.18814537707848658, -0.09877680209447971, 0.03559499025662328, -0.07346341465660533, -0.2979699959946143, -0.37427317127227544, -0.3819759964167283, -0.45128816786534676, -0.6089852644914248, -1.0550484845729604, -1.8427506754634047, -2.868374377220307, -4.967337116233943, -9.19290529052634, -12.790696079666935, -7.9423477605883654, 4.997676915640408, 12.640931571691402, 10.3588573098136, 5.7679650936061755, 3.2171712897539004, 2.0443741521934324, 1.213341825813618, 0.8187542240086643, 0.6607077115484469, 0.33646206994533234, 0.171797186230017, 0.3571739568299762, 0.3771611634508172, 0.13832867705717608, 0.10360393970632942, 0.18208633484467743, 0.01139347567354618, -0.13183478725344178, 0.03975564509943747, 0.16373324035167303, 0.025983308441358446, -0.0468348443438427, 0.04765123360637763, 0.07413396413357302, 0.04902366166668417, 0.055469640763090036], "segunda_derivada": [-2.7009991536301916, -2.570646318367058, 0.40868397961783953, 3.245778145803397, -0.07416332581053468, -3.8024424494839693, 0.14944353460476048, 5.394788315188894, 0.41760932086676483, -6.800703438595679, -0.7694134189626093, 10.138879166119692, 9.143267129672095, 2.553405551057591, 2.340910397136662, 6.900063356365181, 18.351605080594513, 37.50093366246501, 55.116972322174036, 94.97341049820977, 192.23736709614127, 237.79501588240277, -38.01133874741539, -540.6867381171497, -625.6393524327797, -162.95583303024284, 208.90734791792067, 217.07521648335052, 113.18046010562536, 60.90742626415436, 37.2533475263924, 16.797597885603192, 14.659517858591615, 14.860686653466978, -0.6295484450744395, -6.24214361799709, 6.651914736884903, 8.31491238877268, -1.330036494195279, 2.8027844384603675, 9.541793820794725, -0.8620827141895763, -8.983942082824987, 0.4186172499118703, 6.400325138925369, -0.6586077198857633, -3.676909096004823, -0.04171565614367019, 0.567311699880217, -0.3918576940600581], "sigma": 0.00028673630691389285, "center": 5701.968800623006, "fwhm": 0.07784491537708399, "statistics": {"wv_mean": 5701.9553000000005, "wv_std": 0.23738486131956807, "wv_min": 5701.55228, "wv_max": 5702.35832, "wv_kurt": -1.2009603841534762, "wv_skew": -5.746895755772952e-12, "int_mean": 0.12802369169222236, "int_std": 0.17132057209175092, "int_max": 0.7760828469387925, "int_min": 0.04001, "int_kurt": 5.933812288010429, "int_skew": 2.5992605249033334}}