{"x": [5551.82108, 5551.817044489796, 5551.813008979591, 5551.808973469388, 5551.804937959183, 5551.800902448979, 5551.796866938776, 5551.792831428571, 5551.788795918367, 5551.7847604081635, 5551.780724897959, 5551.776689387755, 5551.7726538775505, 5551.768618367347, 5551.764582857143, 5551.760547346938, 5551.756511836735, 5551.75247632653, 5551.748440816326, 5551.744405306123, 5551.740369795918, 5551.736334285714, 5551.73229877551, 5551.728263265306, 5551.724227755102, 5551.720192244898, 5551.716156734694, 5551.71212122449, 5551.7080857142855, 5551.704050204082, 5551.700014693877, 5551.695979183673, 5551.69194367347, 5551.687908163265, 5551.683872653061, 5551.679837142857, 5551.675801632653, 5551.671766122449, 5551.667730612245, 5551.663695102041, 5551.659659591836, 5551.655624081633, 5551.651588571429, 5551.647553061224, 5551.6435175510205, 5551.639482040817, 5551.635446530612, 5551.631411020408, 5551.627375510204, 5551.62334], "y": [0.18157, 0.19289371430010183, 0.20588882500452174, 0.2207496548320162, 0.23770943111830645, 0.257081614896688, 0.27924091183431177, 0.30458035006939405, 0.33376337877279816, 0.36770231660583924, 0.4072917302254543, 0.45369587098945885, 0.5083881895539668, 0.5728100036590767, 0.6481621483737587, 0.7358765546056525, 0.837210805280803, 0.9522989923299073, 1.0805250351376636, 1.2204452467517535, 1.3665200602329861, 1.5110716233994888, 1.6415100316180127, 1.7405988302453013, 1.7915308239726646, 1.7838814410931318, 1.7189272778034008, 1.609736570355262, 1.4736733742989159, 1.326593857734172, 1.18085415111588, 1.0436510461795296, 0.9185129954630737, 0.8073230041728946, 0.7104770893108141, 0.6269763807403437, 0.5555704503088678, 0.495052598342954, 0.4438248307490576, 0.40021989061293767, 0.3629615744773344, 0.3308981135090907, 0.3029455085350635, 0.2783006303212502, 0.2565212276961391, 0.2371257144553032, 0.2199290180189864, 0.2047822822614406, 0.19151692279610744, 0.17999], "primeira_derivada": [-2.806018007254809, -3.0131041397637217, -3.4513530040253646, -3.9425753503061194, -4.501532424212031, -5.145753401603347, -5.885096650673312, -6.755337513713683, -7.820816123602134, -9.110167950581753, -10.654607476228957, -12.525858468143802, -14.758249470706664, -17.318003395321522, -20.203957206927647, -23.423141974888733, -26.81475535612676, -30.146650305218827, -33.223339910600906, -35.43480385694288, -36.00862864217331, -34.07127692311079, -28.43843717806805, -18.58758679588034, -5.362718548331661, 8.995584510495863, 21.576561815813836, 30.38697600748285, 35.08140213944987, 36.280322483144325, 35.0566343831646, 32.504087762051384, 29.2810611359737, 25.775663500614026, 22.34495941131984, 19.192943539289566, 16.34536598070617, 13.845290174731764, 11.74977920163437, 10.018963176954513, 8.588973090950825, 7.435994820051665, 6.516831890725299, 5.751971682649466, 5.101574991432367, 4.533777369623344, 4.007353538642366, 3.520260609610044, 3.071765527415392, 2.8563731013438374], "segunda_derivada": [51.31597296370675, 79.95705178774979, 115.16154879011492, 130.1173045108369, 149.07384573730235, 171.4237056302726, 199.42758544443694, 239.83577973930113, 291.7636578761131, 351.10694921481223, 423.2042969470887, 508.4415336419419, 593.7470957475182, 674.7235741343944, 756.4271022347834, 819.0783587114321, 833.0431581331202, 794.0240800088627, 655.2025995186376, 345.0974710323228, -168.94108363561566, -937.9472583506157, -1918.4303029649702, -2859.08317224161, -3417.5568776699024, -3337.7787443418747, -2650.394921224884, -1673.2506722026983, -730.1860455665856, 3.0687267572316728, 467.8757492900678, 715.5939343017102, 833.652242345344, 859.3834947408409, 815.599469245907, 743.3500508071444, 662.5746305419873, 569.3935272814382, 474.0821859176442, 391.6241008897526, 320.02996228705865, 256.7384414385631, 208.65058594816952, 175.35043001854794, 150.93436164562914, 135.57411546844034, 125.574798319745, 115.91942082798604, 82.2557092755259, 53.37427368488516], "sigma": 9.864197973996625e-07, "center": 5551.722717618857, "fwhm": 0.06335550205971255}