{"x": [5750.34122, 5750.316929591837, 5750.292639183674, 5750.26834877551, 5750.244058367347, 5750.219767959184, 5750.19547755102, 5750.171187142857, 5750.146896734694, 5750.122606326531, 5750.098315918368, 5750.074025510205, 5750.049735102041, 5750.025444693878, 5750.001154285715, 5749.976863877551, 5749.952573469388, 5749.928283061225, 5749.903992653061, 5749.879702244898, 5749.855411836735, 5749.831121428571, 5749.806831020408, 5749.782540612245, 5749.758250204081, 5749.733959795919, 5749.709669387756, 5749.685378979592, 5749.661088571429, 5749.636798163266, 5749.612507755102, 5749.588217346939, 5749.563926938776, 5749.539636530612, 5749.515346122449, 5749.491055714286, 5749.466765306122, 5749.442474897959, 5749.418184489796, 5749.393894081632, 5749.369603673469, 5749.345313265307, 5749.321022857143, 5749.29673244898, 5749.272442040817, 5749.248151632653, 5749.22386122449, 5749.199570816327, 5749.175280408163, 5749.15099], "y": [0.06186, 0.0688891224343279, 0.07431736318443316, 0.07934020915861761, 0.08483535594423985, 0.09097384426981564, 0.10485030657182151, 0.11612446717428256, 0.1286037641618387, 0.14756223123731652, 0.16392740557183155, 0.19053571587972323, 0.2159566518907712, 0.2527706099916843, 0.2980544292964067, 0.3510065436433643, 0.425038377661047, 0.5155570388856946, 0.6307219934801924, 0.7681288778550474, 0.9250271153278957, 1.079573887311718, 1.188770599955859, 1.23025309488495, 1.184073607851226, 1.070014890926694, 0.9160752563613572, 0.7668272127140255, 0.6334172273249887, 0.5236930935787054, 0.4366461408313479, 0.3619359672244439, 0.3095067089547648, 0.2631802047177738, 0.23197297408672624, 0.2025925783164381, 0.17992516615963297, 0.15725128029133936, 0.1426677290997032, 0.1283547466158273, 0.11757101809413582, 0.10576303376435793, 0.09592714470248577, 0.08829038073436458, 0.08420213925648692, 0.07793902310489481, 0.07495314029547998, 0.0689685147472978, 0.065401381464823, 0.06163], "primeira_derivada": [-0.28937852287476595, -0.2564255631414708, -0.215127853225408, -0.21650506424358273, -0.2394697329286448, -0.41199288404305234, -0.5177068811556977, -0.4889472714971145, -0.647123009466141, -0.72711090676502, -0.8845772445127522, -1.07098336860181, -1.2810590438313196, -1.6899217348186442, -2.0221136876572823, -2.613870205696503, -3.3871496546275273, -4.2338443725640005, -5.199003599921147, -6.058052212808664, -6.410864061290623, -5.428963623307632, -3.101619506763597, 0.09668409178329668, 3.298384343396867, 5.516546895649408, 6.240893034281084, 5.81830546312414, 5.004735151021993, 4.050386579974053, 3.3296502320306187, 2.617070718238271, 2.0328139783130594, 1.5959743110678952, 1.2471512622174938, 1.0713654455111152, 0.9333169232940077, 0.7669166530553481, 0.5948136705076581, 0.5165971447828662, 0.4650336194433179, 0.4455230485738627, 0.35966157737059185, 0.2413505233663036, 0.21307500392478332, 0.19038376998069373, 0.18465124787696002, 0.19661585689364988, 0.15105787226700762, 0.15526216930835132], "segunda_derivada": [-1.3566243725393825, -1.5283948534357739, -0.8217338018667715, 0.5010595033967015, 4.023971488767212, 5.72730491715574, 1.584048875108133, 2.663934822343728, 4.902421434646063, 4.88781895829948, 7.078359069239506, 8.161283183318654, 12.74038628859606, 15.25405910932516, 19.018792616933432, 28.0982509184695, 33.345964299469436, 37.2956669379751, 37.549962684427335, 24.945246971997197, -12.949321091501591, -68.11833980467276, -113.74135168782475, -131.73932292796465, -111.56384790913006, -60.56935460191582, -6.211475851821102, 25.445391344340454, 36.39129633522274, 34.48037817496553, 29.50374180825686, 26.694410505535235, 21.018510687525588, 16.17228312535788, 10.798683620905171, 6.460046632673328, 6.266852133745763, 6.967837891202093, 5.152641046403588, 2.6714259017741355, 1.46300744994578, 2.169005176162475, 4.2027396953303775, 3.0173756747969764, 1.049112741188187, 0.5850818943985474, -0.12828287756740775, 0.6914946711491387, 0.8512349258860551, -0.17308466012900206], "sigma": 7.861652733032187e-06, "center": 5749.782119445646, "fwhm": 0.251447698910241, "statistics": {"wv_mean": 5749.746105000001, "wv_std": 0.35053171491276963, "wv_min": 5749.15099, "wv_max": 5750.34122, "wv_kurt": -1.200960384153986, "wv_skew": -7.783807305879802e-12, "int_mean": 0.350829191339844, "int_std": 0.3496073073614455, "int_max": 1.23025309488495, "int_min": 0.06163, "int_kurt": 0.3663811463274156, "int_skew": 1.291891843545571}}