{"x": [5724.20895, 5724.168959387755, 5724.128968775511, 5724.088978163266, 5724.04898755102, 5724.008996938775, 5723.969006326531, 5723.929015714286, 5723.889025102041, 5723.849034489796, 5723.809043877552, 5723.769053265306, 5723.729062653061, 5723.689072040816, 5723.649081428572, 5723.609090816327, 5723.569100204082, 5723.529109591837, 5723.489118979592, 5723.449128367347, 5723.409137755102, 5723.369147142857, 5723.329156530613, 5723.289165918368, 5723.249175306123, 5723.209184693877, 5723.169194081633, 5723.129203469388, 5723.089212857143, 5723.049222244898, 5723.009231632654, 5722.969241020409, 5722.929250408163, 5722.889259795918, 5722.849269183674, 5722.809278571429, 5722.769287959184, 5722.729297346939, 5722.689306734695, 5722.649316122449, 5722.609325510204, 5722.569334897959, 5722.529344285715, 5722.48935367347, 5722.449363061225, 5722.40937244898, 5722.369381836735, 5722.32939122449, 5722.289400612245, 5722.24941], "y": [0.09085, 0.09806294848584095, 0.10816809758281727, 0.12308736410631657, 0.1333092691778186, 0.14899869620060419, 0.16577482115996942, 0.18319357638019934, 0.21296031947542382, 0.23243575793401158, 0.2716748707686131, 0.31657920839917986, 0.3650772923993572, 0.4297428865400048, 0.5049064952381422, 0.6045225956845002, 0.7368002418884538, 0.8935351755442843, 1.0912746798172135, 1.3085923728509243, 1.5286285636112724, 1.7006603337349984, 1.7897691718623365, 1.8060451518047163, 1.7740411342736702, 1.6562818969031206, 1.4719043914153305, 1.2506938020125773, 1.0398469912816217, 0.8584396796829216, 0.7129797475362922, 0.5993377599983968, 0.50653128599725, 0.4359219013229186, 0.37799397789588335, 0.33101361442682375, 0.28735438231362037, 0.25669848001179124, 0.23327867564892366, 0.2076677411742019, 0.18704714772469705, 0.16778345345960707, 0.15202659508459668, 0.14243960927836424, 0.13538971469801442, 0.11758197408580355, 0.1127023917549009, 0.10650911098744803, 0.09548843733076832, 0.09049], "primeira_derivada": [-0.18036604295262396, -0.2165270373559293, -0.31287862595491633, -0.3143384182372301, -0.32396768440804685, -0.40591466546503097, -0.42753634240835825, -0.5899571882852542, -0.6156717638182543, -0.73410418092406, -1.052040038162045, -1.1678043469053139, -1.4148780399784922, -1.7482753450103874, -2.1852592312759183, -2.8993522933706766, -3.61350531583347, -4.431970630446334, -5.189432894419583, -5.468206902125074, -4.901999980450431, -3.265023884264879, -1.3176194630967963, 0.19664662161711965, 1.872480145880974, 3.777595864320109, 5.071041328501301, 5.401985314569314, 4.90432754478531, 4.086799693697128, 3.239534294932495, 2.581211563767967, 2.0431777547368446, 1.6070935262837098, 1.3116614251114507, 1.1332609141802905, 0.9291572477083228, 0.6761050110176299, 0.6130281094089858, 0.5780297590936894, 0.49867063137819634, 0.4378596709867212, 0.3168724202835969, 0.20800982346500926, 0.31079338121179834, 0.2836581096082823, 0.13844328051865734, 0.21522494227862368, 0.20028589321666573, 0.1249902677202121], "segunda_derivada": [0.9042370789919414, 1.6567961274416378, 1.2229292750338643, 0.13864576997637917, 1.1449718082116664, 1.2949121329577804, 2.3010715826727206, 2.3522448250904904, 1.8022603874697718, 5.4558838918616175, 5.422524708071953, 4.536539720766868, 7.257590788461432, 9.63202546865584, 14.391839531176249, 17.85726704827494, 19.162226470742517, 19.703719074399828, 12.955994088370264, -3.593754856888707, -27.54625266019307, -44.81527433757761, -43.281039118564415, -39.88560601989035, -44.77237333533283, -39.9914005192893, -20.309634675096305, 2.08441149507303, 16.443679491858287, 20.814800729523228, 18.824269564993532, 14.957967295670334, 12.179333883550468, 9.146100654174909, 5.924298047793092, 4.782424623333985, 5.715790250529475, 3.952541866131632, 1.226228437346127, 1.4298040416280464, 1.7525374111435181, 2.273011100478957, 2.8737975567228617, 0.07600582649987325, -0.9458255562613515, 2.1548819962583137, 0.8556153993096138, -0.773214127349407, 1.1281982131972066, 1.8828325266840833], "sigma": 0.06701947059514457, "center": 5723.292788944208, "fwhm": 0.4648711488252573, "statistics": {"wv_mean": 5723.229179999999, "wv_std": 0.5770993141158851, "wv_min": 5722.24941, "wv_max": 5724.20895, "wv_kurt": -1.200960384153534, "wv_skew": 4.727985956714066e-12, "int_mean": 0.5630418757389308, "int_std": 0.5454788080411952, "int_max": 1.8060451518047163, "int_min": 0.09049, "int_kurt": -0.09216341659069194, "int_skew": 1.144178325822066}}