{"x": [5625.81841, 5625.782916122449, 5625.747422244898, 5625.711928367346, 5625.676434489796, 5625.640940612245, 5625.605446734694, 5625.569952857143, 5625.534458979591, 5625.4989651020405, 5625.46347122449, 5625.427977346939, 5625.392483469388, 5625.356989591836, 5625.321495714285, 5625.286001836735, 5625.250507959184, 5625.215014081633, 5625.179520204081, 5625.14402632653, 5625.1085324489795, 5625.073038571429, 5625.037544693878, 5625.002050816326, 5624.966556938775, 5624.931063061224, 5624.895569183674, 5624.860075306122, 5624.824581428571, 5624.78908755102, 5624.753593673469, 5624.7180997959185, 5624.682605918367, 5624.647112040816, 5624.611618163265, 5624.576124285714, 5624.540630408163, 5624.505136530612, 5624.469642653061, 5624.43414877551, 5624.398654897959, 5624.363161020408, 5624.327667142857, 5624.292173265306, 5624.256679387755, 5624.221185510204, 5624.185691632653, 5624.1501977551015, 5624.114703877551, 5624.07921], "y": [0.08342, 0.09343675555526414, 0.10126790080545553, 0.1098178178266408, 0.12410326547284399, 0.1316839022366961, 0.1521516124152633, 0.16943530154078623, 0.18999385054626022, 0.2224842429982578, 0.25441407433190344, 0.2892026331785881, 0.34323640605236266, 0.406955454488802, 0.48849522355384883, 0.5876663397180126, 0.7137339266685244, 0.8655372309621213, 1.0553210970082165, 1.2541616731702467, 1.4559143389083027, 1.5930869742454585, 1.6622508957314728, 1.6393581092777774, 1.5443289748180187, 1.37776042090694, 1.1810918835684425, 0.992303030475511, 0.8236757645758984, 0.687272047318537, 0.5728872528631646, 0.4868649216332551, 0.41914454228474185, 0.35967037730670104, 0.31293183021697013, 0.27626366087244114, 0.24767661932409216, 0.21306494560129866, 0.19489800947953084, 0.1739250841477031, 0.16055939209073256, 0.14760275524550812, 0.13342640647240558, 0.12201513773764744, 0.11258701498992178, 0.10210524579225591, 0.09845724680958236, 0.09311669173734899, 0.08701037230141884, 0.08332], "primeira_derivada": [-0.28221079933907234, -0.25142224570834387, -0.2307589843868957, -0.32168033253609746, -0.3080261430825447, -0.3951152829420844, -0.5318015656365307, -0.5330812064181256, -0.747297070893636, -0.9074836032408741, -0.9398577273612327, -1.251234548736576, -1.6587765191343116, -2.0462517414670316, -2.5456627691690765, -3.1729233132120886, -3.9143496064376335, -4.811916785452555, -5.4745278484515705, -5.64313157003423, -4.774419202153976, -2.906649978262508, -0.6518185420211746, 1.6611586145111246, 3.6851100305422575, 5.116897847091331, 5.429913791109992, 5.034898180342123, 4.2969520971625, 3.5328418450978454, 2.8231224582078718, 2.1657638047049406, 1.7917814719278846, 1.496211732793262, 1.1749451199689938, 0.9192460136176903, 0.8902762903238649, 0.7434889266225623, 0.5513607438006641, 0.4837259234302932, 0.3708009763725599, 0.38222064606944395, 0.3604511435935139, 0.2935631849836294, 0.28046938400681243, 0.19904514743567714, 0.1266211903999264, 0.1612513945767494, 0.13800537463564147, 0.10397208070979197], "segunda_derivada": [-0.86743280123827, -0.7247984512045378, 0.9897212093301104, 1.0884575598143202, 1.0344734849103652, 3.152310172838881, 1.943517206290662, 3.0356715034263444, 5.274182797888613, 2.7125897444117064, 4.84239774878612, 10.127363384620926, 11.199356728236353, 12.493510306857866, 15.87135091300513, 19.280604595937984, 23.088397004428362, 21.978131858930542, 11.709269906909402, -9.862386059326662, -38.54864247858697, -58.07481380737284, -64.34642969302354, -61.09403750402453, -48.68077920806041, -24.57893981953396, 1.155124100356712, 15.959959464985822, 21.159372247974705, 20.76174456909935, 19.25794157647289, 14.528435006709028, 9.431937535482925, 8.689334534885008, 8.127679461749983, 4.010111733177437, 2.4758789278680022, 4.774281790337822, 3.659264936892788, 2.543533982297454, 1.4298983988925003, 0.14579743737621134, 1.2489120265558926, 1.1266979702647495, 1.3314695951799465, 2.167249737458864, 0.5323981974682142, -0.1603682806881942, 0.8068900585026504, 0.9588497023777386], "sigma": 0.04016050060112186, "center": 5625.024261604044, "fwhm": 0.39512256948323377, "statistics": {"wv_mean": 5624.948809999999, "wv_std": 0.5122075217196209, "wv_min": 5624.07921, "wv_max": 5625.81841, "wv_kurt": -1.200960384153747, "wv_skew": 5.326866445105405e-12, "int_mean": 0.49982177310526343, "int_std": 0.48899089852098654, "int_max": 1.6622508957314728, "int_min": 0.08332, "int_kurt": 0.057286472300341895, "int_skew": 1.1898853765954278}}