{"x": [5597.90552, 5597.901542040817, 5597.8975640816325, 5597.893586122449, 5597.889608163266, 5597.885630204082, 5597.881652244898, 5597.877674285714, 5597.873696326531, 5597.869718367348, 5597.865740408163, 5597.86176244898, 5597.857784489796, 5597.853806530613, 5597.849828571429, 5597.845850612245, 5597.841872653062, 5597.837894693877, 5597.833916734694, 5597.8299387755105, 5597.825960816327, 5597.821982857143, 5597.818004897959, 5597.814026938776, 5597.8100489795925, 5597.806071020408, 5597.802093061225, 5597.798115102041, 5597.794137142858, 5597.7901591836735, 5597.78618122449, 5597.782203265307, 5597.778225306123, 5597.774247346939, 5597.770269387755, 5597.766291428572, 5597.762313469388, 5597.758335510204, 5597.754357551021, 5597.750379591837, 5597.746401632653, 5597.74242367347, 5597.738445714286, 5597.734467755103, 5597.730489795918, 5597.726511836735, 5597.7225338775515, 5597.718555918368, 5597.714577959184, 5597.7106], "y": [0.05454, 0.05905480080514059, 0.06438060973649108, 0.07048899672211095, 0.07691035982093879, 0.08341513358825457, 0.09064346452338451, 0.09991253466011779, 0.11210648636402538, 0.12720794474451425, 0.14458466836898673, 0.1640044446894635, 0.1870356052529915, 0.21667866874422936, 0.25581383816900705, 0.3066591481029186, 0.37079540880187734, 0.45019434293259186, 0.5472012077535984, 0.6625273024340503, 0.7911773222274429, 0.9179991288972926, 1.0219943132152023, 1.0815301555897727, 1.0830306509293293, 1.0276032754924083, 0.9290920398547513, 0.8091888085183633, 0.6873075183823351, 0.5761913832089646, 0.481219895154415, 0.4025345755866051, 0.3381899476733827, 0.28607435274966386, 0.24476118746759182, 0.2122528499114135, 0.1865377294081129, 0.1659930216681417, 0.149105121574982, 0.1346718696686576, 0.1218866337344532, 0.11016949280952235, 0.09951498866211143, 0.09037507998354602, 0.08300740180687208, 0.0769545956868577, 0.07125536214023705, 0.06525097603204491, 0.059256115640097196, 0.05448], "primeira_derivada": [-1.1349540296809417, -1.2368917429263535, -1.437193720248666, -1.5748967632245523, -1.6247196451871184, -1.7261495238663032, -2.073601099113202, -2.69774284387358, -3.4308308388496966, -4.082266873995584, -4.625047448200773, -5.335768282996509, -6.620759744616422, -8.644914356416642, -11.309879664326912, -14.452331626705753, -18.04131065637135, -22.17290208335332, -26.688680012844557, -30.665990175325764, -32.110916006651145, -29.01198583469756, -20.554638591271388, -7.671815483724099, 6.778209328520102, 19.348943008036677, 27.453080449369672, 30.390523170717344, 29.28605027589046, 25.903687506748497, 21.827374240754285, 17.977804809662693, 14.638187252992306, 11.743303021342584, 9.278816025280463, 7.31825734856014, 5.814517709315933, 4.705001497885054, 3.936836774236907, 3.4211622822567107, 3.0797672533186753, 2.8119500528723096, 2.4880110520524235, 2.0748813766255254, 1.6868554548090038, 1.4771443251085303, 1.4710582883256578, 1.5082163925599525, 1.3538318939619376, 1.2006447074649353], "segunda_derivada": [25.625630768163568, 37.98929006010307, 42.484727051432884, 23.5706195427502, 19.011351508051348, 56.42107336652963, 122.12208259240646, 170.59372371011858, 174.02441381111308, 150.10418083082683, 157.5558409546931, 250.84625110389706, 415.93514674609116, 589.3876360906781, 729.9493285168969, 846.0910081837052, 970.4185110701932, 1086.9102668906328, 1067.518255007396, 681.5348956309264, -207.89609246478102, -1452.5384601977273, -2682.30132172585, -3435.5364974133863, -3396.309167930017, -2598.678136845197, -1387.8448286589833, -230.3907282603316, 563.962003700946, 937.5003224456921, 996.2247388183342, 903.6275457158471, 783.6306885169112, 673.6332601680407, 556.1954596234124, 435.43663419154245, 328.466900975443, 236.01058337906628, 161.3690785184523, 107.72728945916033, 76.57346408333548, 74.37937067468302, 92.64407228170447, 100.69932347331991, 75.13111923551847, 27.12410516706902, -3.905528691803657, 14.734489337976328, 38.65948227183982, 38.50898901504129], "sigma": 0.006053099344227819, "center": 5597.811232242369, "fwhm": 0.04529184428921642, "statistics": {"wv_mean": 5597.808060000001, "wv_std": 0.05740541061033892, "wv_min": 5597.7106, "wv_max": 5597.90552, "wv_kurt": -1.2009603841536707, "wv_skew": -4.753008462158894e-11, "int_mean": 0.33005521519778525, "int_std": 0.31942720560563054, "int_max": 1.0830306509293293, "int_min": 0.05448, "int_kurt": 0.018783213728394088, "int_skew": 1.1757063372036203}}