{"x": [5804.24042, 5804.228755306122, 5804.217090612245, 5804.205425918368, 5804.19376122449, 5804.182096530612, 5804.170431836735, 5804.158767142857, 5804.147102448979, 5804.135437755102, 5804.123773061225, 5804.112108367347, 5804.100443673469, 5804.088778979592, 5804.077114285715, 5804.065449591837, 5804.053784897959, 5804.042120204082, 5804.030455510204, 5804.018790816326, 5804.007126122449, 5803.995461428572, 5803.983796734694, 5803.972132040816, 5803.9604673469385, 5803.948802653062, 5803.937137959184, 5803.925473265306, 5803.9138085714285, 5803.902143877551, 5803.890479183674, 5803.878814489796, 5803.8671497959185, 5803.855485102041, 5803.843820408163, 5803.832155714285, 5803.820491020409, 5803.808826326531, 5803.797161632653, 5803.785496938775, 5803.773832244898, 5803.762167551021, 5803.750502857143, 5803.738838163265, 5803.727173469388, 5803.71550877551, 5803.703844081632, 5803.6921793877555, 5803.680514693878, 5803.66885], "y": [0.01287, 0.015456502196212642, 0.015875638462325953, 0.018162985559661532, 0.017217860421141696, 0.025435863360201504, 0.019997563594977907, 0.020107643283283197, 0.022721252538826633, 0.032249987374418775, 0.03251842475203062, 0.03987269317062386, 0.041240334608964306, 0.04982472596457814, 0.05961197681571297, 0.07653118754849815, 0.09299332839513208, 0.11721611353230939, 0.14778264090859597, 0.18112708615860276, 0.2181502817923218, 0.2474558767084511, 0.23210637841483214, 0.20384135575505968, 0.16770935911738535, 0.1302348993384565, 0.10587605808566178, 0.08509314451252373, 0.07626101717480208, 0.05555581109354463, 0.0519575106731537, 0.0425738042235356, 0.04617021390339529, 0.03802028730852886, 0.03614103391929952, 0.027013814264068285, 0.027300836758017005, 0.02573469152825285, 0.0218482302650911, 0.022207545003500917, 0.023257158944421503, 0.022835701492880084, 0.02354291928619619, 0.018336811931145156, 0.018023083608863295, 0.018781577197162162, 0.01763155179918911, 0.014128098434358765, 0.017809209796893398, 0.01239], "primeira_derivada": [-0.22173768324542928, -0.12883486244191067, -0.11601176129979823, -0.057533526937720694, -0.31174747819279736, -0.11915028388124656, 0.2283909090445862, -0.11674926802199302, -0.5204741855592927, -0.4199498210707183, -0.32674264220363003, -0.3738593549202909, -0.4265878255478072, -0.787489256042816, -1.1447562132758953, -1.4308713082981306, -1.7439345777227404, -2.348510517627742, -2.7395049238441223, -3.0162660771097274, -2.8431432169483686, -0.5982195833346184, 1.8695098821538305, 2.760339018431114, 3.1550959326959958, 2.6504467962181684, 1.934973832110482, 1.2694306949377838, 1.2660998106173205, 1.041755006919543, 0.556465819275031, 0.24806895193420622, 0.19518372975498133, 0.4298946928754124, 0.4717857647976479, 0.3789296682064118, 0.054828817167184206, 0.23372265702321024, 0.15118898797203317, -0.06039286989012116, -0.026925545410303914, -0.012248943040488007, 0.1928421615216241, 0.23660439507445072, -0.01906459229361123, 0.016782772603319077, 0.19946853349805305, -0.007615201889290766, 0.0745025309956349, 0.46458225596854874], "segunda_derivada": [-7.964445683480064, -4.531877263730724, -3.0562883284559024, 8.390092314145614, 2.6411647656360415, -23.152703058461555, -0.10291808273853156, 32.099646268226444, 12.996507076781734, -8.304184635880574, -1.9756397653291322, 4.279802984581119, 17.729993836897638, 30.783850621568863, 27.578179891600648, 25.683415729894502, 39.334045923073205, 42.674516646468085, 28.62293543585647, 4.442392324853247, -103.6480905207491, -202.005005382258, -143.96256931272228, -55.10586321505396, 4.710463187856722, 52.29979086564893, 59.19641422902009, 28.67087762889218, 9.759179726658822, 30.41802891739055, 34.02086944314455, 15.48613676909818, -7.793849664949606, -11.856377798777942, 2.1845847479267464, 17.87260566019411, 6.224210112629732, -4.1304200442373125, 12.607082963193665, 7.634771012831791, -2.0636601078520034, -9.420208933226762, -10.66694680219044, 9.08325396434089, 9.42251998961629, -9.36728936406475, 1.0458043198271705, 5.356591601001466, -20.240456492380762, -33.44105975365549], "sigma": 1.6775651090483734e-08, "center": 5803.991145136041, "fwhm": 0.10342317495290088, "statistics": {"wv_mean": 5803.954635000001, "wv_std": 0.1683316773167363, "wv_min": 5803.66885, "wv_max": 5804.24042, "wv_kurt": -1.200960384153537, "wv_skew": -1.620891331392514e-11, "int_mean": 0.06173604141954179, "int_std": 0.06321435392958895, "int_max": 0.2474558767084511, "int_min": 0.01239, "int_kurt": 1.433490807683162, "int_skew": 1.6061413569025524}}