{"x": [5525.07301, 5525.06935877551, 5525.065707551021, 5525.062056326531, 5525.0584051020405, 5525.054753877551, 5525.051102653061, 5525.047451428572, 5525.043800204082, 5525.040148979592, 5525.036497755103, 5525.032846530612, 5525.029195306122, 5525.025544081633, 5525.021892857143, 5525.018241632653, 5525.014590408164, 5525.010939183674, 5525.0072879591835, 5525.003636734694, 5524.999985510204, 5524.9963342857145, 5524.992683061225, 5524.989031836735, 5524.9853806122455, 5524.981729387755, 5524.978078163265, 5524.974426938776, 5524.970775714286, 5524.967124489796, 5524.963473265307, 5524.959822040817, 5524.956170816326, 5524.952519591837, 5524.948868367347, 5524.9452171428575, 5524.941565918368, 5524.937914693878, 5524.9342634693885, 5524.930612244898, 5524.926961020408, 5524.923309795919, 5524.919658571429, 5524.916007346939, 5524.91235612245, 5524.90870489796, 5524.905053673469, 5524.90140244898, 5524.89775122449, 5524.8941], "y": [0.14043, 0.15134474339749446, 0.16330118569288493, 0.1761882115061025, 0.1898732362549776, 0.20452078841528137, 0.22044112934979537, 0.23813328377869672, 0.2585058357565008, 0.2825780341792074, 0.3115054961391536, 0.34682614527900174, 0.3897842500098856, 0.4418687373335666, 0.5041121339896968, 0.5774445189359212, 0.6626423837607732, 0.7589240545798126, 0.8652190243756628, 0.9788516373370659, 1.094088313346548, 1.2036699553658599, 1.2971493967149932, 1.362532364057661, 1.3902495266321553, 1.3754630343504033, 1.3211510971598661, 1.2358605407441394, 1.1313494140366878, 1.0185339773723687, 0.905267666177689, 0.7978567704777056, 0.6994522090665669, 0.6114302250610963, 0.5347982816743443, 0.4690097478202521, 0.4132297383759162, 0.3666947595810674, 0.32795127565207194, 0.2958046610781936, 0.2690483658189607, 0.24652479630053464, 0.2272855280391898, 0.21044709327990857, 0.1954832613990178, 0.18199930674246811, 0.16970961391797748, 0.15858688873108004, 0.14861933150283071, 0.13976], "primeira_derivada": [-2.989337803908998, -3.1319884271240945, -3.402073493286048, -3.638786198170546, -3.8798733118023354, -4.185978317876161, -4.602907251884591, -5.212594639759574, -6.086280167981092, -7.25779262994728, -8.798159531653694, -10.719520818658879, -13.015166873984032, -15.656101713771188, -18.56579648640496, -21.70918964584184, -24.85187313980601, -27.74091830883384, -30.11696259060103, -31.341443071922992, -30.786701648386174, -27.807258077883642, -21.754675608382005, -12.749165407502794, -1.770730658681204, 9.462363880856064, 19.117215882187697, 25.991511020585197, 29.76077806052648, 30.959716185534376, 30.219616394403587, 28.184443009246337, 25.529318441171444, 22.547768270422512, 19.50311157862623, 16.64764021532387, 14.011051433426733, 11.678063477797915, 9.707715684810616, 8.066185740237035, 6.748402476653559, 5.719018085310484, 4.940493678601578, 4.355013876885254, 3.8956501603796583, 3.5294525919770283, 3.206104975849072, 2.888110889221086, 2.5781609408575403, 2.426400109859956], "segunda_derivada": [39.06925570288316, 56.520174334125194, 69.40106976192168, 65.43007966369512, 74.93268644358886, 99.01252882836067, 140.58520980990625, 203.13362274737122, 280.0701512575306, 371.36573926823286, 474.0503080658619, 577.4785080661469, 676.0171702800509, 760.1052233493449, 828.9120470701073, 860.817606696789, 825.9871010500602, 721.0032504234947, 493.0571610755009, 91.71430840284852, -483.97256920922905, -1236.8489072071495, -2062.060647466418, -2736.608637225969, -3041.6548405203657, -2860.4029411816714, -2263.5073776681365, -1457.5332478850555, -680.3478092104208, -62.83348711873151, 380.0469108580638, 642.2910952110044, 771.8882739320437, 825.2309437030626, 807.9656662867228, 752.0846993597463, 680.5356328543329, 589.3003512663532, 494.6118414988041, 405.2494192250117, 321.4219861822423, 247.57568360595118, 186.78722881714816, 143.0812486579875, 113.05266044945965, 94.42656653921617, 87.8255643404786, 85.99088289012126, 63.226840840497765, 41.564365989388705], "sigma": 0.003028513030839841, "center": 5524.98461394731, "fwhm": 0.05707153658669728}