{"x": [5525.20091, 5525.191474285713, 5525.182038571428, 5525.172602857142, 5525.163167142857, 5525.153731428571, 5525.144295714285, 5525.134859999999, 5525.125424285714, 5525.115988571428, 5525.106552857143, 5525.097117142856, 5525.087681428571, 5525.078245714285, 5525.06881, 5525.059374285714, 5525.049938571428, 5525.040502857142, 5525.031067142857, 5525.021631428571, 5525.012195714286, 5525.002759999999, 5524.993324285714, 5524.983888571428, 5524.974452857143, 5524.965017142857, 5524.955581428571, 5524.946145714285, 5524.93671, 5524.927274285714, 5524.917838571429, 5524.908402857142, 5524.898967142857, 5524.889531428571, 5524.880095714286, 5524.87066, 5524.861224285714, 5524.851788571428, 5524.842352857143, 5524.832917142857, 5524.8234814285715, 5524.814045714285, 5524.80461, 5524.795174285714, 5524.785738571429, 5524.776302857143, 5524.766867142857, 5524.757431428571, 5524.747995714286, 5524.73856], "y": [0.07767, 0.0853446503068844, 0.08721887578871292, 0.09857837312548558, 0.10631278480956424, 0.11666523272595672, 0.13591296499333894, 0.14259832605516776, 0.1608382140827715, 0.1922438656904093, 0.21871853222612478, 0.25534116276880275, 0.3002012449054076, 0.3544871162299813, 0.425001870077409, 0.5182401571892061, 0.6493339050413552, 0.8082785187561315, 0.9965398173191091, 1.209797353338623, 1.3936314895512227, 1.5111367816388304, 1.5327323334503264, 1.4411583912822743, 1.2760234350879285, 1.0742160828776746, 0.8789180444044576, 0.7229769147012374, 0.5935653925211688, 0.48872056661159746, 0.4117105581729392, 0.3534742821652515, 0.3044657372704467, 0.267035166630322, 0.23946922530135686, 0.21120833607304246, 0.19048037559058154, 0.17269912269861157, 0.1570295387828955, 0.1450583016480908, 0.1329865191312337, 0.12849492619247715, 0.11394966492602737, 0.10033668838855082, 0.10206837733977395, 0.0957266146764174, 0.08967719777030536, 0.08871140124858617, 0.08213315198023032, 0.07699], "primeira_derivada": [-0.8133618795712216, -0.5059964460339655, -0.701257075929916, -1.011789274384195, -0.9584255655070454, -1.5685182534952449, -1.3741987381130902, -1.320792911629672, -2.630725037450358, -3.067087259682496, -3.3435358027963025, -4.317781898227123, -5.253759835194939, -6.613204967488801, -8.677299672340862, -11.88739019492725, -15.369178886990218, -18.39849648711419, -21.27654687419755, -21.04195083746258, -15.968024209723659, -7.370975831151636, 3.7081660294973453, 13.603045333379098, 19.444331255381567, 21.042677780380828, 18.61221935835434, 15.120882385964455, 12.413281125131308, 9.636516581676336, 7.166722112988553, 5.682920108391606, 4.580422473469945, 3.444175501773545, 2.9582726260523904, 2.5959269339585327, 2.0406093385420534, 1.7725651601373216, 1.4646915015437136, 1.274043433473698, 0.8776958984819293, 1.0087659306331302, 1.492109497560702, 0.6295913179704314, 0.24428853887191948, 0.6566105752188135, 0.3717372747531371, 0.39976018569721067, 0.6211189155202241, 0.5450728820579719], "segunda_derivada": [-32.574686368814604, -5.940451366315455, 26.802042380444476, 13.627399144909184, 29.501157106608428, 22.031886512085645, -13.127005246491393, 66.58352835256295, 92.53641511269801, 37.77195577160342, 66.2745077200986, 101.22307514617523, 121.63483334485187, 181.4139202123849, 279.47991364210765, 354.6037433960113, 345.0245574971564, 313.03236873967444, 140.07706625636203, -281.2994598892571, -724.4271388668789, -1042.6444487111717, -1111.4167157602346, -833.8618969064989, -394.2273060491087, 44.093741704761406, 313.79687934121444, 328.4827224271299, 290.61741582189427, 278.0159961018341, 209.50170562477703, 137.04842904357594, 118.63143259916005, 85.95797828871511, 44.94882645506173, 48.62712348661339, 43.63007128506279, 30.517977736519274, 26.41674554618017, 31.104990321259802, 14.057097046833116, -32.55787428885402, 20.09252300259441, 66.12223096770691, -1.4317547368580419, -6.753528774941793, 13.610542972398292, -13.214772788585377, -7.70014288059649, 8.059382804101121], "sigma": 5.378304202263706e-05, "center": 5524.994897636555, "fwhm": 0.09385330645763795, "statistics": {"wv_mean": 5524.969735000001, "wv_std": 0.13616556328583462, "wv_min": 5524.73856, "wv_max": 5525.20091, "wv_kurt": -1.2009603841533845, "wv_skew": -2.0037970937888576e-11, "int_mean": 0.42632215167088594, "int_std": 0.4353721697376538, "int_max": 1.5327323334503264, "int_min": 0.07699, "int_kurt": 0.5114394486065068, "int_skew": 1.349798492237361}}