{"x": [5800.05768, 5800.053529183673, 5800.049378367346, 5800.045227551021, 5800.041076734694, 5800.036925918367, 5800.03277510204, 5800.028624285715, 5800.024473469388, 5800.020322653061, 5800.016171836734, 5800.012021020408, 5800.007870204082, 5800.003719387755, 5799.999568571428, 5799.995417755102, 5799.991266938776, 5799.987116122449, 5799.982965306122, 5799.978814489796, 5799.974663673469, 5799.970512857143, 5799.966362040816, 5799.96221122449, 5799.958060408163, 5799.953909591837, 5799.94975877551, 5799.945607959184, 5799.941457142857, 5799.937306326531, 5799.933155510204, 5799.929004693878, 5799.924853877551, 5799.920703061224, 5799.916552244898, 5799.912401428572, 5799.908250612245, 5799.904099795918, 5799.899948979592, 5799.895798163266, 5799.891647346939, 5799.887496530612, 5799.8833457142855, 5799.87919489796, 5799.875044081633, 5799.870893265306, 5799.8667424489795, 5799.862591632654, 5799.858440816327, 5799.85429], "y": [0.05429, 0.055974586550809995, 0.05983919215872947, 0.06588792180925962, 0.07240501811308775, 0.0781137459989327, 0.08372744904173852, 0.09114181103355659, 0.10144934451635658, 0.11414890445791855, 0.1288528301001696, 0.14722626886793186, 0.1728675275538363, 0.20902177623357443, 0.2567590550603188, 0.31769130488576924, 0.39709380268020295, 0.5034792738444552, 0.6410891079062049, 0.7999328654121003, 0.9513088744097228, 1.054831955611615, 1.078990109214155, 1.0167615886419021, 0.8890379233572429, 0.7345076811969025, 0.588017864810141, 0.4681980786533722, 0.37739160984297854, 0.3082243309779406, 0.2542569149631736, 0.2127689169619379, 0.18291228301279605, 0.1616430330841822, 0.14423465922499648, 0.12708509193206075, 0.11014303348029193, 0.09595115399680726, 0.08669161735374346, 0.08189403232512328, 0.07876818567597908, 0.07466900518641499, 0.06902494811787689, 0.06322653170591354, 0.05885608057578778, 0.05638661897587003, 0.055247559598832804, 0.05468252216855251, 0.05437063340414819, 0.05414], "primeira_derivada": [-0.40584463830946804, -0.6684458817169181, -1.1941428479623846, -1.5136571901315659, -1.4727011781933228, -1.363880022315485, -1.569337692944927, -2.134748213555501, -2.7713938191162333, -3.3009754499802213, -3.9844408673325677, -5.301932679490985, -7.443777622066378, -10.105425162549963, -13.090139396490029, -16.904475721029854, -22.379690445793447, -29.391243314581075, -35.71027579065714, -37.36852489785434, -30.704693988274645, -15.380255926557226, 4.5858891327675435, 22.881304652504728, 33.99980693658046, 36.26034433778013, 32.079184138876435, 25.371666485323622, 19.2701549648016, 14.832587761159365, 11.498390497471867, 8.59404829490678, 6.158533629703632, 4.659038216528945, 4.1627885258835375, 4.106616995454663, 3.750339148323027, 2.8249161469887847, 1.6932960370598529, 0.9544425787698103, 0.8703140021138284, 1.1736531794195728, 1.3783401361407208, 1.2249238153135598, 0.8239238009641247, 0.43467606043163726, 0.20527249020043736, 0.10563297984711498, 0.06535126175772703, 0.05556338464390363], "segunda_derivada": [63.264963500432046, 94.9570093690821, 101.81266068854093, 33.5546442356113, -18.041892970742907, 11.640663805013334, 92.85742016102546, 144.7975568760625, 140.4816721129175, 146.12150390818752, 241.0317720668734, 416.70559268514387, 578.6202165408287, 680.1507619194552, 819.0016159832455, 1119.0029043809434, 1504.1339596881178, 1605.7787547746807, 960.929243231706, -602.9635387803562, -2648.668026108309, -4251.041282851286, -4608.9199771002495, -3543.148562658594, -1611.615479175789, 231.35482839208007, 1311.6308932223442, 1542.9530200595075, 1269.5188001279714, 936.1730147076061, 751.4834402670565, 643.2297224745444, 474.0043606650784, 240.40392864262196, 66.5436841396271, 49.68292320051012, 154.39141937125754, 247.7877783031192, 225.3139408240583, 99.13496167568871, -26.405721597245037, -61.195930395135974, -6.175970202470798, 66.78401205894339, 95.19184814241596, 74.52164370416065, 39.635948054577185, 16.854663931652862, 6.03129496248742, 2.358060762842464], "sigma": 0.002671475444584015, "center": 5799.9667000859945, "fwhm": 0.037995645129152336, "statistics": {"wv_mean": 5799.9559850000005, "wv_std": 0.05989988951375463, "wv_min": 5799.85429, "wv_max": 5800.05768, "wv_kurt": -1.2009603841539997, "wv_skew": -2.2775364630133095e-11, "int_mean": 0.2779042924937083, "int_std": 0.30240104800542694, "int_max": 1.078990109214155, "int_min": 0.05414, "int_kurt": 0.8589951871397581, "int_skew": 1.4695466501115448}}