{"x": [5598.05335, 5598.042377142858, 5598.031404285714, 5598.020431428572, 5598.009458571429, 5597.998485714286, 5597.987512857143, 5597.976540000001, 5597.965567142857, 5597.954594285715, 5597.9436214285715, 5597.932648571429, 5597.921675714286, 5597.910702857143, 5597.89973, 5597.888757142858, 5597.877784285714, 5597.866811428572, 5597.855838571429, 5597.844865714286, 5597.833892857143, 5597.8229200000005, 5597.811947142857, 5597.800974285715, 5597.7900014285715, 5597.779028571429, 5597.768055714286, 5597.757082857143, 5597.74611, 5597.735137142858, 5597.724164285714, 5597.713191428572, 5597.702218571429, 5597.691245714286, 5597.680272857143, 5597.6693000000005, 5597.658327142857, 5597.647354285715, 5597.636381428571, 5597.625408571429, 5597.614435714286, 5597.603462857143, 5597.59249, 5597.581517142858, 5597.570544285714, 5597.559571428572, 5597.548598571429, 5597.537625714286, 5597.526652857143, 5597.51568], "y": [0.05711, 0.06514860902083407, 0.06675666629788579, 0.07200932765565425, 0.07962235482884086, 0.08902099640650295, 0.09842484408998116, 0.10336381838198884, 0.12152384700017185, 0.12898531769043775, 0.15339157192966452, 0.17494255959295665, 0.2082793952052637, 0.24900393885025954, 0.2932143740957242, 0.3514066746795326, 0.4338381685415031, 0.5325469211963116, 0.6572480893985455, 0.8117455734041491, 0.9654337802991578, 1.0932010315196994, 1.1381406067315412, 1.1025627490372005, 0.9887025139778662, 0.8381195757939409, 0.6934563952293278, 0.5681941901520862, 0.4661825367375001, 0.3878689386415645, 0.3308965995168346, 0.27596748350099487, 0.23941168490245282, 0.20984372340753704, 0.18146498793392343, 0.16365322530015441, 0.14823655887086862, 0.1313488231030001, 0.12370013577631866, 0.10967622838827687, 0.10301710573601583, 0.09920173028653861, 0.09027238398793154, 0.08207987907983065, 0.07908969306447161, 0.07339672019284293, 0.06831520811093017, 0.066868357283291, 0.06311922740646686, 0.05698], "primeira_derivada": [-0.7325903287091982, -0.43956948369470245, -0.3126222525955398, -0.5862506165646294, -0.775170428693562, -0.8567727172760214, -0.6535591318081695, -1.052551883682373, -1.1674944353540448, -1.4521160949510574, -2.0941328819003737, -2.5010725356664403, -3.374753644063039, -3.8702307787595656, -4.66618377037297, -6.407802116392108, -8.254014617999422, -10.180116169761918, -12.722240368794907, -14.04309228162763, -12.825076206276908, -7.869729104454623, -0.42658522733034937, 6.8094431016495856, 12.049877702787786, 13.453475011321094, 12.299685584509922, 10.3561841520786, 8.21687775402468, 6.164572064473202, 5.099011756175964, 4.168691591592758, 3.0130602828672397, 2.640456182655797, 2.1047616635306667, 1.5141192777067676, 1.472014160786434, 1.1180507854563073, 0.987554765024196, 0.9424632878666596, 0.4772912818132125, 0.5807385251696598, 0.7801911108379094, 0.5095614924111178, 0.39566535743324893, 0.4909607777292499, 0.2974778047575169, 0.23676516684827636, 0.45058261283046586, 0.5594921474682469], "segunda_derivada": [-26.70415200085741, -19.136678380384865, 6.6838167562112965, 21.076925092339412, 12.32687609021725, -5.541459954416685, 8.921066038563003, 23.418481479104567, 18.206935808357947, 42.224118772440754, 47.79778079029728, 58.35402509527377, 62.38841102492508, 58.846575212646755, 115.62947118488768, 163.48662891145423, 171.89297209725765, 203.60356890742725, 176.02416861770493, 4.685918906221776, -281.30153782188535, -564.9618334370509, -668.8855972054323, -568.514780046873, -302.7484921734576, -11.38299161602932, 141.13420137150717, 186.0412369052733, 190.99911869046312, 142.07174837218093, 90.94625250721845, 95.05051629447122, 69.6370776106985, 41.38842816921036, 51.32377512459856, 28.832394995497292, 18.047646437653864, 22.075353276491633, 8.000992599447754, 23.251167702615604, 16.482706280941514, -13.802231500925917, 3.2433226748447086, 17.521678647518634, 0.8475784583585222, 4.474110589310749, 11.582927198061963, -6.976524257976305, -14.705694989839301, -9.925357928600867], "sigma": 2.108338392758924e-09, "center": 5597.809489834755, "fwhm": 0.10853541839710701, "statistics": {"wv_mean": 5597.784514999999, "wv_std": 0.15834787155188607, "wv_min": 5597.51568, "wv_max": 5598.05335, "wv_kurt": -1.2009603841538998, "wv_skew": 1.7230919285564392e-11, "int_mean": 0.31371970244469544, "int_std": 0.31812410027157384, "int_max": 1.1381406067315412, "int_min": 0.05698, "int_kurt": 0.6152960805742089, "int_skew": 1.374745023988167}}