{"x": [5786.38984, 5786.381653673469, 5786.373467346939, 5786.365281020408, 5786.357094693877, 5786.348908367347, 5786.340722040816, 5786.332535714286, 5786.324349387755, 5786.316163061224, 5786.3079767346935, 5786.299790408163, 5786.291604081633, 5786.283417755102, 5786.275231428571, 5786.26704510204, 5786.25885877551, 5786.2506724489795, 5786.242486122449, 5786.234299795919, 5786.226113469387, 5786.217927142857, 5786.209740816326, 5786.201554489796, 5786.193368163265, 5786.185181836734, 5786.176995510204, 5786.168809183673, 5786.160622857143, 5786.152436530612, 5786.144250204081, 5786.13606387755, 5786.12787755102, 5786.1196912244895, 5786.111504897959, 5786.103318571429, 5786.095132244897, 5786.086945918367, 5786.078759591836, 5786.070573265306, 5786.0623869387755, 5786.054200612244, 5786.046014285714, 5786.037827959183, 5786.029641632653, 5786.021455306122, 5786.013268979592, 5786.0050826530605, 5785.99689632653, 5785.98871], "y": [0.03293, 0.03413963959423952, 0.03698648065571994, 0.04046621805226319, 0.04440504481208063, 0.04769027163680265, 0.051067707884926664, 0.05701328408318637, 0.06446716167550405, 0.07275040520375493, 0.08154821988125778, 0.09158256661188552, 0.10535923069890099, 0.11990894133130023, 0.13680762734861734, 0.164353647276036, 0.19938923061100172, 0.23884688239944232, 0.2887160346736813, 0.3507381994403856, 0.4273568940066614, 0.5152908465211116, 0.5962329292834183, 0.6479545414825922, 0.6505235417136267, 0.6000318559476617, 0.5197682169729311, 0.435207097104064, 0.35984851062931544, 0.2965562172607335, 0.2424749503208121, 0.20143645137693023, 0.1721694077782821, 0.14523311901918898, 0.12302710655182295, 0.10876134650545745, 0.09626453466343318, 0.0839736645141623, 0.0739321767525508, 0.06787083975831752, 0.06366093359266989, 0.057592151990909404, 0.053269235364682456, 0.048839211121157425, 0.04145744106901447, 0.03897587102121525, 0.038327054331952444, 0.0347750703333361, 0.034703110518165596, 0.03316], "primeira_derivada": [-0.14776341863963605, -0.2477595195251377, -0.38641131856519784, -0.4531070272090384, -0.4412268163057933, -0.4069385119237652, -0.5694258842294313, -0.8184045518302954, -0.9611833257053661, -1.0432675841399472, -1.1502205133208472, -1.454315969994468, -1.7301029108754935, -1.920788068433178, -2.7145695799547087, -3.8223251314012012, -4.549857304514287, -5.455853961506869, -6.834037014328834, -8.467831011235756, -10.050457092050346, -10.31451864573324, -8.102761016680454, -3.315932502098086, 2.9269957259840145, 7.986202617687313, 10.067076986883544, 9.767488857718547, 8.468443038988045, 7.1688784869141715, 5.809673333009633, 4.2940836943791325, 3.4327565696709144, 3.001486750111525, 2.227603087787562, 1.6345898118868927, 1.513968560728679, 1.3640036118652779, 0.9835195735199486, 0.6273414040886891, 0.6277961017438911, 0.6346984931982689, 0.5346073624839724, 0.7214343485893128, 0.6024277228165376, 0.1911960587828077, 0.2565742199520664, 0.22134126950019842, 0.09864438752405139, 0.18849853013143], "segunda_derivada": [12.215014941508235, 14.576006651940144, 12.542103403077126, 3.3479911614607305, -2.819855469577765, 7.830072954383133, 25.13129902503136, 23.927547967869828, 13.734062003316126, 11.545910543749615, 25.105789777968234, 35.417741730540925, 28.490929155077108, 60.12871984539046, 116.14104664586742, 112.09470558822697, 99.77178555178172, 139.51188615055298, 183.9638962925433, 196.45075636668804, 112.7909830817353, -118.960321709952, -427.45583856225505, -673.6694842087682, -690.3056625654455, -436.09800036348867, -108.79643228288755, 97.64049491242245, 158.71651107116298, 162.390890220503, 175.5851529793313, 145.17602947413258, 78.94853323158902, 73.60770898893222, 83.48658785723005, 43.586981557898255, 16.526716775841695, 32.39847477594, 44.9934537204547, 21.726684762264203, -0.4493522877328615, 5.691731138998994, -5.297605407531004, -4.142295086832071, 32.385605914586755, 21.123852168494892, -1.8411927867518258, 9.645952420283992, 2.0059509748731257, -10.9761249167334], "sigma": 1.4338804366742508e-05, "center": 5786.196874172896, "fwhm": 0.08225903332931492, "statistics": {"wv_mean": 5786.189275000001, "wv_std": 0.11813581140036132, "wv_min": 5785.98871, "wv_max": 5786.38984, "wv_kurt": -1.2009603841538392, "wv_skew": -2.3096122193477953e-11, "int_mean": 0.18135682242754325, "int_std": 0.18317791981180817, "int_max": 0.6505235417136267, "int_min": 0.03293, "int_kurt": 0.5415683300217444, "int_skew": 1.3438372503084837}}