{"x": [5786.33429, 5786.3279097959185, 5786.321529591836, 5786.315149387755, 5786.308769183674, 5786.302388979591, 5786.29600877551, 5786.289628571429, 5786.2832483673465, 5786.276868163265, 5786.270487959184, 5786.264107755102, 5786.25772755102, 5786.251347346939, 5786.244967142857, 5786.238586938775, 5786.232206734694, 5786.225826530612, 5786.2194463265305, 5786.213066122449, 5786.206685918367, 5786.200305714286, 5786.193925510204, 5786.187545306122, 5786.181165102041, 5786.174784897959, 5786.168404693878, 5786.162024489796, 5786.1556442857145, 5786.149264081633, 5786.142883877551, 5786.13650367347, 5786.130123469388, 5786.123743265306, 5786.117363061225, 5786.110982857143, 5786.104602653061, 5786.09822244898, 5786.0918422448985, 5786.085462040816, 5786.079081836735, 5786.072701632654, 5786.066321428571, 5786.05994122449, 5786.053561020409, 5786.0471808163265, 5786.040800612245, 5786.034420408164, 5786.028040204082, 5786.02166], "y": [0.03778, 0.04193415709903798, 0.04285104231500445, 0.043266573091388524, 0.047354840338184864, 0.05362135827863715, 0.05879438034839334, 0.06558006531813648, 0.07629113574663865, 0.08616695622174342, 0.09425743627124425, 0.10923159267497287, 0.13381807825467687, 0.16063728101310687, 0.19141888389667452, 0.24003012194599926, 0.3110858791074863, 0.3993364980337869, 0.5069099213977796, 0.6294882293809093, 0.7280595667080305, 0.7510140506360045, 0.6875492571865802, 0.5761856802310417, 0.46112740875032737, 0.36209104318137997, 0.282423108699996, 0.22317934993436855, 0.18292657577960586, 0.1552297065155013, 0.13296837974158998, 0.11399355858120055, 0.0995627685339394, 0.08815972182526502, 0.07660850450244158, 0.06731605113328307, 0.06494262914596077, 0.06551229108587184, 0.06049495926695535, 0.05160948588861788, 0.048000608819476126, 0.04987682488827468, 0.04910664547313805, 0.044018839198996074, 0.04018363534468999, 0.03975249175168011, 0.040501934112137886, 0.041135843210265394, 0.04068059617463944, 0.03804], "primeira_derivada": [-0.6511009751549673, -0.3974043972579651, -0.10441797591990261, -0.3529509374444305, -0.8114775839867219, -0.8964869981885146, -0.9371727680705371, -1.3711752143018, -1.6133410969094266, -1.4079722447433327, -1.8075155714139797, -3.1002646213474536, -4.028530097383949, -4.514025327692653, -6.221810455846277, -9.377991180649863, -12.484426363628634, -15.346220887317513, -18.036392599165097, -17.330922528154037, -9.523662542563086, 3.1746875965949966, 13.700844688044281, 17.74409137498282, 16.778039880914136, 14.004591214677713, 10.88614811270086, 7.797284510423221, 5.325036828975772, 3.915093890232216, 3.231569664994343, 2.6179108678853256, 2.0245305968905556, 1.7988659717838644, 1.633464261197695, 0.9142243106138892, 0.14135598362460694, 0.34855232076543735, 1.0895266843390095, 0.9791497487644033, 0.13578413623279792, -0.08667721592328037, 0.45907510278614344, 0.6992730964959912, 0.3343425533596974, -0.02494424656077323, -0.10840965594145571, -0.01400128116683508, 0.2426131805961086, 0.4138733089069678], "segunda_derivada": [-39.76308197407104, -42.84212481512231, -3.4837020292569547, 55.41042253934103, 42.5955074302672, 9.850404663604882, 37.20008091142081, 52.98955332556884, 2.8836875725197944, 15.21694855129527, 132.6205521730141, 174.05513189718, 110.7927495989866, 171.8816773217342, 381.1763535000373, 490.7849206668659, 467.71463970188887, 435.0931541039616, 155.53590571232644, -667.1205142883364, -1606.9713336686214, -1820.0442285685212, -1141.7662814263167, -241.1517839733268, 293.05490174296267, 461.7322340408818, 486.45048220178717, 435.8098277456983, 304.23718196998334, 164.05957686839994, 101.65685969602859, 94.59251245872709, 64.18641830286681, 30.64685162733963, 69.32706617954692, 116.93264497873413, 44.33024262216997, -74.30567178014086, -49.41828034935893, 74.74232296345808, 83.52608718328415, -25.335472220756746, -61.59288185340568, 9.774965489862145, 56.75502960203277, 34.697339115341755, -0.8575717370835827, -27.5087467452674, -33.53141879079928, -26.84242167302441], "sigma": 1.8293851211659273e-07, "center": 5786.201290852582, "fwhm": 0.05296015197946117, "statistics": {"wv_mean": 5786.177975, "wv_std": 0.09207189369529031, "wv_min": 5786.02166, "wv_max": 5786.33429, "wv_kurt": -1.2009603841516212, "wv_skew": 1.4817155106622462e-11, "int_mean": 0.1798421189407012, "int_std": 0.20030696766640915, "int_max": 0.7510140506360045, "int_min": 0.03778, "int_kurt": 1.4443757209447607, "int_skew": 1.6294123736349078}}