{"x": [5779.67881, 5779.672756530613, 5779.666703061225, 5779.660649591837, 5779.654596122449, 5779.648542653062, 5779.642489183674, 5779.636435714286, 5779.630382244898, 5779.624328775511, 5779.618275306123, 5779.612221836735, 5779.606168367347, 5779.600114897959, 5779.594061428572, 5779.588007959184, 5779.581954489796, 5779.575901020408, 5779.569847551021, 5779.563794081633, 5779.557740612246, 5779.551687142857, 5779.54563367347, 5779.539580204082, 5779.5335267346945, 5779.527473265306, 5779.5214197959185, 5779.515366326531, 5779.509312857143, 5779.503259387755, 5779.497205918367, 5779.49115244898, 5779.485098979592, 5779.479045510205, 5779.472992040816, 5779.466938571429, 5779.460885102041, 5779.454831632654, 5779.448778163265, 5779.442724693878, 5779.43667122449, 5779.4306177551025, 5779.424564285715, 5779.4185108163265, 5779.412457346939, 5779.406403877551, 5779.400350408164, 5779.394296938775, 5779.388243469388, 5779.38219], "y": [0.08421, 0.09248346003628721, 0.09938652366087813, 0.10698738333233873, 0.11881150972618716, 0.134453696682772, 0.15089549201734373, 0.16876123045267638, 0.19200658924132355, 0.22131723547008647, 0.2541368819208922, 0.2919367592574206, 0.34174126035989055, 0.4091749879403507, 0.49529737927655976, 0.6020581726919249, 0.737030409853951, 0.908848595514089, 1.1148558031531344, 1.330916330687928, 1.5165934536873986, 1.6360573616914076, 1.673695566648223, 1.6284466125401003, 1.504583002866554, 1.3186907156373031, 1.107314925151336, 0.9107001559504114, 0.7481787777062696, 0.6179699305768369, 0.5148385511780661, 0.43547497039554195, 0.3730064537173502, 0.32073834192170086, 0.27882441100190064, 0.24799364891275186, 0.2224641237928277, 0.19754942303074996, 0.17662207383870165, 0.1624984279509825, 0.15083284866749636, 0.138829941249444, 0.13003399146856448, 0.12434161414665866, 0.11493502520577478, 0.10108415869835016, 0.09183223918823004, 0.09098448641448409, 0.09043842518900683, 0.08397], "primeira_derivada": [-1.3667303006932914, -1.2535393085562705, -1.1979843595794715, -1.6044506728482586, -2.2686422935342874, -2.650049107139264, -2.833708372084321, -3.395664088549515, -4.340982142032395, -5.1317920932519225, -5.832979343427961, -7.23588184096174, -9.683556748068778, -12.683315061642267, -15.931623041506821, -19.966486578448613, -25.34004908242864, -31.207343187040163, -34.86163951218797, -33.18243017469808, -25.203813833436367, -12.976204461532916, 0.628627045422666, 13.968234821622204, 25.58498912346593, 32.81325569286456, 33.69890335332562, 29.66366264142221, 24.17871526314437, 19.273263939393477, 15.073584129834108, 11.714942983965539, 9.47693141967232, 7.779178903757042, 6.0085125030174105, 4.655205436816495, 4.166554966456801, 3.786427833016359, 2.8951162410442253, 2.13011940096986, 1.9549522089107398, 1.717928667624868, 1.1966961567104628, 1.24713327969436, 1.9210021525946732, 1.90822688102216, 0.8342052826660825, 0.1151252207522975, 0.5793773756341878, 1.068548426511847], "segunda_derivada": [-18.698532178881, -13.93795279288982, 28.984318066197993, 88.43341440496434, 86.36356833992022, 46.67291121616626, 61.58575633399753, 124.49668721660657, 143.39942052671032, 123.23488448322757, 173.79205320145684, 318.04715261874117, 449.94307161052694, 516.0731717158526, 601.5700295587908, 777.1102352942636, 928.4639838818122, 786.4573040823694, 163.13677836706455, -797.7099627042505, -1668.9789291077088, -2133.688899958491, -2225.5369242107677, -2061.3271894428126, -1556.5471354804422, -670.1871034430691, 260.1477640176676, 786.3414746721336, 858.218488939053, 752.0589061992138, 624.2966199655558, 462.26819298615635, 325.0833388454452, 286.4819076748238, 258.03165645221424, 152.14065014916574, 71.75865178954828, 105.01735813940657, 136.80654232165458, 77.65497534907098, 34.045826199482, 62.62987418086657, 38.88641023470117, -59.82569246316531, -54.60452172164141, 89.76644634259917, 148.10528849970333, 21.048087526199858, -78.7501467935098, -80.8083793871204], "sigma": 0.004018756172381011, "center": 5779.544532529924, "fwhm": 0.06439664223891758, "statistics": {"wv_mean": 5779.530499999999, "wv_std": 0.08735682790510572, "wv_min": 5779.38219, "wv_max": 5779.67881, "wv_kurt": -1.2009603841534295, "wv_skew": 4.685076143472933e-11, "int_mean": 0.49129666719400916, "int_std": 0.49202593378038384, "int_max": 1.673695566648223, "int_min": 0.08397, "int_kurt": 0.16102888547012428, "int_skew": 1.2381266277126404}}