{"x": [5739.4013, 5739.3951120408165, 5739.388924081633, 5739.382736122449, 5739.376548163265, 5739.370360204082, 5739.364172244898, 5739.357984285714, 5739.351796326531, 5739.345608367347, 5739.339420408163, 5739.33323244898, 5739.327044489796, 5739.320856530613, 5739.314668571429, 5739.308480612245, 5739.302292653062, 5739.296104693878, 5739.289916734694, 5739.283728775511, 5739.277540816327, 5739.271352857143, 5739.26516489796, 5739.258976938776, 5739.252788979592, 5739.246601020409, 5739.240413061225, 5739.234225102041, 5739.228037142858, 5739.221849183674, 5739.21566122449, 5739.209473265307, 5739.203285306123, 5739.197097346939, 5739.190909387756, 5739.184721428572, 5739.178533469388, 5739.172345510205, 5739.166157551021, 5739.159969591838, 5739.153781632654, 5739.14759367347, 5739.1414057142865, 5739.1352177551025, 5739.1290297959185, 5739.1228418367355, 5739.1166538775515, 5739.1104659183675, 5739.104277959184, 5739.09809], "y": [0.09079, 0.09694034105097168, 0.10425381296818788, 0.11250441003543478, 0.12192551246168676, 0.13685290451053847, 0.15832805410837078, 0.18115465569564215, 0.20345702956829137, 0.23011515281107853, 0.2644675480827881, 0.30581030215402577, 0.3556698564654701, 0.41960195400083405, 0.5033018954189634, 0.6121573113819453, 0.7532435370839499, 0.934396946007411, 1.156926122658987, 1.3997830305413768, 1.6134210068394617, 1.7503170240912032, 1.8069574129455546, 1.8119398755438612, 1.769400405085346, 1.6492151334251293, 1.4451396812101867, 1.2057440084379958, 0.9874190613411692, 0.8093607780771006, 0.6650620548935928, 0.5521320867072307, 0.46798298304098807, 0.40128585901227304, 0.34431705790993133, 0.29885905703074667, 0.26440227500468705, 0.23557348208364798, 0.21142063533139296, 0.19347587999654475, 0.17769155769183767, 0.16036592453168796, 0.14543104000327453, 0.13591279971212664, 0.1271581214931453, 0.11647019147198841, 0.10848657906047572, 0.10473581937796161, 0.09959321854854693, 0.09116], "primeira_derivada": [-0.9939207528848324, -1.0879041513406065, -1.2576092151574143, -1.4279101532554808, -1.9674091047570683, -2.9414012412641997, -3.5796738365474963, -3.6465152824537403, -3.9561102185120416, -4.9297770638460925, -6.116325843289176, -7.3693366162914, -9.194602652647323, -11.928976466612356, -15.558874231048154, -20.195805616335907, -26.037634143005153, -32.61839433423346, -37.60416566517375, -36.88573814409789, -28.32387731780553, -15.638145014034471, -4.97925484193763, 3.0346845174238353, 13.148498341077646, 26.200942367069675, 35.83339125236458, 36.98478014261369, 32.02859122080165, 26.04711802896333, 20.78461442136754, 15.924399790563882, 12.188689615571963, 9.992464515611939, 8.276299095028385, 6.4572810299080405, 5.113606366012392, 4.281026918718891, 3.401573995439171, 2.7253797770113066, 2.6753534146219833, 2.6067170719550323, 1.975863454677155, 1.476489902955989, 1.5710032713104678, 1.5086995468838165, 0.9481617238513336, 0.7186020663801711, 1.0969545027126515, 1.3628432731693523], "segunda_derivada": [15.18810898089628, 21.306577374832088, 27.47319365159739, 57.353310558038075, 122.2932345801374, 130.2743508781026, 56.974684239506665, 30.416844293848357, 103.69022672344659, 174.5499251486917, 197.12149677203138, 248.73118245098252, 368.4284038632086, 514.2464090046828, 667.9770263443667, 846.7056424547078, 1003.7710616249507, 934.5998558050436, 344.8102745424572, -749.8666419828166, -1716.8498125389926, -1886.2941547823732, -1508.8035471487312, -1464.7602419484022, -1871.8819212065075, -1832.986630846502, -871.3565696623625, 307.4357731452718, 883.785896871577, 908.5367618879859, 817.9367331101769, 694.5686413597994, 479.3127345037919, 316.129308912842, 285.6501942603603, 255.5521646942105, 175.8458682936823, 138.33578404400453, 125.69953158764149, 58.680136639356505, 9.588193904324175, 56.52024675647843, 91.32471106195793, 32.71354669033632, -2.6026063660480614, 50.32689526430623, 63.8415232721545, -12.022766670571128, -52.05603234289165, -42.96873372155422], "sigma": 0.012513727379258155, "center": 5739.260403654967, "fwhm": 0.07103317505093168, "statistics": {"wv_mean": 5739.249695, "wv_std": 0.08929763262452822, "wv_min": 5739.09809, "wv_max": 5739.4013, "wv_kurt": -1.2009603841549112, "wv_skew": 1.2180929338642206e-17, "int_mean": 0.5578422277381009, "int_std": 0.5558451676734998, "int_max": 1.8119398755438612, "int_min": 0.09079, "int_kurt": -0.07282545817125241, "int_skew": 1.1683529578408132}}