{"x": [5643.35543, 5643.344091836734, 5643.332753673469, 5643.321415510204, 5643.310077346939, 5643.298739183673, 5643.287401020408, 5643.276062857142, 5643.264724693877, 5643.253386530612, 5643.242048367347, 5643.230710204081, 5643.219372040816, 5643.20803387755, 5643.196695714286, 5643.18535755102, 5643.174019387755, 5643.1626812244895, 5643.151343061224, 5643.1400048979585, 5643.128666734694, 5643.1173285714285, 5643.105990408163, 5643.094652244898, 5643.083314081632, 5643.071975918368, 5643.060637755102, 5643.049299591837, 5643.037961428571, 5643.026623265306, 5643.015285102041, 5643.003946938776, 5642.99260877551, 5642.981270612245, 5642.969932448979, 5642.958594285714, 5642.947256122449, 5642.935917959184, 5642.924579795918, 5642.913241632653, 5642.901903469387, 5642.890565306123, 5642.879227142857, 5642.867888979592, 5642.8565508163265, 5642.845212653061, 5642.833874489796, 5642.822536326531, 5642.8111981632655, 5642.79986], "y": [0.04073, 0.04615403404368434, 0.043065591122474906, 0.04364055200756902, 0.05157688161956923, 0.05006037554016102, 0.055496449432832676, 0.06009594754331929, 0.05831336891724978, 0.06386906492368133, 0.06936338637801054, 0.07686180240554469, 0.0894744519139294, 0.0975183824328608, 0.11119314572275861, 0.12935956986368533, 0.15982971640927113, 0.18988333293349147, 0.2345256406671747, 0.28995371629443156, 0.36877864332361643, 0.47668297565443013, 0.6055004326386599, 0.7347317848226776, 0.8036855720604934, 0.7907473750111753, 0.6872679509464863, 0.5618254380260349, 0.4446508770709569, 0.3481015147362192, 0.2789581906793091, 0.22647022707024786, 0.1889790190072142, 0.16356790385736542, 0.1350719789973724, 0.11936589027402063, 0.10806251223918827, 0.09683197251005504, 0.08419223345220103, 0.07506178183218414, 0.07180025055277398, 0.07008593389135873, 0.061467990582718075, 0.056434639748447896, 0.05202383327807959, 0.046330738350105496, 0.050244109715219, 0.04835519852854503, 0.049180507237655414, 0.04085], "primeira_derivada": [-0.47838736457483216, -0.10299689058055699, 0.11084167591201731, -0.3753381521397429, -0.2831068570050911, -0.17284844650290726, -0.4425572188454404, -0.12422291946516213, -0.16639015033441895, -0.4872931004117124, -0.5729648258567405, -0.8868749313734829, -0.9109314949731139, -0.957769494987605, -1.4041598575798724, -2.1448170020033475, -2.6690285565988927, -3.2940046156077716, -4.41298916843776, -5.920403486813618, -8.234546239789559, -10.439159490501613, -11.379656613089654, -8.739737415208621, -2.4702233015716595, 5.133883610288423, 10.095194945835827, 10.699134780257893, 9.424979967470758, 7.3068574917684215, 5.363800327401428, 3.9679783032483655, 2.773920331720947, 2.3772386561959307, 1.9492581182873445, 1.1910865158177313, 0.9937199366985772, 1.0526519255414462, 0.9600404478291236, 0.5464722375789629, 0.2194291890372376, 0.4556408180301404, 0.602006419527095, 0.4164765087395429, 0.445570466828571, 0.07848376854307959, -0.08927637268583381, 0.04690364976688957, 0.3309706498673405, 0.7347316353284801], "segunda_derivada": [-33.108578982781474, -25.984325092656597, 12.009937376703128, 17.372678612455957, -8.92956384980028, 7.031578136030165, -2.1443299897550308, -12.178651076238841, 16.01097869471651, 17.929477024601734, 17.621100596553724, 14.903942605317237, 3.126368969746128, 21.750805270591183, 52.34743402748175, 55.77925936522024, 50.67785613499142, 76.90666340777683, 115.82117886791792, 168.52628516761763, 199.27195869693807, 138.69576137081137, -74.94256501268927, -392.895793741847, -611.8107801601733, -554.1205375912183, -245.42119564115677, 29.555712096974325, 149.5955389362947, 179.09336570424384, 147.24074395825127, 114.2107383287257, 70.14979453937961, 36.36665807880651, 52.307949383267804, 42.13813821757557, 6.104806706369837, 1.4852268432243425, 22.32194386829477, 32.660107349477265, 4.005561457610175, -16.87121721339742, 1.72710113506184, 6.898646149109174, 14.905092310056862, 23.586132382815567, 1.3926470292437259, -18.532411852372626, -30.332425519781157, -35.610793036558746], "sigma": 5.867739919063197e-06, "center": 5643.078408379448, "fwhm": 0.0955009868186106, "statistics": {"wv_mean": 5643.077644999999, "wv_std": 0.16361955660158825, "wv_min": 5642.79986, "wv_max": 5643.35543, "wv_kurt": -1.2009603841535332, "wv_skew": 8.337854064640437e-12, "int_mean": 0.19612545772533024, "int_std": 0.21438580060466556, "int_max": 0.8036855720604934, "int_min": 0.04073, "int_kurt": 1.459936212228941, "int_skew": 1.62904341633984}}