{"x": [5521.18971, 5521.188556938775, 5521.18740387755, 5521.186250816326, 5521.185097755102, 5521.1839446938775, 5521.182791632653, 5521.181638571428, 5521.180485510204, 5521.179332448979, 5521.178179387754, 5521.177026326531, 5521.175873265306, 5521.1747202040815, 5521.173567142857, 5521.172414081632, 5521.171261020408, 5521.170107959183, 5521.168954897959, 5521.167801836735, 5521.16664877551, 5521.1654957142855, 5521.164342653061, 5521.163189591836, 5521.162036530612, 5521.160883469388, 5521.159730408163, 5521.158577346939, 5521.157424285714, 5521.1562712244895, 5521.155118163265, 5521.15396510204, 5521.152812040817, 5521.151658979592, 5521.150505918367, 5521.149352857143, 5521.148199795918, 5521.1470467346935, 5521.145893673469, 5521.144740612245, 5521.143587551021, 5521.142434489796, 5521.141281428571, 5521.140128367347, 5521.138975306122, 5521.1378222448975, 5521.136669183674, 5521.135516122449, 5521.134363061225, 5521.13321], "y": [0.01192, 0.015052698273750472, 0.018460078737842393, 0.02212197103063156, 0.026016540755016044, 0.030106492386700903, 0.03435584449339916, 0.03875659258396164, 0.04328349015093392, 0.04788647926041423, 0.05251556275446263, 0.05713155156907153, 0.06171709566277908, 0.06623908261295809, 0.0706462559804834, 0.07487700976736296, 0.07888954554031948, 0.08267782618355296, 0.08620281439265517, 0.08940708657110688, 0.09225381911098846, 0.0947187477259509, 0.09678626929524276, 0.09842901333263787, 0.09961897951456099, 0.1003433877269248, 0.10059327259940806, 0.10036107610866794, 0.09964029627016896, 0.09843386160347568, 0.0967622623362347, 0.09463267135485796, 0.09204573281836324, 0.08902653134535625, 0.08561350028056496, 0.08185237170169105, 0.07776154045819636, 0.0733537704809318, 0.06867843036120111, 0.06379577282171665, 0.0587653776771482, 0.053613402236887674, 0.04836353572471444, 0.04307118007207831, 0.037802752847242584, 0.03262184713068099, 0.027546216852584404, 0.02259648836469062, 0.01782801540357353, 0.0133], "primeira_derivada": [-2.7168533698641837, -2.8359633461941742, -3.065436858850084, -3.2766959198926022, -3.4623145713254666, -3.6161582578494786, -3.750928403720027, -3.8712799749763978, -3.958977407949067, -4.003288119685296, -4.00892516154274, -3.9900452445753545, -3.949283372589618, -3.8719367745188764, -3.745649827614949, -3.5745237910503587, -3.3826549057730584, -3.1712404767024918, -2.917997868007563, -2.6238870014740074, -2.303286695216555, -1.9653987522536744, -1.6088762363555973, -1.2283433693072707, -0.8301269499734868, -0.4224810723116777, -0.007670183232928694, 0.41323752325409624, 0.8356947853478124, 1.2479970154660995, 1.648303735949663, 2.045220764974203, 2.4309810667653884, 2.7891981798083783, 3.1109187832029246, 3.404832134998568, 3.685234157279518, 3.938693758452042, 4.144618455186443, 4.2985803686558945, 4.415364235426216, 4.510533235527825, 4.571406070976212, 4.579454521598908, 4.531126673217782, 4.447524459138131, 4.347279466147189, 4.214087353544354, 4.031220617885253, 3.9269514115279804], "segunda_derivada": [103.29891751405675, 151.15567219892958, 191.1141248576028, 172.0974151936256, 147.2004828731397, 125.15113084794885, 110.62800122017383, 90.21593987726288, 57.24246982338904, 21.658760405555206, -5.742485668792189, -25.862368668516797, -51.21517727564029, -88.30127170521874, -128.96669193270748, -157.40487759599026, -174.87506549494012, -201.4884500623823, -237.34796720265118, -266.55617224364727, -285.53915228618797, -301.1160396508076, -319.6080863761436, -337.6877436162386, -349.4447129568704, -356.6405449722407, -362.39124936579987, -365.7069332391914, -361.9753549912005, -352.37025287809263, -345.6987939974481, -339.391055052978, -322.6096755517333, -294.8402486891114, -266.95631682378064, -249.03940997113202, -231.49751810988872, -199.20204066396036, -156.05702570844326, -117.40303748282788, -91.90876527090136, -67.66415877106726, -29.88622139045328, 17.466287521695467, 57.20861114942888, 79.72135530129813, 101.22493962283738, 137.05206693075675, 124.51027572827284, 90.42816125591081], "sigma": 0.01279190743447578, "center": 5521.160067957024, "fwhm": 0.03515097128177312}