{"x": [5786.32764, 5786.321836530613, 5786.3160330612245, 5786.310229591837, 5786.3044261224495, 5786.298622653062, 5786.292819183674, 5786.287015714286, 5786.281212244899, 5786.27540877551, 5786.269605306123, 5786.263801836735, 5786.257998367348, 5786.252194897959, 5786.246391428572, 5786.240587959184, 5786.234784489796, 5786.228981020408, 5786.223177551021, 5786.217374081633, 5786.211570612245, 5786.205767142857, 5786.19996367347, 5786.1941602040815, 5786.188356734694, 5786.1825532653065, 5786.176749795919, 5786.170946326531, 5786.165142857143, 5786.159339387756, 5786.153535918367, 5786.14773244898, 5786.141928979592, 5786.136125510205, 5786.130322040816, 5786.124518571429, 5786.118715102041, 5786.112911632653, 5786.107108163265, 5786.101304693878, 5786.09550122449, 5786.089697755102, 5786.083894285714, 5786.078090816327, 5786.0722873469385, 5786.066483877551, 5786.0606804081635, 5786.054876938776, 5786.049073469388, 5786.04327], "y": [0.04163, 0.044936859446828126, 0.04707905401721029, 0.04733840288468818, 0.04581673266354701, 0.04348711281219206, 0.0417962369834662, 0.04210581230311159, 0.04512493332525056, 0.05053869599400688, 0.05705487741625949, 0.06287890516429433, 0.06651477571438044, 0.06767500927968309, 0.0677818260641312, 0.06999986224175547, 0.07848134838001444, 0.09733589971199125, 0.12945625411487988, 0.17542100795244137, 0.23260657626762088, 0.29464719376601883, 0.35168551256851416, 0.3921629236114589, 0.406412375000887, 0.3907569072407632, 0.3493849819410826, 0.29230354893705557, 0.23117825254215219, 0.17570753048292093, 0.13188286483179548, 0.10184370362839293, 0.08453239006984188, 0.07671845373958337, 0.07417266799641578, 0.0728912965525484, 0.0700716648207853, 0.06471675171884916, 0.057497948740783816, 0.05013331543246993, 0.044478073463397404, 0.04170547388333169, 0.0419271782484198, 0.044222594053363914, 0.04707573098933845, 0.04897841382015135, 0.048995460525981464, 0.04707419357229781, 0.04395746327268995, 0.04082], "primeira_derivada": [-0.5698073386843121, -0.46946521579992323, -0.2069058417749117, 0.10875575189401727, 0.3318092864235946, 0.3463872565972683, 0.11900644396841542, -0.28678503490973073, -0.7265381384104245, -1.0278286395174825, -1.0631751755995784, -0.8150209526816814, -0.4132100813129068, -0.10916318025043972, -0.20029854616612872, -0.921821207335697, -2.355146175748355, -4.391761404363222, -6.727450687395346, -8.886953239281738, -10.271975075891929, -10.259288741777803, -8.401502905125223, -4.715012587638128, 0.12113584795706257, 4.913215634652929, 8.482284623403379, 10.184143440494427, 10.04537205841372, 8.554829970880917, 6.363764665306476, 4.079497245555262, 2.164674973811336, 0.892545594788975, 0.329730108939432, 0.35332340896485764, 0.7042808609160202, 1.0832930476117646, 1.2564412175401838, 1.12173205440062, 0.7261037308672822, 0.21977329804404389, -0.21686339687197634, -0.4435754198689528, -0.4097393687177021, -0.1653949912079646, 0.1640587828338086, 0.4340504719251795, 0.5388323048000297, 0.5406185616222683], "segunda_derivada": [-17.290023636634942, -31.265909462925393, -49.81683619232145, -46.41319633379075, -20.473228067250503, 18.334105707251656, 54.55118733123648, 72.84819871711747, 63.84487924978212, 29.003085455035208, -18.33452307804947, -55.997977320811664, -60.813431177571225, -18.343470165331208, 70.01484567450404, 185.65167536285264, 298.9539502205834, 376.6974735029421, 387.2848751989153, 305.37977815928497, 118.23406059003436, -161.15120507010772, -477.66911337944657, -734.2710181920654, -829.523478061812, -720.3577909321833, -454.11868776115637, -134.6683621916019, 140.37409011947503, 317.1902139044226, 385.57390641304494, 361.77408814616837, 274.57296988847463, 158.09033719380807, 46.45688206292122, -32.269555240803705, -62.8907977150517, -47.571574838495806, -3.311726505496725, 45.691417604015164, 77.70858223430766, 81.2416732735906, 57.15104824551993, 16.617298976883884, -23.966735246186133, -49.435786874938415, -51.64544026234733, -32.288748067145335, -9.181412235777918, -0.3077912026356955], "sigma": 6.3167225947680095e-06, "center": 5786.188443744571, "fwhm": 0.05407127545435312}