{"x": [5754.18403, 5754.174190816327, 5754.164351632653, 5754.15451244898, 5754.144673265307, 5754.134834081633, 5754.124994897959, 5754.115155714286, 5754.105316530612, 5754.095477346939, 5754.085638163266, 5754.075798979592, 5754.065959795918, 5754.056120612245, 5754.046281428572, 5754.036442244898, 5754.026603061225, 5754.016763877551, 5754.006924693877, 5753.997085510204, 5753.987246326531, 5753.977407142857, 5753.967567959184, 5753.95772877551, 5753.947889591836, 5753.938050408164, 5753.92821122449, 5753.918372040816, 5753.908532857143, 5753.898693673469, 5753.888854489796, 5753.879015306123, 5753.869176122449, 5753.859336938775, 5753.849497755102, 5753.839658571428, 5753.829819387755, 5753.819980204082, 5753.810141020408, 5753.800301836734, 5753.790462653061, 5753.780623469388, 5753.770784285714, 5753.760945102041, 5753.751105918367, 5753.741266734693, 5753.73142755102, 5753.721588367347, 5753.711749183673, 5753.70191], "y": [0.09088, 0.09883119596635873, 0.10706686725143368, 0.11535732878629389, 0.12573812040356006, 0.13926849381466788, 0.15853987360928617, 0.17333350716033927, 0.1928418220484878, 0.22659367575355815, 0.25641591958966825, 0.29656875434086777, 0.3542539780727225, 0.4142129889121985, 0.49355054831235295, 0.6017581512632688, 0.7315439352483516, 0.9048893304907485, 1.1197831335059512, 1.3595144773161634, 1.5904496343322676, 1.7380516642164607, 1.8014025961106375, 1.807862396582797, 1.7537790308580437, 1.6140186694514165, 1.389730112729009, 1.1572625301752881, 0.9486630993062588, 0.7726615719173132, 0.6450844505267167, 0.5406210851746891, 0.4558944216342448, 0.39751448154959995, 0.3412176088314666, 0.2979191488977931, 0.27280926164324726, 0.23630616826335166, 0.2126167140427212, 0.19932280223398738, 0.17684910445015453, 0.16159021598879342, 0.15201232465355766, 0.13775992273702897, 0.12178944190102131, 0.11741837837127411, 0.10768149428413971, 0.10483486837852896, 0.10484569334131809, 0.09118], "primeira_derivada": [-0.8081154118155148, -0.8225716577883451, -0.8398121921923286, -0.9488212524681078, -1.2150990275958582, -1.6668940378446926, -1.7310894112540023, -1.7431297949580287, -2.706533913902046, -3.230659150839208, -3.555939237861788, -4.9718585264897985, -5.978353411899973, -7.078665002419828, -9.53052451200961, -12.094163237007358, -15.404285013976326, -19.729238274990262, -23.102787888949262, -23.91796496840645, -19.236208992195625, -10.720043896698174, -3.547587619149069, 2.420097379630261, 9.850600088882432, 18.499955393701704, 23.211079009503337, 22.413801187797578, 19.54435301823015, 15.427024175116882, 11.791653375412162, 9.614112062933117, 7.272280321809836, 5.8275572754023885, 5.061158321423957, 3.47632229768185, 3.13100063383835, 3.0588181701362407, 1.8793919930783953, 1.8176106259892888, 1.917465284645266, 1.2621362006008612, 1.2109893484145382, 1.5358430005469221, 1.033700815050062, 0.7169267331936381, 0.63945904511512, 0.14410753152965677, 0.6939025040817202, 1.388905197279548], "segunda_derivada": [1.4692525774823837, 1.6107423861649028, 6.415653923796823, 19.07103515233616, 36.49046553017209, 26.221198870394833, 3.87408954045214, 49.56938171916266, 75.5921123788909, 43.16442055421317, 88.48291857351718, 123.10036352538127, 107.06205645761958, 180.51147422867038, 254.87369690292937, 298.4882027204201, 387.9933179025579, 391.21654449806846, 212.8594623471986, -196.48880563577654, -670.6817104992953, -797.2521854157769, -667.7455016680397, -680.8587049713877, -817.1337454488464, -678.9424491089175, -198.89077813325738, 186.33283577648768, 355.0486119795192, 393.97067380396396, 295.3960564848916, 229.66199247333546, 192.42220254877765, 112.3630818229267, 119.48323436718282, 98.08525542846895, 21.216400740799525, 63.60327656612782, 63.074721710461304, -1.9347789831813185, 28.2276682618396, 35.90114585194185, -13.909019743127459, 9.009311099623996, 41.61505133533309, 20.034272304054014, 29.109081641834166, -2.7666654457792856, -63.25716172388207, -70.63621497982783], "sigma": 0.015729408270909406, "center": 5753.960843802609, "fwhm": 0.10967167458815291, "statistics": {"wv_mean": 5753.942969999999, "wv_std": 0.14198797744463715, "wv_min": 5753.70191, "wv_max": 5754.18403, "wv_kurt": -1.2009603841535135, "wv_skew": 1.921632828984121e-11, "int_mean": 0.5482018198885881, "int_std": 0.5456167095032944, "int_max": 1.807862396582797, "int_min": 0.09088, "int_kurt": 0.038792779016177725, "int_skew": 1.2025349983230302}}