{"x": [5468.19336, 5468.191111632654, 5468.188863265306, 5468.18661489796, 5468.184366530612, 5468.182118163266, 5468.179869795918, 5468.177621428572, 5468.1753730612245, 5468.173124693878, 5468.170876326531, 5468.168627959184, 5468.166379591837, 5468.16413122449, 5468.161882857143, 5468.159634489796, 5468.157386122449, 5468.155137755102, 5468.152889387756, 5468.150641020408, 5468.148392653062, 5468.146144285714, 5468.143895918368, 5468.1416475510205, 5468.139399183674, 5468.1371508163265, 5468.13490244898, 5468.132654081633, 5468.130405714286, 5468.128157346939, 5468.125908979592, 5468.123660612245, 5468.121412244898, 5468.119163877552, 5468.116915510204, 5468.114667142858, 5468.11241877551, 5468.110170408164, 5468.107922040816, 5468.10567367347, 5468.1034253061225, 5468.101176938776, 5468.098928571429, 5468.096680204082, 5468.094431836735, 5468.092183469388, 5468.089935102041, 5468.087686734694, 5468.085438367347, 5468.08319], "y": [0.0423, 0.04470512530479067, 0.0468414523186799, 0.04960178705318242, 0.05399234001726801, 0.06085541729293216, 0.07044744970910415, 0.08225221696421764, 0.09548517967035898, 0.10920754214879455, 0.12337737386972807, 0.13928959552002448, 0.1596291755514893, 0.18870950729700056, 0.23076357342847914, 0.2891963397434581, 0.3652693992685885, 0.4558084254165475, 0.5554500669679991, 0.6539015255156491, 0.7398685753000209, 0.802609966726206, 0.8332667058702944, 0.8279801969839464, 0.7876165199480608, 0.7184117166307752, 0.6297672244000584, 0.5334845641383839, 0.4402152625893463, 0.35798815673747086, 0.2919431591065247, 0.24210659853327832, 0.20657002489490775, 0.18109719679076888, 0.1612073872769569, 0.14364688122489597, 0.1264937261552721, 0.10978236616440726, 0.09459013291575155, 0.08223990916401411, 0.07377300195940978, 0.06913485875355233, 0.06742098861525982, 0.06705135245563826, 0.06634570980334972, 0.06409292130639857, 0.059858468974942555, 0.05408586997632207, 0.04780137813395784, 0.04214], "primeira_derivada": [-1.0697207947462966, -1.0099444658832266, -1.088937213707846, -1.5902400709209201, -2.5026226819519013, -3.6593463505969472, -4.758297103933533, -5.567980249101954, -5.994421957106319, -6.202766251035151, -6.68975499306985, -8.061805765569147, -10.990177348840334, -15.81912270096985, -22.346622446304696, -29.911888291223566, -37.05179358212674, -42.293059449245845, -44.052654555425, -41.01164976020368, -33.070316870436535, -20.770211481754668, -5.641922858376727, 10.151852183730865, 24.36623190179967, 35.1030928644893, 41.12476387410863, 42.15324556873995, 39.02752093375722, 32.973282520528294, 25.77015681192231, 18.98558398983506, 13.567489724755395, 10.087906159814693, 8.328335584579696, 7.719748547438698, 7.530912398767908, 7.094835566480013, 6.124990437521399, 4.629388294675526, 2.914348144254833, 1.4125835248239287, 0.4633376082263508, 0.23912436136415438, 0.6579065367661234, 1.4426558981039752, 2.225403990051776, 2.6812991340715917, 2.656565439016651, 2.5179951766977804], "segunda_derivada": [-26.586549104552557, 4.273416216324295, 129.04821932701327, 314.38044813991, 460.1352804889644, 501.62497356724157, 424.44885642938397, 274.89388129598547, 141.1659893544638, 154.6306560852055, 413.41987932785423, 956.3433576758048, 1725.0999810755404, 2525.487019012614, 3133.9997908430064, 3270.1887339876776, 2753.369278097438, 1556.8765896205018, -284.9644856237223, -2442.291669956136, -4501.363690806892, -6099.624700804197, -6876.559497100177, -6673.321154721929, -5548.746452495463, -3726.8224863099113, -1567.8382613426415, 466.39241207232413, 2041.4731295139563, 2948.2202140433237, 3110.6346010526668, 2713.6729021701867, 1978.6975299722026, 1165.1019009966594, 526.639389148885, 177.33383000962223, 138.97039151591676, 312.6539715905985, 548.2750127848125, 713.9941561596625, 715.3645898197468, 545.0645196695546, 260.95806031068264, -43.26893663582304, -267.6456626103333, -348.5857094040928, -275.45392830036616, -95.88323045761797, 36.31612013807333, 61.631504537700714], "sigma": 0.005110990885369038, "center": 5468.142684015242, "fwhm": 0.026394389989061146, "statistics": {"wv_mean": 5468.138274999999, "wv_std": 0.03244589619817747, "wv_min": 5468.08319, "wv_max": 5468.19336, "wv_kurt": -1.2009603841475325, "wv_skew": 8.409335500135723e-11, "int_mean": 0.25479348629176923, "int_std": 0.2518281927003882, "int_max": 0.8332667058702944, "int_min": 0.04214, "int_kurt": -0.08713388717160786, "int_skew": 1.161982365037322}}