{"x": [5497.1882, 5497.185567142857, 5497.182934285714, 5497.180301428571, 5497.1776685714285, 5497.1750357142855, 5497.1724028571425, 5497.1697699999995, 5497.1671371428565, 5497.1645042857135, 5497.161871428571, 5497.159238571428, 5497.156605714285, 5497.153972857142, 5497.151339999999, 5497.148707142856, 5497.146074285714, 5497.143441428571, 5497.140808571428, 5497.138175714285, 5497.135542857142, 5497.132909999999, 5497.130277142857, 5497.127644285714, 5497.125011428571, 5497.122378571428, 5497.119745714285, 5497.117112857142, 5497.11448, 5497.111847142857, 5497.109214285714, 5497.106581428571, 5497.103948571428, 5497.101315714285, 5497.098682857143, 5497.09605, 5497.093417142857, 5497.090784285714, 5497.088151428571, 5497.085518571428, 5497.082885714286, 5497.080252857143, 5497.07762, 5497.074987142857, 5497.072354285714, 5497.069721428571, 5497.067088571429, 5497.064455714286, 5497.061822857143, 5497.05919], "y": [0.06041, 0.06722562770994168, 0.0758280850261136, 0.08523807214208705, 0.0948829275173949, 0.10479871360974174, 0.1159911161762216, 0.1297909361348096, 0.14755649403740032, 0.1700885755212191, 0.19754533911129338, 0.23045511475190522, 0.26977655266512246, 0.3187056470196836, 0.3811014798305389, 0.46204865509744747, 0.5637403366639034, 0.6857458852599209, 0.8201952713890697, 0.9556474551918811, 1.074543505241579, 1.1608102100599125, 1.2006706539178522, 1.188007938699263, 1.1251830420821065, 1.0230825675434576, 0.8968914874283997, 0.7646492005093715, 0.639872355040724, 0.5330468996964002, 0.44668369262251817, 0.3798298280794799, 0.32772337367718635, 0.28551960359835105, 0.24959855951152052, 0.21799686461861004, 0.19069181158183932, 0.1678703218304012, 0.1498774387818743, 0.13597747536867505, 0.12505031503492195, 0.11558318083728382, 0.10661114902230007, 0.09766302271612565, 0.08906070469062523, 0.08124962350950002, 0.07466436825543005, 0.06937704266690689, 0.0650515917003867, 0.06134], "primeira_derivada": [-2.588681170213211, -2.9280139765870534, -3.420702957630108, -3.6186624377331387, -3.714717587896871, -4.00860880639857, -4.746216974120434, -5.994510174074445, -7.652834392016183, -9.493269548532195, -11.464074190588544, -13.71726790150972, -16.759460820436004, -21.141467447532893, -27.22194944358267, -34.68453602782709, -42.48183969950282, -48.7027819582135, -51.25640231747836, -48.302703116439055, -38.9619990233068, -23.95252416817655, -5.165059698809333, 14.335683201894748, 31.320607651346563, 43.35433756077377, 49.07850160448847, 48.80992748040831, 43.98307395235336, 36.688025959164726, 29.097110723300055, 22.591487590141067, 17.910243389377268, 14.836508389168364, 12.823092048682573, 11.18684849391271, 9.51941941124842, 7.750966076625367, 6.056699002172898, 4.714863435956311, 3.873034773107133, 3.5017406967287297, 3.4031770711169327, 3.332965553855827, 3.1170318621868907, 2.733975991816596, 2.2546952226815744, 1.8255408540881584, 1.5262967624885166, 1.4097201248676903], "segunda_derivada": [128.8838656803758, 158.0073931526175, 131.15950156709027, 55.83565957982317, 74.05384104674117, 195.88973692830024, 377.138078485744, 551.9892003303719, 664.441552357268, 723.7840095817047, 802.1700617027034, 1005.6350083272225, 1409.9130987349724, 1986.907768803399, 2571.9338051266386, 2897.9715627822557, 2662.173671307198, 1666.3575236714594, -75.97807629600386, -2334.802578800294, -4624.2879172187495, -6418.301011927245, -7271.22766202921, -6928.911324942335, -5510.867620760815, -3372.3618465902687, -1036.0588560876495, 967.6612471294292, 2302.043154064128, 2826.9599185506445, 2677.0420124217585, 2124.4729064908793, 1472.7307217551124, 966.0895113700739, 693.0987322254498, 627.3930673032302, 652.500730323377, 657.5974732020304, 576.5794488209976, 414.6947803928255, 230.38142093336174, 89.22962327061204, 32.051709171103276, 54.34119539888003, 113.75276543812882, 163.764418807803, 172.51888130374044, 138.32851929130666, 78.96758286454012, 44.27761602289515], "sigma": 0.0051966569004524565, "center": 5497.128677193387, "fwhm": 0.03238311664889118, "statistics": {"wv_mean": 5497.123694999999, "wv_std": 0.03799441833990903, "wv_min": 5497.05919, "wv_max": 5497.1882, "wv_kurt": -1.2009603841546497, "wv_skew": 3.5906444889703167e-11, "int_mean": 0.3796190022635739, "int_std": 0.3604790262822358, "int_max": 1.2006706539178522, "int_min": 0.06041, "int_kurt": -0.19034723857111757, "int_skew": 1.1001242596020595}}