{"x": [5547.99239, 5547.986701836735, 5547.9810136734695, 5547.975325510204, 5547.969637346939, 5547.963949183674, 5547.958261020409, 5547.952572857143, 5547.946884693878, 5547.941196530613, 5547.935508367347, 5547.929820204082, 5547.924132040816, 5547.918443877551, 5547.912755714286, 5547.907067551021, 5547.901379387756, 5547.89569122449, 5547.890003061225, 5547.8843148979595, 5547.878626734694, 5547.872938571429, 5547.867250408163, 5547.861562244898, 5547.8558740816325, 5547.850185918368, 5547.844497755103, 5547.838809591837, 5547.833121428572, 5547.827433265306, 5547.821745102041, 5547.816056938776, 5547.81036877551, 5547.804680612245, 5547.798992448979, 5547.793304285715, 5547.787616122449, 5547.781927959184, 5547.776239795919, 5547.770551632653, 5547.764863469388, 5547.759175306122, 5547.753487142857, 5547.747798979592, 5547.742110816326, 5547.736422653062, 5547.730734489796, 5547.725046326531, 5547.7193581632655, 5547.71367], "y": [0.06109, 0.0654571683972524, 0.06897884380021828, 0.07120133660990757, 0.07221522953098035, 0.07260284251912175, 0.07331909647655063, 0.07540049844120957, 0.07959492812970231, 0.08617177793411676, 0.09486719600406728, 0.10504619805858607, 0.11609850445467672, 0.12778382453637935, 0.14076010124296115, 0.1565998222503463, 0.17763011232892262, 0.20647622867438947, 0.24534307077326928, 0.2952895701987853, 0.3554157762635467, 0.4221790543687464, 0.4889867761347655, 0.5465748948735806, 0.5848435612540164, 0.5960690976223512, 0.5780234152965694, 0.5349765385185472, 0.47571409224850975, 0.40999773657671257, 0.3462255649807006, 0.28972473988284503, 0.24301567815280575, 0.20636076531256364, 0.17847790406039113, 0.15729423133729065, 0.14063936043196096, 0.12676195254508624, 0.11460310721646634, 0.1037861577892207, 0.09444128647804027, 0.08683446548539206, 0.08110452329734207, 0.07704461891265732, 0.07415413815938544, 0.07176272755655719, 0.06929363465136508, 0.0664313224743583, 0.06325179380209875, 0.06011], "primeira_derivada": [-0.7677642489296971, -0.6934438615887705, -0.5049229377426458, -0.2844842508693539, -0.12319494395056513, -0.09703193229107603, -0.24591909475449242, -0.5516571308107435, -0.9468152539167816, -1.3424604008162424, -1.6590962006369874, -1.866271014031934, -1.9986791356786362, -2.1677996602417187, -2.5329791333111493, -3.2409417037267834, -4.384227746010444, -5.9520934337612905, -7.8068558672153285, -9.675593012576753, -11.153818750396645, -11.741136254264314, -10.934622891489646, -8.425987497779978, -4.350631341206075, 0.5995033580939066, 5.370148170269236, 8.993177434824664, 10.985866272683195, 11.382279413055159, 10.57221734697564, 9.072338645378563, 7.3278465016387395, 5.672988896516039, 4.313038470398999, 3.3260774933793806, 2.6838433926382614, 2.2886344853926586, 2.0196145648285713, 1.7722610795168587, 1.4900848932141768, 1.1723259827837385, 0.860545497373256, 0.6109516212579187, 0.46428795290101915, 0.4272471869760692, 0.4686403003430864, 0.5310889093157218, 0.5556558575599655, 0.5523388931551013], "segunda_derivada": [-13.065797142805467, -23.104234084285114, -35.94830102774576, -33.55459187623798, -16.47740314816282, 10.787678296802735, 39.96239008158795, 61.610059913822475, 69.51306011338022, 62.61080365364796, 46.043915124725956, 29.849963792972286, 26.50492190016003, 46.96595128362271, 94.33115695692314, 162.7281537527923, 238.3152173676179, 300.8552991104936, 327.30245292554923, 294.2041856936397, 181.56504528011783, -19.267718653591725, -291.4076655154586, -578.7449518483489, -793.3572258280113, -854.4743758829181, -737.8193702510224, -493.63193709376617, -210.00645258912138, 36.36050042932233, 203.04803676486353, 285.18615710887735, 298.8090874199869, 265.00716405031096, 206.29782355215121, 143.20924012500825, 91.19314615110981, 58.38693413123344, 45.39017093764137, 46.54663086369627, 52.735397064109236, 55.33766933781988, 49.34583760457061, 34.83176607133593, 16.147957233738822, -0.38257933530904725, -9.127878147523361, -7.648827324113282, -1.8679126150109027, 0.5831345286866672], "sigma": 5.072794413418791e-07, "center": 5547.850572501372, "fwhm": 0.07053520050892703}