{"x": [5625.50956, 5625.48857489796, 5625.467589795919, 5625.446604693878, 5625.425619591837, 5625.404634489796, 5625.383649387755, 5625.362664285714, 5625.3416791836735, 5625.320694081633, 5625.299708979592, 5625.278723877551, 5625.25773877551, 5625.23675367347, 5625.215768571429, 5625.194783469388, 5625.173798367347, 5625.152813265307, 5625.131828163266, 5625.110843061225, 5625.089857959184, 5625.068872857143, 5625.047887755102, 5625.026902653061, 5625.0059175510205, 5624.98493244898, 5624.963947346939, 5624.942962244898, 5624.921977142857, 5624.900992040816, 5624.880006938775, 5624.859021836734, 5624.838036734694, 5624.817051632653, 5624.796066530612, 5624.775081428571, 5624.75409632653, 5624.73311122449, 5624.712126122449, 5624.691141020408, 5624.6701559183675, 5624.649170816327, 5624.628185714286, 5624.607200612245, 5624.586215510204, 5624.565230408163, 5624.544245306122, 5624.523260204081, 5624.502275102041, 5624.48129], "y": [0.08237, 0.0902859759025107, 0.10381635960452021, 0.11075628085248133, 0.12036550307675335, 0.13604847650049928, 0.14957255807360137, 0.1681845811891966, 0.18791122264017093, 0.21465605001099985, 0.24730273413047008, 0.27916092957298067, 0.3262270466404697, 0.3822532157254057, 0.44824515681791544, 0.5299046998659231, 0.6329111819442802, 0.7630031083437284, 0.9220204689518028, 1.104856303088656, 1.3010742448503305, 1.484798358665053, 1.6081334170746062, 1.6442796006614466, 1.5967621860000576, 1.4687795613334305, 1.2867907306935573, 1.0921990093416885, 0.9147272369723255, 0.7650625812845652, 0.6420887740798701, 0.5394761603161438, 0.4625989859875675, 0.3957494287815226, 0.33861997427595564, 0.2957233218628378, 0.2641801753521763, 0.2341084102029738, 0.20811046633418998, 0.18958067580942242, 0.17276008679216473, 0.1539637231431428, 0.14022628010407168, 0.12678350037408795, 0.1203466511798483, 0.11346098386318341, 0.10220684332459078, 0.09458470678064555, 0.0899213553677362, 0.08224], "primeira_derivada": [-0.37721884254337185, -0.5109901196275848, -0.4877342247396606, -0.3943069573834866, -0.6026226510302938, -0.6958997611726703, -0.7656885495746775, -0.9134733891669026, -1.1072490553370105, -1.4150875076670142, -1.5369207982968038, -1.8804843635331663, -2.4563208211685192, -2.9072555840439485, -3.5180072951985433, -4.399931550648023, -5.553902192704469, -6.888441296222718, -8.145140158937037, -9.031497086846018, -9.052661617667441, -7.316122924403422, -3.7998681561283134, 0.27093580608766005, 4.181538859954927, 7.385512224406658, 8.972568998196053, 8.864943639460284, 7.794492193081454, 6.496000409278475, 5.374918371354577, 4.276600317281093, 3.424494464089766, 2.9539768610647417, 2.383264725706058, 1.7736344283389784, 1.4680631893332279, 1.3359408238760877, 1.0609368090475588, 0.8422732344398793, 0.8486247195014062, 0.7751643671957027, 0.64760759123597, 0.4736605255840181, 0.3174279659198077, 0.43220680604580464, 0.44975423626191907, 0.2927192808719491, 0.2941302538487698, 0.3660385044960477], "segunda_derivada": [6.374583112519436, 2.6331866764589407, -2.7801428369721917, 2.7373806919521235, 7.185878896415223, 3.8852777133706162, 5.184002145200793, 8.138166426285546, 11.951672132049557, 10.23754237942284, 11.088744170979183, 21.906017447073037, 24.464289440514264, 25.29619517659318, 35.56513482033915, 48.50810097423135, 59.29229557064829, 61.739942011866766, 51.061362161827255, 21.622993706750535, -40.8712371067332, -125.15529949078845, -180.77250031273468, -190.16841091693803, -169.51493503494996, -114.15312941797363, -35.24956448085129, 28.06936089279751, 56.44345273061745, 57.64979881953486, 52.88037407860047, 46.471632672226846, 31.513391110526562, 24.80878425932711, 28.123342703482827, 21.805982515369845, 10.428674676443837, 9.700366943692398, 11.762334738111047, 5.058638483927358, 1.5989645204842073, 4.789519914507968, 7.183759245595183, 7.867000710150193, 0.9876940187730261, -3.1528622087328992, 3.323489323573653, 3.7079634425907666, -1.7469351228626826, -3.426633356713681], "sigma": 0.013463240084929717, "center": 5625.02680444428, "fwhm": 0.23437216001188937, "statistics": {"wv_mean": 5624.995425, "wv_std": 0.3028332729754129, "wv_min": 5624.48129, "wv_max": 5625.50956, "wv_kurt": -1.2009603841540308, "wv_skew": 0.0, "int_mean": 0.49858378567483114, "int_std": 0.47950713237088427, "int_max": 1.6442796006614466, "int_min": 0.08224, "int_kurt": 0.06035376716638563, "int_skew": 1.1823490562846202}}