{"x": [5706.24539, 5706.2385485714285, 5706.231707142857, 5706.224865714285, 5706.218024285714, 5706.211182857143, 5706.204341428572, 5706.1975, 5706.190658571429, 5706.183817142857, 5706.176975714286, 5706.170134285714, 5706.163292857143, 5706.156451428572, 5706.14961, 5706.142768571429, 5706.135927142857, 5706.129085714286, 5706.122244285714, 5706.115402857143, 5706.108561428571, 5706.101720000001, 5706.094878571429, 5706.0880371428575, 5706.081195714286, 5706.074354285714, 5706.067512857143, 5706.060671428571, 5706.05383, 5706.046988571429, 5706.040147142858, 5706.033305714286, 5706.026464285715, 5706.019622857143, 5706.0127814285715, 5706.00594, 5705.9990985714285, 5705.992257142858, 5705.985415714286, 5705.978574285715, 5705.971732857143, 5705.964891428572, 5705.95805, 5705.951208571429, 5705.944367142857, 5705.9375257142865, 5705.930684285715, 5705.923842857143, 5705.917001428572, 5705.91016], "y": [0.12334, 0.13119882884006298, 0.14038754382986102, 0.1505090818728806, 0.161336777738055, 0.17305230829219664, 0.1864064901685316, 0.20252641717000336, 0.22255359215435389, 0.24732955742155535, 0.27734730737318447, 0.313000339051007, 0.35509880650350173, 0.4055822386500098, 0.4678409496350933, 0.5466574869884829, 0.647926325780075, 0.7781292845475215, 0.9439089311193624, 1.1510982714034554, 1.4032258596627951, 1.6976633994158885, 2.0152873553534913, 2.298722650520696, 2.440574849437904, 2.3611659505395894, 2.1122870606803126, 1.8057424986248383, 1.5113653157204263, 1.2538333411287772, 1.0373499901844931, 0.859200566562516, 0.714790002155269, 0.5992636569534463, 0.5078973968783306, 0.43634175636847083, 0.38036614110908035, 0.3360121279298943, 0.2998240552201459, 0.2694053014753099, 0.24316830887542132, 0.22045310431221551, 0.20108189419505412, 0.18490555998747635, 0.17152356955418865, 0.1602161062951176, 0.150162124284941, 0.140673451169777, 0.1314523440489314, 0.12264], "primeira_derivada": [-1.1487116700688524, -1.2459052704865041, -1.411273451948744, -1.5310569780236933, -1.6475525677937137, -1.8321986533964318, -2.1540902290821, -2.6417802662025083, -3.274399475423421, -4.004552166693809, -4.799493332628034, -5.682402316808058, -6.766269547151389, -8.239663833383776, -10.31036477713688, -13.161386855246851, -16.916919846402443, -21.631637474872036, -27.258121820333127, -33.56878784458896, -39.94524844730297, -44.73199488467285, -43.927905175079786, -31.0817755120614, -4.5636155786756225, 23.992634383669905, 40.592651527914434, 43.917855655196355, 40.33581230601365, 34.64300771477563, 28.841401356457222, 23.574022929316648, 18.9972683987846, 15.120570441807926, 11.907008812668009, 9.320513576645059, 7.332505732991745, 5.886349981743286, 4.867903374138047, 4.140637130998027, 3.577629777995475, 3.075849893068002, 2.597962103459583, 2.160245066641113, 1.8044077662909694, 1.5611830955562758, 1.428258361612932, 1.3673884072881495, 1.3179594715650815, 1.2880853694210497], "segunda_derivada": [14.206623573045103, 19.18910496065003, 20.84007050250281, 17.268258622775406, 22.008683730601017, 37.01987501774925, 59.167584981787876, 81.87685032646694, 99.5970275975448, 111.46019002159741, 122.62425402609789, 143.7401701968302, 186.89528729322845, 259.01719159706687, 359.69994938936395, 482.8344694523895, 619.0410768058799, 755.7779684318738, 872.4165022628655, 927.2278804283485, 815.8535110104739, 291.0690864049208, -997.6146962498963, -2876.905691904408, -4025.066498895469, -3300.2074518822697, -1456.217883676619, 18.770876522007903, 677.8443890819075, 840.0592676029391, 808.9673574548426, 719.4501013014387, 617.8133995787612, 518.1856034877337, 423.89223277842507, 334.3236746423352, 250.98293135875647, 180.1233714017343, 127.5839418984072, 94.2985505623253, 77.81907146999264, 71.59818043063372, 66.91620155449941, 57.99624514611738, 43.781935663064296, 27.490559959082347, 14.163320295010275, 8.061100755096215, 5.79579520840663, 4.366646794842694], "sigma": 2.3197859500001528e-06, "center": 5706.079678082345, "fwhm": 0.06897142102368975, "statistics": {"wv_mean": 5706.077775, "wv_std": 0.09872776420527113, "wv_min": 5705.91016, "wv_max": 5706.24539, "wv_kurt": -1.2009603841542618, "wv_skew": 1.3818207326306778e-11, "int_mean": 0.6738365255436798, "int_std": 0.6783908593644056, "int_max": 2.440574849437904, "int_min": 0.12264, "int_kurt": 0.5385097192610497, "int_skew": 1.342232715761054}}