{"x": [5763.49865, 5763.487235102041, 5763.475820204082, 5763.464405306123, 5763.452990408164, 5763.4415755102045, 5763.430160612245, 5763.418745714286, 5763.407330816327, 5763.395915918368, 5763.384501020409, 5763.373086122449, 5763.36167122449, 5763.350256326531, 5763.338841428572, 5763.327426530613, 5763.3160116326535, 5763.304596734694, 5763.293181836735, 5763.281766938776, 5763.270352040817, 5763.258937142858, 5763.247522244898, 5763.236107346939, 5763.22469244898, 5763.213277551021, 5763.201862653062, 5763.1904477551025, 5763.179032857143, 5763.167617959184, 5763.156203061225, 5763.144788163266, 5763.133373265307, 5763.121958367347, 5763.110543469388, 5763.099128571429, 5763.08771367347, 5763.076298775511, 5763.064883877551, 5763.053468979592, 5763.042054081633, 5763.030639183674, 5763.019224285715, 5763.0078093877555, 5762.996394489796, 5762.984979591837, 5762.973564693878, 5762.962149795919, 5762.95073489796, 5762.93932], "y": [0.03999, 0.04216323462090531, 0.04249301843554442, 0.04245072480520307, 0.04440069233120608, 0.047466686492031035, 0.048140971725296786, 0.04545224663169577, 0.04323236230822801, 0.0456227667374963, 0.05134848471911245, 0.05493807534285564, 0.053852088492223595, 0.051881590764985434, 0.054023027355815725, 0.059929139446343045, 0.06528839531154143, 0.06928499977953868, 0.07717379997812962, 0.0933867589631998, 0.1155581796704711, 0.14095266357929917, 0.18043332385321684, 0.2605714308600533, 0.40484962696542903, 0.6011984010947276, 0.7647087659031971, 0.76956175011529, 0.612011496753631, 0.41603334399964365, 0.2697032704275062, 0.18762271359845684, 0.14713043033036646, 0.12118134919385967, 0.09799444851409869, 0.08025977637462964, 0.07133734399090177, 0.06752368631160309, 0.062808263938665, 0.05630174757105108, 0.051644510543171, 0.05064171439055695, 0.05064924134978284, 0.04858060233034363, 0.045070992877655085, 0.043010395970315536, 0.043105191257467486, 0.043126651588834004, 0.04147216253162813, 0.03969], "primeira_derivada": [-0.19038581235469493, -0.10963823086698975, -0.012592761903160376, -0.08356070735291672, -0.2197111925469313, -0.16383323825865734, 0.08823731353263738, 0.21500890479354812, -0.007469190982269462, -0.35550569264415044, -0.40803293374445376, -0.10966387006099809, 0.13388137978977352, -0.007487533581261267, -0.3525019982715847, -0.49345022601193816, -0.4098091970094122, -0.520609326035412, -1.0557150519365122, -1.6813282006369943, -2.0835010871834876, -2.841687434032041, -5.239589863547884, -9.829974123055713, -14.920280998245833, -15.762696268704705, -7.374719845178063, 6.68850784718157, 15.485394936500159, 14.993924060911048, 10.004935270463989, 5.36898536173579, 2.910291648780681, 2.1522742468640383, 1.7924633652245623, 1.1676453271204323, 0.5578713935317703, 0.37359423109753476, 0.49154792187707064, 0.4889992637433728, 0.24792307389572327, 0.04359518573652036, 0.09028166820163828, 0.2443407068584179, 0.24398844299550743, 0.08610684156864867, -0.0050922758545085016, 0.07153058799467392, 0.15053360972310836, 0.1561260151427085], "segunda_derivada": [-7.073876768450169, -7.787763459965034, -1.1422582841877555, 9.072285682462903, 3.516130025549292, -13.488885629143477, -16.594197530578157, 4.192175210725381, 24.989912282950105, 17.54565586983126, -10.768463435336463, -23.737151022808522, -4.475569420115762, 21.304762416645467, 21.28633537366245, 2.510193211657984, 1.1896339380599195, 28.292230786320534, 50.842279920148144, 45.01950166010916, 50.826526769843085, 138.24428337639935, 306.10377394573163, 424.0375678044812, 259.86750678202225, -330.5137365243154, -983.4167679887885, -1001.328039173781, -363.7972167349431, 240.05732182767824, 421.5954769631071, 310.762463538925, 140.89968768768261, 48.963568818269515, 43.12911614559632, 54.078099344699815, 34.78134885051653, 2.9051276626320948, -5.055018146394442, 10.671354612737607, 19.509770459598087, 6.905072925651705, -8.793136909313091, -6.732726623727474, 6.931024081667409, 10.910334886068858, 0.6384749835738338, -6.816788294300866, -3.705483283797899, -0.48992163045140436], "sigma": 1.1281115346317705e-06, "center": 5763.19520879264, "fwhm": 0.061024651237527136, "statistics": {"wv_mean": 5763.218985, "wv_std": 0.16472690496977951, "wv_min": 5762.93932, "wv_max": 5763.49865, "wv_kurt": -1.2009603841536616, "wv_skew": 0.0, "int_mean": 0.13914505080254408, "int_std": 0.18301751211016798, "int_max": 0.76956175011529, "int_min": 0.03969, "int_kurt": 4.489866465100508, "int_skew": 2.3502425153255047}}