{"x": [5783.5856, 5783.199798979592, 5782.813997959184, 5782.428196938776, 5782.042395918367, 5781.65659489796, 5781.270793877551, 5780.8849928571435, 5780.499191836735, 5780.1133908163265, 5779.727589795919, 5779.34178877551, 5778.955987755102, 5778.570186734694, 5778.184385714286, 5777.798584693878, 5777.41278367347, 5777.026982653061, 5776.641181632654, 5776.255380612245, 5775.869579591837, 5775.483778571429, 5775.09797755102, 5774.712176530612, 5774.326375510204, 5773.940574489796, 5773.554773469388, 5773.16897244898, 5772.783171428571, 5772.397370408164, 5772.011569387755, 5771.625768367347, 5771.239967346939, 5770.8541663265305, 5770.468365306122, 5770.082564285714, 5769.696763265306, 5769.310962244898, 5768.92516122449, 5768.539360204081, 5768.153559183674, 5767.767758163265, 5767.381957142857, 5766.996156122449, 5766.610355102041, 5766.224554081633, 5765.838753061224, 5765.452952040816, 5765.067151020408, 5764.68135], "y": [0.03042, 0.03579553935939231, 0.0316650408097385, 0.0388020653286606, 0.034822368461390744, 0.03455634808863636, 0.035835913531511415, 0.03420070070586512, 0.034977546244878095, 0.03790005389537422, 0.055719961569888114, 0.060997514293228354, 0.040983936609088126, 0.03560808768361381, 0.039689671235590765, 0.03609450392164077, 0.03662338778515902, 0.03360997013780408, 0.03504549991414214, 0.03383485919451771, 0.03732940758146061, 0.04075048817544327, 0.042365958776590246, 0.038835398272455815, 0.035134194420839274, 0.03561043834073348, 0.03153020698046392, 0.03263801311636324, 0.03405991458949389, 0.03545722439303637, 0.033435478468709895, 0.03585055554677478, 0.03664164992965876, 0.03470949524751846, 0.03572159450629207, 0.03531009472894482, 0.03774834306404387, 0.03362247116319222, 0.036263705766549574, 0.03297050820944616, 0.03954925399329766, 0.039198048411628605, 2.514417464109389, 0.05354237303492796, 0.03818865168625909, 0.03886791219915948, 0.03510617060693151, 0.03320496823848149, 0.03427054368014135, 0.0304], "primeira_derivada": [-0.013933450341060243, -0.0016135789485751577, -0.0038964722878238635, -0.00409191200208477, 0.005502470205410087, -0.0013135593434261364, 0.00046092073887607374, 0.0011124481808335353, -0.004794379736984656, -0.02688227120689215, -0.02993442108243322, 0.01909796006396855, 0.032904820447028284, 0.0016773742227644268, -0.0006303978116912332, 0.003973918274229298, 0.0032199678751574207, 0.002044950359835736, -0.00029145731195289837, -0.0029599554517768566, -0.008962688815093156, -0.006527394859923635, 0.0024819658343044992, 0.009372401799381066, 0.004179563766201774, 0.00467078526200306, 0.0038522775564802454, -0.0032785133724521636, -0.0036537115346290633, 0.0008092722514361694, -0.0005097590894419184, -0.004155213816642799, 0.0014788197009554915, 0.0011923963062519625, -0.0007783798508245572, -0.0026266759942834687, 0.002187168354256351, 0.001924097162734342, 0.0008449471609169484, -0.004258086491416011, -0.008070922409167972, -3.207441244576755, -0.01859031452032928, 3.2092045917920067, 0.019018172658340358, 0.0039949104801061805, 0.007339202932488028, 0.001082976563807868, 0.003635252487817091, 0.010032486891929418], "segunda_derivada": [-0.031933226561817074, -0.013007972403261788, 0.003211931698480653, -0.012181075212400718, -0.0036007585668384632, 0.006533872643988451, -0.0031441175579236926, 0.006810894992323141, 0.03628129256641586, 0.03258161593100314, -0.05959060349584932, -0.08143996283748008, 0.022577164029761728, 0.04346180606682959, -0.002976332267130695, -0.004990092668464447, 0.0024999518046259486, 0.0045508241313052585, 0.006486382288879147, 0.01123795822773962, 0.004623418834369048, -0.01483232812252921, -0.02060621384887618, -0.0022000951813214028, 0.006093317913474171, 0.00042416452058027896, 0.010302329716556261, 0.009727798390944573, -0.005297790062303071, -0.0040745776694186275, 0.006433998104544013, -0.0025772077900340124, -0.006930528744116224, 0.00292534160406056, 0.004949536287509149, -0.003843364906013359, -0.005897824158428305, 0.0017395251986629871, 0.008012140102175354, 0.011555010353076321, 4.151340961588705, 0.013633183370047583, -8.316004231380756, -0.048740782410181295, 4.153967345552669, 0.015136001601939456, 0.0037738805268257127, 0.004800337802053185, -0.011598608939208947, -0.016581693841396735], "sigma": 0.0005951053578951981, "center": 5775.334553404919, "fwhm": 0.059069831214826146, "statistics": {"wv_mean": 5774.1334750000005, "wv_std": 5.567444251648894, "wv_min": 5764.68135, "wv_max": 5783.5856, "wv_kurt": -1.2009603841536831, "wv_skew": -2.4501467027908805e-13, "int_mean": 0.08659826992016695, "int_std": 0.3468775007348014, "int_max": 2.514417464109389, "int_min": 0.0304, "int_kurt": 44.99486417572956, "int_skew": 6.854301305373599}}