{"x": [5683.83633, 5683.825222653061, 5683.814115306122, 5683.803007959184, 5683.791900612245, 5683.780793265306, 5683.769685918367, 5683.758578571429, 5683.74747122449, 5683.736363877551, 5683.725256530613, 5683.714149183674, 5683.703041836735, 5683.691934489796, 5683.680827142857, 5683.669719795918, 5683.6586124489795, 5683.647505102041, 5683.636397755102, 5683.625290408164, 5683.614183061225, 5683.603075714286, 5683.591968367347, 5683.5808610204085, 5683.56975367347, 5683.558646326531, 5683.547538979592, 5683.536431632653, 5683.525324285714, 5683.5142169387755, 5683.503109591837, 5683.492002244899, 5683.48089489796, 5683.469787551021, 5683.458680204082, 5683.447572857143, 5683.4364655102045, 5683.425358163266, 5683.414250816327, 5683.403143469388, 5683.392036122449, 5683.38092877551, 5683.369821428571, 5683.3587140816335, 5683.347606734695, 5683.336499387756, 5683.325392040817, 5683.314284693878, 5683.303177346939, 5683.29207], "y": [0.04456, 0.046980398028738594, 0.05399282976846254, 0.054887224819086464, 0.05202022134830771, 0.05880345343445281, 0.06832860982389091, 0.06012237499368358, 0.06715994027467079, 0.07332849417349312, 0.077666326639253, 0.08792582153290146, 0.09834174027630209, 0.11012241004558503, 0.12904651025849595, 0.1482344209480606, 0.17458175735084155, 0.2191915607903465, 0.2611052490066848, 0.32627962883885986, 0.4163684280830797, 0.5312685034969077, 0.6768705356161512, 0.80975310862369, 0.8853542316245664, 0.8579518889615189, 0.746823264017784, 0.6128616386305891, 0.48219781269268436, 0.38232166992081057, 0.30062090783610795, 0.2547169597912078, 0.20750041830330626, 0.17205672844445102, 0.15141616002035152, 0.13241069063666525, 0.11260570879073518, 0.10638676283194111, 0.0935989776728557, 0.08505070159923281, 0.07284749630747286, 0.07242835583562342, 0.06927592748790251, 0.06091361413160356, 0.05661897553249345, 0.052309432682255706, 0.0497106257257946, 0.04874146839756127, 0.049751449743808046, 0.0446], "primeira_derivada": [-0.21790964503632593, -0.42462119083880634, -0.3559277851805136, 0.0887974613116892, -0.17629001042864229, -0.7341261853697901, -0.05937158380604948, 0.05260795200251978, -0.5944767572545635, -0.4729476094710269, -0.6571023413503334, -0.9307089150491057, -0.9991849824669179, -1.3821828989071052, -1.715621701218133, -2.04978053458952, -3.1941533938291378, -3.8948766133011534, -4.820596162275493, -6.9892108321469735, -9.22762545307697, -11.726567512809119, -12.536054138765904, -9.384945710092882, -2.169680149688818, 6.236006148431921, 11.032798906903526, 11.91218086470725, 10.37781434122528, 8.173729777972119, 5.744157936067829, 4.191842122575959, 3.7209709844251675, 2.5246469112630847, 1.7846763059656279, 1.74706216719918, 1.1714736177780276, 0.8555927541712037, 0.9604481317719082, 0.9341331228618526, 0.5681980509435784, 0.1607750635338666, 0.5183389772504376, 0.569755857344531, 0.38731937953871715, 0.3109810940783704, 0.1606128044950626, -0.001837703379493937, 0.1864292355485153, 0.4637875968196473], "segunda_derivada": [18.610343850843396, 6.212921091963515, -23.111669014093906, -8.086439351402122, 37.04411373897366, -5.263112211509439, -35.41503392917663, 24.087893194329396, 23.65801502227556, 2.81910632847728, 20.606239640235955, 15.39893563242829, 20.323214280773552, 32.25057804964203, 30.052074512401845, 66.55647387048401, 83.05746137537297, 73.2147279364526, 139.29222864874504, 198.38352557307346, 213.2532956225291, 148.92974460531113, -105.40869100466576, -466.64491737560394, -703.1810541497325, -594.3128961976777, -255.51442426028183, 29.484294012089034, 168.28731052154203, 208.58520178897606, 179.24566854188717, 91.07426655821399, 75.04920934280922, 87.16278914851472, 35.00317170001465, 27.603472348702766, 40.12971855189207, 9.499365022449796, -3.535514336730994, 17.65723547612486, 34.81290642968542, 2.244418670257838, -18.41037270552798, 5.897879954523717, 11.648810678687454, 10.205253166750825, 14.081616392296205, -1.1621330996320685, -20.9602393246053, -24.97071197994145], "sigma": 0.00044091092761888717, "center": 5683.565720784012, "fwhm": 0.09437077441747316, "statistics": {"wv_mean": 5683.564200000001, "wv_std": 0.16028867627118504, "wv_min": 5683.29207, "wv_max": 5683.83633, "wv_kurt": -1.2009603841542396, "wv_skew": -8.51108411076817e-12, "int_mean": 0.2161602283158254, "int_std": 0.23535697369281802, "int_max": 0.8853542316245664, "int_min": 0.04456, "int_kurt": 1.4038181417196656, "int_skew": 1.612891090017555}}