{"x": [5625.12733, 5625.122717959184, 5625.118105918367, 5625.113493877551, 5625.108881836735, 5625.104269795918, 5625.099657755102, 5625.095045714286, 5625.090433673469, 5625.085821632653, 5625.081209591837, 5625.07659755102, 5625.071985510204, 5625.067373469388, 5625.062761428571, 5625.058149387755, 5625.053537346939, 5625.048925306122, 5625.044313265306, 5625.03970122449, 5625.035089183673, 5625.030477142857, 5625.025865102041, 5625.021253061224, 5625.016641020408, 5625.012028979592, 5625.007416938776, 5625.002804897959, 5624.998192857143, 5624.993580816327, 5624.98896877551, 5624.984356734694, 5624.979744693878, 5624.975132653061, 5624.970520612245, 5624.965908571429, 5624.961296530612, 5624.956684489796, 5624.95207244898, 5624.947460408163, 5624.942848367347, 5624.938236326531, 5624.933624285714, 5624.929012244898, 5624.924400204082, 5624.919788163265, 5624.915176122449, 5624.910564081633, 5624.905952040816, 5624.90134], "y": [0.19743, 0.21071235836410737, 0.22536800629001397, 0.24164715782118124, 0.2599092197471477, 0.2806210717755852, 0.3043621087116591, 0.3317915970564329, 0.363647300294355, 0.40080409118186705, 0.44426268655571277, 0.4951870973045688, 0.5548304320461831, 0.6244795847598624, 0.7054700701989285, 0.7992376449497474, 0.907101204818905, 1.0302339232305222, 1.167964651939478, 1.3189737222613185, 1.4789273334541644, 1.6388895905397516, 1.7835866959508306, 1.892111081782832, 1.9431925674127848, 1.9247545319836805, 1.8412229735610939, 1.7108306227130654, 1.5558513501467643, 1.3943816895620333, 1.2380737936049926, 1.093311739430227, 0.9630067054070288, 0.8481203236444372, 0.7482196729951924, 0.6620949639768506, 0.5882304107852694, 0.5250386148727674, 0.47104435400369277, 0.42489050283514235, 0.3851935884453961, 0.3509042993457758, 0.32120539686323735, 0.29543526198117, 0.27304588004395175, 0.2535921067787512, 0.2366717814424196, 0.2219462774172525, 0.2090431049658363, 0.19756], "primeira_derivada": [-2.879930792882107, -3.0288116911465024, -3.3536996622535638, -3.7446777722669293, -4.2252351513368325, -4.819221114180731, -5.547492674286433, -6.4272188757331605, -7.481773998920154, -8.739665310550137, -10.23223881555823, -11.986856783153799, -14.016841200318238, -16.33112586670857, -18.945849261062033, -21.859209692948674, -25.042740022512604, -28.28069584600175, -31.302823473219263, -33.71204786429582, -34.682679643154955, -33.028693223823645, -27.452217068214065, -17.303172046044768, -3.5389376962370225, 11.054715029551229, 23.19189245963473, 30.937673230738827, 34.30682270322838, 34.45086125496773, 32.63955829010065, 29.820539233093157, 26.581661518424394, 23.28546525913562, 20.167358343958348, 17.344736156513903, 14.858536010161957, 12.704360331583853, 10.857244766754498, 9.30724260412916, 8.020983165657405, 6.937079931456615, 6.013502435447993, 5.221063596393381, 4.536294979532706, 3.943384290045599, 3.4307837488691946, 2.9952766655754797, 2.6437620987764245, 2.489809917971735], "segunda_derivada": [32.280915153006816, 51.3621722165061, 77.60838526862882, 94.48479792877322, 116.49326021504483, 143.3484194485147, 174.32605496078088, 209.69906833011984, 250.69665760033746, 298.18305240054264, 352.0341213155436, 410.2958468228018, 470.970363971802, 534.363013779989, 599.3099417598255, 660.9753691102105, 696.1653645934805, 678.6673947392682, 588.8230649888307, 366.41655011560044, -74.0837589760705, -783.8680167154681, -1704.8332618370514, -2592.4834930467164, -3074.331755374636, -2897.939461309294, -2155.5488115076987, -1204.9904462977859, -380.8713066913778, 180.75126386233055, 501.9818997835795, 656.7479575011458, 708.4796334198236, 695.3866444050817, 644.045590617557, 575.5393918917371, 503.0718514400729, 433.78749267593236, 368.2879079597583, 307.4844427829956, 256.9537832835058, 217.6347532566378, 186.03655120858292, 160.1468324805048, 138.51561132998012, 119.85054714960935, 102.78612682429684, 85.32249403345673, 54.79859868079567, 33.38048966732391], "sigma": 7.351094941654424e-07, "center": 5625.015582887917, "fwhm": 0.07194097960360116}