{"x": [5719.34729, 5719.339334081632, 5719.331378163265, 5719.323422244897, 5719.31546632653, 5719.307510408163, 5719.299554489796, 5719.291598571428, 5719.283642653061, 5719.275686734693, 5719.267730816327, 5719.259774897959, 5719.251818979592, 5719.243863061224, 5719.235907142857, 5719.2279512244895, 5719.219995306123, 5719.212039387755, 5719.204083469387, 5719.19612755102, 5719.1881716326525, 5719.180215714286, 5719.172259795918, 5719.164303877551, 5719.156347959183, 5719.148392040816, 5719.140436122449, 5719.132480204082, 5719.124524285714, 5719.116568367347, 5719.108612448979, 5719.1006565306125, 5719.092700612245, 5719.084744693877, 5719.07678877551, 5719.068832857142, 5719.060876938775, 5719.052921020408, 5719.044965102041, 5719.037009183673, 5719.029053265306, 5719.021097346938, 5719.0131414285715, 5719.005185510204, 5718.997229591837, 5718.989273673469, 5718.981317755102, 5718.9733618367345, 5718.965405918368, 5718.95745], "y": [0.06855, 0.07413844811342449, 0.0795718649085434, 0.08522099443213303, 0.09188499744806462, 0.10331332414311, 0.11512652121105446, 0.12471366324347788, 0.14250517433154933, 0.16205445415875094, 0.1765371179739972, 0.20491604907929767, 0.24671614630170613, 0.2869446361105508, 0.3363832390861125, 0.40485766668980977, 0.49330750913944243, 0.607624438929305, 0.7457991597804068, 0.9094127997638654, 1.0930865846797553, 1.2536539960272017, 1.3491381204380313, 1.360807857123746, 1.2781527013794118, 1.127485600254044, 0.9576531052648839, 0.7933132124395069, 0.6466462256402467, 0.5304454033867984, 0.44260083853445786, 0.3751134345341415, 0.3204712674223359, 0.27342561373545227, 0.23784150661738462, 0.2122360690366062, 0.1880829261674693, 0.166781166336872, 0.15079926832966242, 0.13709155407472054, 0.1271213666103156, 0.11982261156310094, 0.11015819533052422, 0.10189877305876945, 0.09666404435241138, 0.08788128411603403, 0.08050729348969628, 0.08065064659323783, 0.07753740417812491, 0.06856], "primeira_derivada": [-0.7024265276606593, -0.6926833835942481, -0.6964969854541185, -0.7738347712381067, -1.1370359068353408, -1.460643679959737, -1.344932043815636, -1.7206469358064285, -2.346730395618227, -2.1387816007676785, -2.6936924778307754, -4.410491981417174, -5.155192854180314, -5.635244647103036, -7.4103972121980135, -9.862109112255782, -12.74314057020133, -15.868164991726136, -18.966280629170896, -21.825728273311363, -21.63428408702316, -16.091890586144523, -6.7342232630713195, 4.461170651916317, 14.663439599144047, 20.142212458539404, 21.00149677172315, 19.545630388964085, 16.52026811465432, 12.823496778451682, 9.762038879810051, 7.675391166270333, 6.390702876655399, 5.1929743990593975, 3.8455362331409297, 3.127142471341444, 2.8566722659242085, 2.3431397933251654, 1.865882157873971, 1.488068418136396, 1.085289071250652, 1.0660724819324154, 1.1264468586031677, 0.8480574055127039, 0.8809472581017246, 1.0153919457677154, 0.45441878542275793, 0.18664654251433005, 0.7598523536207131, 1.128393199016821], "segunda_derivada": [-1.2246410302399677, -0.372649764161766, 5.100064121902327, 27.68623941586971, 43.16339591562312, 13.065502144565421, 16.34024155620034, 62.959315666069635, 26.2782148871105, 21.80528169054244, 142.76858281893297, 154.69618105069333, 76.97116845224284, 141.73124043621036, 265.6427749760209, 335.14316712394356, 377.4583650923606, 391.10130165360874, 374.41078493591095, 167.67413481848735, -360.35046002499325, -936.4136317162539, -1291.6837685575692, -1344.7638521607598, -985.4953936583872, -398.323416603741, 37.492973283021634, 281.6286222517461, 422.4611980766608, 424.729674364713, 323.53936871265665, 211.87598008828175, 156.010698731357, 159.95429603517135, 129.82988464316156, 62.146437504887956, 49.27166430195676, 62.26748832168802, 53.738068674860806, 49.05738411232039, 26.52088148224509, -2.5866144832254903, 13.701440006936345, 15.428740540501625, -10.516356033921612, 26.805734610804503, 52.083578852319604, -19.19536840980789, -59.185289052950736, -46.322854051530214], "sigma": 0.00013939173378241243, "center": 5719.166390198266, "fwhm": 0.0809360663206827, "statistics": {"wv_mean": 5719.152369999999, "wv_std": 0.11481082122068288, "wv_min": 5718.95745, "wv_max": 5719.34729, "wv_kurt": -1.2009603841553933, "wv_skew": 2.376500219181622e-11, "int_mean": 0.3861041255111909, "int_std": 0.3887732150513476, "int_max": 1.360807857123746, "int_min": 0.06855, "int_kurt": 0.4176890637963204, "int_skew": 1.3153369066143825}}