{"x": [5706.60414, 5706.5819826530615, 5706.559825306123, 5706.537667959184, 5706.515510612246, 5706.493353265307, 5706.471195918368, 5706.449038571429, 5706.42688122449, 5706.404723877551, 5706.382566530612, 5706.360409183674, 5706.338251836735, 5706.316094489796, 5706.293937142857, 5706.2717797959185, 5706.24962244898, 5706.227465102041, 5706.205307755103, 5706.183150408164, 5706.160993061225, 5706.138835714286, 5706.116678367347, 5706.094521020408, 5706.072363673469, 5706.050206326531, 5706.028048979592, 5706.005891632653, 5705.9837342857145, 5705.961576938776, 5705.939419591837, 5705.917262244898, 5705.89510489796, 5705.872947551021, 5705.850790204082, 5705.828632857143, 5705.806475510204, 5705.784318163265, 5705.762160816326, 5705.740003469388, 5705.717846122449, 5705.6956887755105, 5705.673531428572, 5705.651374081633, 5705.629216734694, 5705.607059387755, 5705.584902040817, 5705.562744693878, 5705.540587346939, 5705.51843], "y": [0.08738, 0.09582502339072405, 0.1025146522168989, 0.11370986226769987, 0.1290475037286511, 0.13911747032389465, 0.15706071681640696, 0.17686385928696244, 0.19807556543472812, 0.22384376742832826, 0.2568143076074408, 0.288591705954305, 0.3363281841469313, 0.3937663610224879, 0.46385400025117385, 0.547600047473811, 0.655260711192645, 0.7874029252418754, 0.9526880886267043, 1.147314543016471, 1.3598748301642947, 1.5551378343957256, 1.6937642204016348, 1.7458787116526524, 1.718589061074421, 1.6042243713537185, 1.425799923215075, 1.2123968798870384, 1.0178023861523509, 0.8465371139335418, 0.708802419639957, 0.5947336023848846, 0.5022741042374298, 0.4287665925755442, 0.37323664976891646, 0.3232969132732791, 0.28172453707178685, 0.25026100449785266, 0.22410268548204137, 0.20063139548478928, 0.18052242725915502, 0.16645261699849642, 0.14972189842070835, 0.13795252330144345, 0.1256418981815144, 0.117926027369652, 0.1080788023820191, 0.10069472242376284, 0.09342948704617234, 0.08733], "primeira_derivada": [-0.381138744363542, -0.3415267238136792, -0.40358710197310627, -0.5987371047952811, -0.5733449976381643, -0.6321427643162638, -0.8517804290183297, -0.9255360926423332, -1.060142901379195, -1.3254913220129103, -1.461094117130045, -1.7943004810175414, -2.3733584927417843, -2.877732078119191, -3.4713922852643035, -4.319260592641949, -5.411362615506495, -6.711710076576002, -8.121721855379894, -9.18852655645596, -9.202890862873582, -7.534507429023107, -4.304235470582435, -0.5601943396298584, 3.196554639244208, 6.607044125647932, 8.84193158474621, 9.206822869804512, 8.255947044612013, 6.972855716081857, 5.682167459914966, 4.660492882477588, 3.7451913866385698, 2.911843525857912, 2.3800159737772084, 2.065051220920807, 1.6481194471700331, 1.300287704764724, 1.1199357294650991, 0.9834268142285535, 0.7712741642879231, 0.6950409930251326, 0.6431296530137116, 0.5433863608667461, 0.4519154749665031, 0.39632668677071003, 0.3888395346642846, 0.3305746707003207, 0.3015867030608376, 0.27528056779491], "segunda_derivada": [-1.7877600896476742, 0.5065669114505277, 5.804178218871162, 3.83073605645502, 0.7538280556279819, 6.2831401283696655, 6.620678214205108, 4.701882245544298, 9.025341131166758, 9.047816438860833, 10.579090545153651, 20.58604710540503, 24.448585836759055, 24.77809720518074, 32.52935738419193, 43.77713486165024, 53.98772448998805, 61.16163743343433, 55.89153987522666, 24.397528514458706, -37.324394748004934, -110.54246263771843, -157.38150214061486, -169.26191864275546, -161.73503274523873, -127.39289052029517, -58.666291395902846, 13.223255964483885, 50.411431474214545, 58.079597521153, 52.180498865219285, 43.709566823511544, 39.45980900774486, 30.80638256523223, 19.10861230976216, 16.515888130132222, 17.257560624576683, 11.918929625490732, 7.150244373035074, 7.86785453478715, 6.507679416640257, 2.8916934781837984, 3.422220010737387, 4.314915918733258, 3.318530745162882, 1.4233640082771588, 1.4837520090518865, 1.9689368010530848, 1.2477600106605413, 1.1872421070290873], "sigma": 0.023020434796328315, "center": 5706.090255911975, "fwhm": 0.24987461155864615, "statistics": {"wv_mean": 5706.061285, "wv_std": 0.3197497863421643, "wv_min": 5705.51843, "wv_max": 5706.60414, "wv_kurt": -1.2009603841538916, "wv_skew": 4.266612205336851e-12, "int_mean": 0.53177289870916, "int_std": 0.513680969808997, "int_max": 1.7458787116526524, "int_min": 0.08733, "int_kurt": 0.02714928640496339, "int_skew": 1.1746774350942428}}