{"x": [5683.9305, 5683.914684285714, 5683.898868571429, 5683.883052857143, 5683.867237142857, 5683.8514214285715, 5683.835605714286, 5683.8197900000005, 5683.8039742857145, 5683.7881585714285, 5683.7723428571435, 5683.7565271428575, 5683.740711428572, 5683.724895714286, 5683.7090800000005, 5683.693264285715, 5683.677448571429, 5683.661632857144, 5683.645817142858, 5683.630001428572, 5683.614185714286, 5683.598370000001, 5683.582554285715, 5683.566738571429, 5683.550922857143, 5683.535107142858, 5683.519291428572, 5683.503475714286, 5683.48766, 5683.471844285715, 5683.456028571429, 5683.440212857143, 5683.424397142857, 5683.408581428572, 5683.392765714286, 5683.37695, 5683.361134285715, 5683.345318571429, 5683.329502857143, 5683.313687142857, 5683.297871428572, 5683.282055714286, 5683.26624, 5683.250424285714, 5683.234608571429, 5683.218792857143, 5683.202977142857, 5683.187161428571, 5683.171345714286, 5683.15553], "y": [0.0359, 0.03997641172882784, 0.04386238342826472, 0.048703137177233666, 0.05203942578090168, 0.053348510144415925, 0.06391710406468046, 0.0656101035079994, 0.08020802311288532, 0.08724345528499754, 0.09423600123238564, 0.10835543887252207, 0.12609966613623905, 0.14376509060268938, 0.17113865623527846, 0.20092978904246533, 0.243654874966933, 0.2923089407542506, 0.3564946665510692, 0.43465923514079896, 0.5231557063569303, 0.6156633563126759, 0.6868180271408407, 0.7164140831323622, 0.6793249531417375, 0.6025892949226128, 0.5110528820927744, 0.4217889137561554, 0.34745493757960516, 0.28897171488313206, 0.2401211647017706, 0.20015583097457773, 0.1733517609892627, 0.14817412673246727, 0.13018803658896433, 0.1129502792678492, 0.09859160009023869, 0.08852067308263695, 0.07898677707134186, 0.07103677158257468, 0.06758805635704639, 0.062336006871533074, 0.055733321121433636, 0.05279369467864007, 0.04930086905927686, 0.04338828574554538, 0.04322529692704528, 0.0414006183419404, 0.0365465617041136, 0.03602], "primeira_derivada": [-0.2577443961823234, -0.25172380091489893, -0.27588780661021656, -0.2585100554040119, -0.14685941093741836, -0.3755024297151627, -0.38763956980489134, -0.5150231837035327, -0.6839195304696939, -0.44348228180732363, -0.6674369303341663, -1.0073419488910555, -1.119445226751258, -1.4238683528921083, -1.8072120363274715, -2.2925369483948117, -2.888872107265851, -3.5673315016674745, -4.500280284934194, -5.268843278035569, -5.722287274047486, -5.174041394193172, -3.1851462728149484, 0.23688699301280788, 3.598471310083073, 5.319774624505643, 5.715846211477055, 5.1720061944455376, 4.198899792806604, 3.3932635270282723, 2.8078366333216462, 2.1108564085456916, 1.6433561995280421, 1.3645834649354744, 1.1135711871034204, 0.9988937561826032, 0.7723206724718037, 0.6197893646920528, 0.5527382824428977, 0.3603606042864448, 0.27506708056219975, 0.3747771052659245, 0.3016718695203594, 0.2033563564072001, 0.29734379248720944, 0.19207390897367263, 0.06283836972728533, 0.21114238352962217, 0.1701035515945802, 0.033293577172225274], "segunda_derivada": [-0.3806717267754224, 0.5735880814601276, 0.2145415112655032, -4.079120087143656, 3.6986117792663022, 7.612054521245602, 4.410826835567134, 9.366632303409455, -2.261703158095785, -0.5210830139562448, 17.82593112472851, 14.289847687064224, 13.1681186340954, 21.743147263553528, 27.462199298156886, 34.1957388512749, 40.30151690463615, 50.9432627758328, 53.79180938663576, 38.63268414622974, -2.9970787955261384, -80.20949782701844, -171.0617772100295, -214.45814777137358, -160.69105510302572, -66.9389590368999, 4.671569914210252, 47.95693672895743, 56.2333965860472, 43.97724738741385, 40.54218150680401, 36.814032320597605, 23.592767615117726, 16.74869066489259, 11.56096089436249, 10.7883371079954, 11.985054378413508, 6.9419055648907495, 8.2016137783878, 8.778332640186658, -0.4557650928446784, -0.8410871768773444, 5.419317324506158, 0.13682837698691747, 0.3566847260216692, 7.41368421684396, -0.6028331762692731, -3.39109508211009, 5.622534750781083, 8.650255811953633], "sigma": 0.0001166538750787538, "center": 5683.567158188239, "fwhm": 0.16067537704422336, "statistics": {"wv_mean": 5683.543015, "wv_std": 0.22823451190620184, "wv_min": 5683.15553, "wv_max": 5683.9305, "wv_kurt": -1.200960384153659, "wv_skew": -4.669133449448125e-17, "int_mean": 0.1993218902994385, "int_std": 0.1987536920550192, "int_max": 0.7164140831323622, "int_min": 0.0359, "int_kurt": 0.5304151089956579, "int_skew": 1.3381286487685249}}