{"x": [5790.74114, 5790.726093061225, 5790.711046122449, 5790.695999183674, 5790.680952244898, 5790.665905306122, 5790.650858367347, 5790.635811428571, 5790.620764489796, 5790.6057175510205, 5790.590670612245, 5790.57562367347, 5790.560576734694, 5790.545529795919, 5790.530482857143, 5790.515435918367, 5790.500388979592, 5790.485342040816, 5790.470295102041, 5790.455248163265, 5790.44020122449, 5790.425154285715, 5790.410107346939, 5790.395060408164, 5790.380013469388, 5790.364966530612, 5790.349919591837, 5790.334872653061, 5790.319825714286, 5790.30477877551, 5790.289731836735, 5790.27468489796, 5790.259637959184, 5790.244591020409, 5790.229544081633, 5790.214497142857, 5790.199450204082, 5790.184403265306, 5790.169356326531, 5790.154309387755, 5790.13926244898, 5790.1242155102045, 5790.109168571429, 5790.094121632654, 5790.079074693878, 5790.064027755102, 5790.048980816327, 5790.033933877551, 5790.018886938776, 5790.00384], "y": [0.07056, 0.07915328890359712, 0.0887696959645453, 0.0960025281786154, 0.10504491930357951, 0.11354021962788788, 0.12670825274014605, 0.14363353189849312, 0.16245897860288364, 0.17589153853727327, 0.2058615002841941, 0.2351141027175316, 0.2769691630201052, 0.3190253583160365, 0.3792012803887267, 0.44733279416988886, 0.5379385674017333, 0.6456016181693409, 0.7813363314822659, 0.9442410329302062, 1.1155862477482523, 1.272436826320709, 1.3756715389662673, 1.4081323637480125, 1.3581901430578893, 1.235600309202173, 1.0713466506785396, 0.9095774872190348, 0.7587782881595804, 0.6299990004606386, 0.5270934089491934, 0.4427786605973732, 0.37686181567443167, 0.3247042649015275, 0.2810839326647341, 0.24270478840390106, 0.21876906949537778, 0.19033069644867348, 0.16772942597320448, 0.15521701105668548, 0.13843289504938083, 0.12746003224093455, 0.11501562999519312, 0.10454195546535956, 0.09719392093788928, 0.09146394789387513, 0.08193233069673259, 0.08006920478667125, 0.07550566514189176, 0.07046], "primeira_derivada": [-0.5710988149721729, -0.605096366654342, -0.559889274705844, -0.5408150980725863, -0.5827660931737012, -0.719858496111859, -0.9999812161055182, -1.187973394334379, -1.0719126036284101, -1.4422375982625604, -1.9679273327352729, -2.36286143637745, -2.7883165091233835, -3.397106843276049, -4.263572736124667, -5.274736920827733, -6.588344212692259, -8.087949572781268, -9.923593736184099, -11.10690756621409, -10.905732996228593, -8.642465258215912, -4.509074551729884, 0.580895428940771, 5.733128083917899, 9.531622898585576, 10.83352656807075, 10.386443621001012, 9.290211481927331, 7.69873801802686, 6.221210262687751, 4.992098243937985, 3.9235354598764896, 3.1826368286352533, 2.724789331539576, 2.070682419114291, 1.7403570499272716, 1.696014195444644, 1.1668049533558549, 0.9735046895949044, 0.9223463732406041, 0.778140504314812, 0.7615528021229078, 0.5922038137891886, 0.4345736952309211, 0.5071327287392621, 0.3786399106582142, 0.21355392119167077, 0.31930763227311654, 0.33532834932089534], "segunda_derivada": [2.2594331105887213, -0.37248574057620054, -2.1360247935212295, 0.7601818153616258, 5.949495797989951, 13.863787483502952, 15.555153948902674, 2.390233275901607, 8.449034309345917, 29.773987336579633, 30.591732041178243, 27.260999351198627, 34.36730295562134, 49.021805997240314, 62.392427639934375, 77.25064583555289, 93.48122877160928, 110.82817486244235, 100.31801280290613, 32.635849547329165, -81.89181682672725, -212.55680440964642, -306.48628351661563, -340.34173955648197, -297.4268588106457, -169.48292806018824, -28.405137256630514, 51.2833576709052, 89.31071107187408, 101.9809166850077, 89.93988127710085, 76.35024097279276, 60.1272272822511, 39.83355505824547, 36.949522626632984, 32.7120451633373, 12.44998166277735, 19.058763550916346, 24.008521488448583, 8.123199800437261, 6.49182495509729, 5.34306590588505, 6.17855542914315, 10.865303294324566, 2.8268568882052016, 1.8586433229333652, 9.755433046198998, 1.9715730644843303, -4.046485133846879, -1.0647160387172656], "sigma": 0.007309989395795302, "center": 5790.39608356526, "fwhm": 0.16465018347173638, "statistics": {"wv_mean": 5790.372490000001, "wv_std": 0.21714041269764167, "wv_min": 5790.00384, "wv_max": 5790.74114, "wv_kurt": -1.2009603841531102, "wv_skew": -6.282724332339897e-12, "int_mean": 0.4195810442914236, "int_std": 0.4080928826944654, "int_max": 1.4081323637480125, "int_min": 0.07046, "int_kurt": 0.13088271047314848, "int_skew": 1.2086742069277736}}