{"x": [5687.67447, 5687.672971020408, 5687.671472040816, 5687.6699730612245, 5687.668474081633, 5687.666975102041, 5687.665476122449, 5687.663977142857, 5687.662478163265, 5687.660979183674, 5687.659480204082, 5687.65798122449, 5687.656482244898, 5687.654983265306, 5687.6534842857145, 5687.651985306123, 5687.650486326531, 5687.648987346939, 5687.647488367347, 5687.645989387755, 5687.644490408164, 5687.642991428572, 5687.64149244898, 5687.639993469388, 5687.638494489796, 5687.636995510204, 5687.635496530612, 5687.63399755102, 5687.632498571428, 5687.630999591836, 5687.629500612245, 5687.628001632653, 5687.626502653061, 5687.625003673469, 5687.623504693877, 5687.6220057142855, 5687.620506734694, 5687.619007755102, 5687.61750877551, 5687.616009795918, 5687.614510816326, 5687.613011836735, 5687.611512857143, 5687.610013877551, 5687.608514897959, 5687.607015918367, 5687.6055169387755, 5687.604017959184, 5687.602518979592, 5687.60102], "y": [0.03045, 0.036752857111060154, 0.043985649488695704, 0.05222608107647815, 0.06148336746276835, 0.0716808145099145, 0.08273667888590377, 0.09467522338705545, 0.10742748543495995, 0.12081914991550591, 0.1347122020319704, 0.1490925982798012, 0.1637766577551884, 0.17849693173836279, 0.1930996031074204, 0.2074986950065422, 0.2214107036895403, 0.23455863887258807, 0.24680102896308598, 0.25797928440385187, 0.2678248443325602, 0.2761271173085449, 0.2828047249141994, 0.28771869490511814, 0.29073434158039696, 0.29181406117136877, 0.29092427511530433, 0.28808363248371, 0.2833652391942043, 0.27685859971957844, 0.26865448544120507, 0.25890387159655687, 0.24786315811111737, 0.23568478541884713, 0.22249538972417093, 0.2085706420270903, 0.19420495714977645, 0.17949558817643715, 0.164607842910139, 0.1498261229388207, 0.1353580552312469, 0.12123940730255073, 0.10762623140251738, 0.09472548034258968, 0.0826357863929407, 0.07134130857326855, 0.06096272558678931, 0.05159387598909166, 0.04324004437890423, 0.03585], "primeira_derivada": [-4.204765125205372, -4.5149545606229475, -5.161252377918666, -5.836543095587059, -6.489325651817035, -7.089259766837504, -7.670020660285309, -8.235871483464523, -8.720574539906536, -9.101096754748156, -9.430898365351595, -9.69474697384556, -9.808116674540399, -9.780968837847363, -9.673835263178884, -9.443457648356581, -9.02612150752269, -8.469203120635884, -7.812196263092092, -7.012709006935814, -6.053395591168072, -4.996692637922034, -3.8664894638540357, -2.6450048784833244, -1.3660513750051237, -0.063354276431382, 1.2443227072694103, 2.5213938743305824, 3.7442246797158587, 4.906922627006142, 5.988983512869669, 6.935160239542338, 7.744964075724567, 8.461679040013836, 9.04420031460148, 9.43656362263459, 9.698282087830103, 9.87242067912074, 9.896554095737631, 9.756566346399406, 9.535391873363691, 9.250233952532666, 8.843991974516994, 8.335818961787966, 7.800030066119891, 7.229271473904042, 6.586958452269659, 5.91158188698914, 5.251531133263785, 4.930050028202196], "segunda_derivada": [206.93372819165543, 319.04612242081123, 440.8293956035491, 442.99244671167105, 417.8564798648316, 393.83291637690445, 382.46408519756324, 350.4230095450741, 288.6047535296136, 236.9357892940933, 198.01811256763776, 125.82503165768507, 28.760186086782767, -44.790940482013006, -112.58031508021249, -216.05155907150652, -324.97257902649636, -404.9172020282115, -485.82853350794574, -586.6659831552159, -672.4629141121748, -729.4649437706602, -784.4295453651032, -834.0467416973256, -861.136007242787, -870.7170183421744, -862.1692266108604, -833.867914578734, -795.7175553625791, -748.7623065085035, -676.5394350965647, -585.725306882997, -509.18598518833187, -433.37355824283964, -325.1827402933666, -218.17567657357225, -145.38458657675088, -66.13565954803873, 38.644399614880825, 120.46935940486347, 168.89235738477007, 230.6235197002683, 305.0124884079425, 348.2241900080646, 369.1002512394997, 404.63246480262586, 439.52886153674194, 445.4454637999821, 327.4000073604048, 214.46663237905562], "sigma": 0.019814573965890814, "center": 5687.636918737288, "fwhm": 0.04270637255825769}