{"x": [5577.42224, 5577.417896938776, 5577.413553877551, 5577.409210816327, 5577.404867755102, 5577.400524693878, 5577.396181632653, 5577.391838571429, 5577.387495510204, 5577.38315244898, 5577.378809387755, 5577.374466326531, 5577.370123265306, 5577.365780204082, 5577.361437142857, 5577.357094081633, 5577.352751020408, 5577.3484079591835, 5577.3440648979595, 5577.3397218367345, 5577.33537877551, 5577.3310357142855, 5577.326692653061, 5577.322349591836, 5577.318006530612, 5577.313663469387, 5577.309320408163, 5577.304977346938, 5577.300634285714, 5577.296291224489, 5577.291948163265, 5577.28760510204, 5577.283262040816, 5577.278918979592, 5577.274575918367, 5577.270232857143, 5577.265889795918, 5577.261546734694, 5577.257203673469, 5577.252860612245, 5577.24851755102, 5577.244174489796, 5577.239831428571, 5577.235488367347, 5577.231145306122, 5577.226802244898, 5577.222459183673, 5577.218116122449, 5577.213773061224, 5577.20943], "y": [0.21323, 0.22791191039854777, 0.24433079249014308, 0.2627057697369974, 0.2832745300607613, 0.30641424171071424, 0.3326587270143479, 0.36264937812987186, 0.3971092952101576, 0.4370435240614209, 0.4836397648542265, 0.5380584141496816, 0.6016734848836821, 0.6760776898069616, 0.7628143649941843, 0.8631310718012455, 0.9781140539870996, 1.10868518366573, 1.2549647210761303, 1.4151727543119677, 1.5847609231351139, 1.7552875380879152, 1.9121796128729336, 2.034005128279761, 2.0972097294492, 2.0870806520286873, 2.0061619665743757, 1.8726089944773203, 1.7103812913143877, 1.539449848213638, 1.3726145722427188, 1.2167228851301817, 1.0760136731119407, 0.9508880630868548, 0.8409103379922757, 0.745272510048165, 0.6626669027616778, 0.5914901407117813, 0.530163480649135, 0.4773812041869937, 0.4319685548699384, 0.3927471285197988, 0.35868876935265664, 0.32903093031317965, 0.30316189500751506, 0.2805245950161221, 0.2606518432142628, 0.2431312953515671, 0.22766371370393704, 0.21396], "primeira_derivada": [-3.3805441924702255, -3.5805150885938404, -4.005683726265633, -4.483443308463292, -5.031988926033769, -5.685413398595789, -6.47413581251159, -7.419946998671519, -8.564713008370608, -9.961921461708535, -11.629457295928919, -13.588769985918212, -15.889630438333892, -18.551532177445484, -21.534739245480868, -24.786628355306835, -28.269704152255898, -31.872756657808775, -35.284739818547166, -37.96817325498643, -39.15611203635953, -37.694459369980365, -32.08768835889647, -21.301808449272457, -6.110381710635848, 10.481980125083389, 24.691300267727286, 34.052095972104595, 38.355336137438364, 38.885788342668164, 37.1543188548205, 34.14652520397446, 30.60454462056294, 27.066546263780506, 23.67173088396144, 20.5204838265206, 17.704375023342028, 15.254611351612402, 13.136924697333304, 11.304805608641523, 9.743596888459544, 8.436420963121915, 7.335401795273873, 6.392596313365487, 5.584348549270924, 4.8940194019456325, 4.3049473322483225, 3.7977969691172273, 3.3583794751602105, 3.1553121167188976], "segunda_derivada": [46.04376632216874, 71.96991954273759, 103.95066672929252, 118.15458575329767, 138.3782115880773, 166.02884600574083, 199.69020817435685, 240.68014331196804, 292.6477813261146, 352.83226843052796, 417.5451757087142, 490.4574126603893, 571.3437981845035, 649.8997498906091, 717.8227355699014, 775.3707072738024, 815.7988036755436, 807.6141809174278, 701.7419605747003, 445.696251754143, -31.51163095064125, -813.7605380233193, -1887.2230983261466, -2990.6677922951644, -3659.1458111308743, -3546.0796413001885, -2713.5371375797363, -1573.088101150277, -556.4844841786269, 138.26851850923504, 545.6132084829499, 754.0504146341281, 815.0908512373016, 798.1482850695716, 753.6230896661191, 686.9988185905032, 606.2397238589804, 525.8330575936347, 454.72600301757694, 390.660830397434, 330.2261351195107, 277.24627499964, 235.2977017936833, 201.5920517212497, 172.52541858725021, 147.2925605791749, 126.20388893437793, 108.97473097369073, 73.96681962153508, 46.75673400969343], "sigma": 1.1005978916012182e-05, "center": 5577.316400395301, "fwhm": 0.06880477352059164}