{"x": [5779.64769, 5779.64265510204, 5779.637620204081, 5779.632585306123, 5779.627550408163, 5779.622515510204, 5779.617480612244, 5779.612445714286, 5779.607410816327, 5779.602375918367, 5779.597341020408, 5779.5923061224485, 5779.58727122449, 5779.582236326531, 5779.577201428571, 5779.572166530612, 5779.567131632653, 5779.562096734694, 5779.557061836735, 5779.552026938775, 5779.546992040816, 5779.541957142857, 5779.536922244898, 5779.531887346939, 5779.526852448979, 5779.521817551021, 5779.5167826530615, 5779.511747755102, 5779.506712857143, 5779.501677959184, 5779.496643061225, 5779.4916081632655, 5779.486573265306, 5779.481538367347, 5779.476503469388, 5779.471468571429, 5779.4664336734695, 5779.46139877551, 5779.456363877552, 5779.451328979592, 5779.446294081633, 5779.4412591836735, 5779.436224285714, 5779.431189387756, 5779.426154489796, 5779.421119591837, 5779.416084693878, 5779.411049795919, 5779.40601489796, 5779.40098], "y": [0.09205, 0.09500820729769091, 0.09954601511065367, 0.10645747998846826, 0.11622978459864074, 0.128839440332053, 0.14387016116285195, 0.16064800269955648, 0.17865684234739346, 0.1978931950882837, 0.2192749863772092, 0.24489266051363287, 0.27798491571331035, 0.32277689427339756, 0.3841531440872857, 0.4672459342725353, 0.5770966933041981, 0.7181907177915532, 0.8936331295299383, 1.1031873514196586, 1.3388635450601978, 1.5763975183258692, 1.7655111650788713, 1.8387550481509176, 1.7618713765859924, 1.5712599615281577, 1.3344653909870585, 1.1008429164828446, 0.8938638311872947, 0.7210012185880895, 0.5821579673315753, 0.4739902197902977, 0.3917711971256605, 0.33068575557560775, 0.2854810010595002, 0.2515140108841339, 0.2248393917027552, 0.20252412885778337, 0.18271564667773668, 0.16462801808409452, 0.14822821679490544, 0.13393072687745014, 0.12218804010372436, 0.11323961868218646, 0.10695604986418884, 0.10281958949667397, 0.10007081292947231, 0.0978598004854436, 0.0954744035879128, 0.09249], "primeira_derivada": [-0.5875406654829799, -0.7444058619593249, -1.1369915323199027, -1.6568130699078087, -2.22268261682476, -2.7448795176411735, -3.1588090391325534, -3.454556722733659, -3.698703795909728, -4.033661094776843, -4.667370203384455, -5.830299820880122, -7.7344401411111825, -10.543235357556776, -14.346769404739952, -19.16062160455743, -24.920543133784204, -31.43424541864453, -38.232813925368, -44.21444278737719, -46.99302456246409, -42.369043374818574, -26.05390734249788, 0.3614560336918674, 26.564102073684413, 42.44435429337617, 46.7156483448949, 43.75476557367364, 37.72089335213737, 30.954536357920475, 24.529891250108452, 18.906715860185525, 14.231119018789327, 10.555347589301004, 7.862298832807977, 6.022128933498374, 4.865032262979391, 4.18317763028115, 3.7633444692298466, 3.4248390097564894, 3.0484521686757726, 2.585968663246388, 2.0547693681259047, 1.512641404434524, 1.0347805724749068, 0.6837513878403716, 0.4925411648553684, 0.45645506414036163, 0.5332581244713728, 0.5927436091043317], "segunda_derivada": [31.155586020212773, 54.56425048433116, 90.60831176645131, 107.81659264623767, 108.0524825440682, 92.96379289717909, 70.47582799915185, 53.61526302836999, 57.50904752346856, 96.1952372511143, 178.41858371304562, 304.5811417381356, 468.0269168440159, 656.6497789011548, 855.7657291696112, 1050.0484632769894, 1218.8552691856153, 1322.0000582924038, 1269.1615075269142, 869.9491735261606, -183.26085529584927, -2079.3983702155174, -4243.432513754748, -5225.330268927573, -4179.121265517906, -2001.187157676425, -130.13285382051404, 893.241041360806, 1271.1508078402708, 1309.95724338911, 1196.4314465696891, 1022.7389228554193, 829.3483143319645, 632.4676525664282, 450.17979438589606, 297.6491871346502, 182.62051366826418, 109.40517590802374, 75.30824127040283, 70.99372284424788, 83.30559559284507, 98.67953715917434, 106.58877971002063, 101.29190342811384, 82.31448018231694, 53.84810297989618, 22.572088407198954, -4.0434741625553166, -13.534389978069216, -11.814635592004443], "sigma": 0.0027614686465133875, "center": 5779.531557325448, "fwhm": 0.0486170294910882, "statistics": {"wv_mean": 5779.524334999999, "wv_std": 0.07265795634952575, "wv_min": 5779.40098, "wv_max": 5779.64769, "wv_kurt": -1.2009603841539407, "wv_skew": 3.755236853847049e-11, "int_mean": 0.49268064247589427, "int_std": 0.5192284201990275, "int_max": 1.8387550481509176, "int_min": 0.09205, "int_kurt": 0.5846683466503211, "int_skew": 1.3790610612913694}}