{"x": [5808.3403, 5808.334554285714, 5808.328808571428, 5808.323062857143, 5808.317317142857, 5808.311571428571, 5808.305825714286, 5808.30008, 5808.294334285714, 5808.288588571429, 5808.282842857143, 5808.277097142857, 5808.2713514285715, 5808.265605714286, 5808.25986, 5808.254114285714, 5808.248368571429, 5808.242622857143, 5808.236877142857, 5808.231131428572, 5808.225385714286, 5808.21964, 5808.213894285715, 5808.208148571429, 5808.202402857143, 5808.196657142857, 5808.190911428571, 5808.185165714285, 5808.1794199999995, 5808.173674285714, 5808.167928571428, 5808.162182857142, 5808.156437142857, 5808.150691428571, 5808.144945714285, 5808.1392, 5808.133454285714, 5808.127708571428, 5808.1219628571425, 5808.116217142857, 5808.110471428571, 5808.104725714285, 5808.09898, 5808.093234285714, 5808.087488571428, 5808.081742857143, 5808.075997142857, 5808.070251428571, 5808.064505714286, 5808.05876], "y": [0.03492, 0.039437912403059806, 0.04104224299243193, 0.0409545962020937, 0.0426638013594767, 0.04540237697533353, 0.04853267192008904, 0.05526314118334443, 0.06495353587030005, 0.07079581385824843, 0.07193449324721769, 0.0771316396022363, 0.09012359884293904, 0.10455485850822227, 0.12011260952196652, 0.14835274234422155, 0.19541935944844077, 0.2567460457092802, 0.3367616892551451, 0.44913655997714014, 0.5802152583483227, 0.6726248855497412, 0.6739754824815104, 0.5893088518592104, 0.47015425301137503, 0.3612185101904107, 0.27607674010949107, 0.2131247773953373, 0.1698202060566338, 0.1408852181627723, 0.11878552451731557, 0.10074101835672788, 0.08736081858913593, 0.07700328485453022, 0.0679465275034598, 0.06199820802680643, 0.05994548054687488, 0.05791615643646642, 0.05312035003568857, 0.04800227335115874, 0.044989546806718184, 0.042887233359323276, 0.0412726489766166, 0.041663148645866635, 0.04262300130748964, 0.04078506911920176, 0.03770673643669069, 0.037491089448804825, 0.03807910155394093, 0.03455], "primeira_derivada": [-0.7863099657266642, -0.5327660485724709, -0.1319839208512361, -0.14111025073784297, -0.3870520314866352, -0.5107172292942117, -0.8580973328730925, -1.4289662811022976, -1.351674648492026, -0.607492561394705, -0.5513523148690487, -1.5828411135067548, -2.3864064189775736, -2.609685166010789, -3.8113523974768757, -6.55329748243556, -9.432535101417164, -12.299804931008234, -16.742088511680873, -21.185666131999643, -19.44826304094405, -8.159144317933256, 7.2502764275945175, 17.73680515037059, 19.848736841878093, 16.88889346357901, 12.887321352176116, 9.246590482005667, 6.286386308176013, 4.441108537747952, 3.4934037623479446, 2.734621351292979, 2.0656903843355297, 1.6894584485355062, 1.3057625285234271, 0.6962621667862416, 0.3552257724077257, 0.593932292124155, 0.8627198110068411, 0.7075537369839218, 0.4451178511060451, 0.3234495874042733, 0.1065215439361722, -0.11750952655573683, 0.07641169426498105, 0.42782016528729416, 0.2866466645059315, -0.032403727259579684, 0.2559376695885624, 0.6142145916874873], "segunda_derivada": [-44.12748433827455, -56.940356963495866, -34.082428951413966, 22.19637959291247, 32.16371021759571, 40.99101329831476, 79.90730187317888, 42.95178032501627, -71.48577869185414, -69.64515583515582, 84.87617932381426, 159.68894491302157, 89.35738895515586, 124.00076889021769, 343.17859541356887, 489.1630896036316, 500.06902213010716, 636.0874424666875, 773.2599254991528, 235.49504854434107, -1133.5859360862194, -2323.3438125361376, -2253.5013212176123, -1096.3354413262755, 73.78644712943225, 605.7919993066033, 665.043770154099, 574.4224926424441, 418.1796818736779, 243.04920214896958, 148.50087400827354, 124.24159182149387, 90.9515206281358, 66.12997253484396, 86.42931342949461, 82.71702253645684, 8.9048871536182, -44.16283279718941, -9.887495201654378, 36.340299842311474, 33.4252740808889, 29.465118724480217, 38.37287167740666, 2.6202007421563454, -47.455343646372796, -18.294937738583652, 40.04931934160985, 2.672339189735411, -56.269619998071796, -62.355506084063194], "sigma": 0.0018758886100496142, "center": 5808.216796017204, "fwhm": 0.0436689804986436, "statistics": {"wv_mean": 5808.19953, "wv_std": 0.08291565413128245, "wv_min": 5808.05876, "wv_max": 5808.3403, "wv_kurt": -1.200960384159355, "wv_skew": -3.043131096674129e-17, "int_mean": 0.1523302218051762, "int_std": 0.17534813996354442, "int_max": 0.6739754824815104, "int_min": 0.03455, "int_kurt": 2.123335598654867, "int_skew": 1.812298361387067}}