{"x": [5689.8101, 5689.723776938775, 5689.637453877551, 5689.551130816326, 5689.464807755102, 5689.378484693877, 5689.292161632653, 5689.205838571428, 5689.119515510204, 5689.033192448979, 5688.946869387755, 5688.86054632653, 5688.774223265306, 5688.687900204081, 5688.601577142857, 5688.5152540816325, 5688.4289310204085, 5688.342607959184, 5688.256284897959, 5688.169961836735, 5688.08363877551, 5687.997315714286, 5687.910992653061, 5687.824669591837, 5687.738346530612, 5687.652023469388, 5687.565700408163, 5687.479377346939, 5687.393054285714, 5687.30673122449, 5687.220408163265, 5687.134085102041, 5687.047762040816, 5686.961438979592, 5686.875115918368, 5686.788792857143, 5686.702469795919, 5686.616146734694, 5686.52982367347, 5686.443500612245, 5686.357177551021, 5686.270854489796, 5686.184531428572, 5686.098208367347, 5686.011885306123, 5685.925562244898, 5685.839239183674, 5685.752916122449, 5685.666593061225, 5685.58027], "y": [0.10477, 0.1055165330352782, 0.10727836090268342, 0.107478178579086, 0.10920885972137437, 0.10737587619019073, 0.10673392286810644, 0.107758319794894, 0.10806202710163222, 0.11032685691481224, 0.10680202896682452, 0.1078059057524579, 0.10877174304926104, 0.10933093664180273, 0.10902336811770011, 0.11209702138895694, 0.11249678291346504, 0.11592544799069857, 0.11802963821159349, 0.11963100997197695, 0.12460973482311749, 0.1352656701333815, 0.15527784954748453, 0.2081730468357698, 0.37620150994984064, 0.9988575694547478, 0.5216144929260843, 0.2435795012292012, 0.1721759699699231, 0.14340167852920835, 0.13070994294013463, 0.12163464011193949, 0.11774332892262511, 0.11533077243394355, 0.11253653416426694, 0.110160311846177, 0.10895673990984905, 0.10992214390169373, 0.10910537990212571, 0.10760844470314429, 0.10750679376803286, 0.10994522276499841, 0.10812423482649325, 0.10881228408362544, 0.10814010096405446, 0.10740063765619011, 0.11085667459405621, 0.107207367562174, 0.10762003775482953, 0.10463], "primeira_derivada": [-0.008648129766079744, -0.01452891537385037, -0.011362233428604495, -0.011181825524418538, 0.000592555381170196, 0.01433531676334359, -0.002215187918955291, -0.007692638645382291, -0.014877467755921013, 0.007298154843765296, 0.014601840612438669, -0.011408967977369858, -0.008833276228351138, -0.0014574614527676272, -0.01602170212640016, -0.020118695667741306, -0.02217499326041835, -0.03204737656206007, -0.02146333742523094, -0.038113202417689694, -0.09055899975994247, -0.17763569948375163, -0.42229373975062356, -1.279632911927986, -4.5797989054345845, -0.842260346850748, 4.374717818809474, 2.024016050864953, 0.5802494795656129, 0.2401793126982197, 0.1260789301752898, 0.07510515633704842, 0.03651323058140917, 0.030158770347705952, 0.02994831574799504, 0.020734866231806197, 0.0013795151672390783, -0.0008609518138506353, 0.013401396832612393, 0.009259322546129222, -0.01353507410828654, -0.0035763389857953612, 0.006562201718189924, -9.189976198806407e-05, 0.00817653131974152, -0.015734924083255136, 0.0011194580641295246, 0.01874723158166925, 0.014928615399033444, 0.03463776321647594], "segunda_derivada": [0.06812531349472263, 0.015720617550087992, -0.019386996950496765, -0.06924446747023454, -0.1478002629066595, 0.01626299658688596, 0.12759021225771394, 0.07334239343089695, -0.08682959846714743, -0.1707499013022185, 0.10835530248686916, 0.1357407656098777, -0.05764106591822201, 0.04163676424402081, 0.10808950673362219, 0.03564106188275152, 0.06909324533396179, -0.004122049340519165, 0.035134445938252365, 0.400215547008096, 0.8081415040604887, 1.921472288431363, 6.382982697861817, 24.08108045933442, -2.533347166292151, -51.866306623217945, -16.602031699635393, 21.978300383589822, 10.332330161048125, 2.630644366338202, 0.9561416962030768, 0.5187819936146701, 0.2603382303150775, 0.03802526659906528, 0.05458508990660525, 0.1654760626854651, 0.12508718840209873, -0.06963308237016363, -0.058618602123401385, 0.15602129117537686, 0.07434665401028054, -0.11640733971552343, -0.020182551304265238, -0.009350511778968259, 0.0906074466045277, 0.04087594413075179, -0.19972736818998818, -0.07998533149211914, -0.09204105721812768, -0.22831845323572433], "sigma": 0.0001240997256823917, "center": 5687.631712379346, "fwhm": 0.23619716224127715}