{"x": [5706.332, 5706.320969387755, 5706.30993877551, 5706.298908163266, 5706.287877551021, 5706.276846938776, 5706.2658163265305, 5706.254785714286, 5706.243755102041, 5706.232724489796, 5706.221693877551, 5706.210663265307, 5706.199632653062, 5706.1886020408165, 5706.177571428571, 5706.166540816327, 5706.155510204082, 5706.144479591837, 5706.133448979592, 5706.122418367348, 5706.111387755102, 5706.100357142857, 5706.089326530612, 5706.078295918368, 5706.067265306123, 5706.056234693878, 5706.045204081633, 5706.034173469388, 5706.023142857143, 5706.012112244898, 5706.001081632653, 5705.990051020409, 5705.979020408164, 5705.967989795919, 5705.9569591836735, 5705.945928571429, 5705.934897959184, 5705.923867346939, 5705.912836734694, 5705.90180612245, 5705.890775510205, 5705.879744897959, 5705.868714285714, 5705.85768367347, 5705.846653061225, 5705.83562244898, 5705.824591836735, 5705.8135612244905, 5705.802530612245, 5705.7915], "y": [0.09023, 0.09967509135593652, 0.10615048501137431, 0.11737944011943448, 0.131409059929736, 0.14449578206007355, 0.16115883598844039, 0.17869688901430494, 0.20130728068775677, 0.23326772192800038, 0.2667756169824435, 0.315667775971727, 0.3659019898644329, 0.4408506804107322, 0.5383754793581335, 0.6538439564645805, 0.8177125897270974, 1.0092267687221936, 1.249859097833567, 1.4892315683802229, 1.6773488492170596, 1.7723122771290558, 1.7866056172450233, 1.7325710516836599, 1.5898172290251795, 1.3684745092238946, 1.1268476427864114, 0.9172670759410303, 0.7515838769424839, 0.6196610197148699, 0.5182131548878901, 0.43488347894108365, 0.377305563816454, 0.3222803485302129, 0.2872385963042851, 0.2546746812602937, 0.2227778961198468, 0.20235163020616861, 0.17462871955558298, 0.16330322272144066, 0.14784860538918257, 0.13789564812768895, 0.13116588125820294, 0.11946706986553171, 0.10759564013959688, 0.10509366996961594, 0.09733888988021082, 0.09297397834506457, 0.09192219582107734, 0.08974], "primeira_derivada": [-0.8562617510295804, -0.7216501068838984, -0.8025097959570228, -1.1449307780070361, -1.2291403839632968, -1.34850973806374, -1.550281443841244, -1.8198647458905122, -2.473608522402182, -2.967574910614695, -3.735062579303461, -4.493239843958424, -5.674340719136589, -7.81794725718747, -9.654644335667735, -12.661904170550853, -16.108934135309262, -19.58850961774919, -21.757849383658925, -19.37742628883366, -12.831595493442228, -4.952434443350112, 1.8014061488114006, 8.920102703953743, 16.50391358017215, 20.98567042112749, 20.452510852287425, 17.0101059451776, 13.490006248645361, 10.57832135101092, 8.37567021101283, 6.387115599116335, 5.104119694746147, 4.082591496768388, 3.064456703325919, 2.9219003784491497, 2.371720167992644, 2.18252511711471, 1.7700018194187634, 1.2138997170962649, 1.1516846947905124, 0.7562011863102649, 0.8353379600967519, 1.0684013088213227, 0.6515232145102368, 0.4649220746528288, 0.5493662253611807, 0.24553007299083335, 0.14659106281678547, 0.19783088849327982], "segunda_derivada": [-12.203460801118275, -2.436490100371711, 19.18663541671368, 19.338481787922852, 9.227908457516984, 14.556810299444736, 21.365768162807434, 41.85293880706023, 52.02386500494226, 57.1796936049094, 69.15594980148573, 87.90437451786354, 150.70366627651615, 180.4207929750826, 219.56881476389404, 292.5626273719229, 313.97193978337094, 256.0562878478361, -9.568069488508025, -404.61280354279836, -653.861795017887, -663.2905462126389, -628.8199077077745, -666.4411324252937, -546.912875235434, -178.98359512462372, 180.2059753243464, 315.59919110600896, 291.54250241236383, 231.824667751067, 189.98064925728906, 148.29414921407943, 104.46038946600885, 92.45465918368265, 52.61227085923409, 31.40063851252575, 33.51469732160185, 27.274929768289756, 43.906239224695994, 28.02732572379084, 20.746741913097527, 14.3394912115443, -14.151531918003466, 8.332028246001478, 27.354747894223422, 4.630612829049086, 9.944688327162433, 18.25715352922118, 2.1621276968849634, -4.645238590374137], "sigma": 0.01607038402700489, "center": 5706.091158670545, "fwhm": 0.11762249014812745, "statistics": {"wv_mean": 5706.061750000001, "wv_std": 0.1591813279032591, "wv_min": 5705.7915, "wv_max": 5706.332, "wv_kurt": -1.2009603841537233, "wv_skew": -8.57033010931246e-12, "int_mean": 0.5206480825971657, "int_std": 0.5310585577892486, "int_max": 1.7866056172450233, "int_min": 0.08974, "int_kurt": 0.20464996330698249, "int_skew": 1.2604047334118413}}