{"x": [5601.78798, 5601.786519387755, 5601.78505877551, 5601.783598163265, 5601.78213755102, 5601.780676938775, 5601.77921632653, 5601.777755714285, 5601.77629510204, 5601.774834489796, 5601.773373877551, 5601.7719132653065, 5601.7704526530615, 5601.768992040817, 5601.767531428572, 5601.766070816327, 5601.764610204082, 5601.763149591837, 5601.761688979592, 5601.760228367347, 5601.758767755102, 5601.757307142857, 5601.755846530612, 5601.754385918367, 5601.752925306122, 5601.751464693878, 5601.750004081633, 5601.748543469388, 5601.747082857143, 5601.745622244898, 5601.744161632653, 5601.742701020408, 5601.741240408163, 5601.739779795918, 5601.738319183673, 5601.7368585714285, 5601.7353979591835, 5601.733937346939, 5601.732476734694, 5601.731016122449, 5601.729555510204, 5601.72809489796, 5601.726634285715, 5601.72517367347, 5601.723713061225, 5601.72225244898, 5601.720791836735, 5601.71933122449, 5601.717870612245, 5601.71641], "y": [0.05804, 0.0694364889693972, 0.08247812886835755, 0.09715649591600489, 0.1133926624068209, 0.1311009391529645, 0.1503729978016566, 0.17110220890909775, 0.19304489027472727, 0.21604231200825388, 0.24009840588418557, 0.26493772762795503, 0.29016002510683087, 0.3155133547784023, 0.34086411091713265, 0.3657556867811988, 0.38968048573686265, 0.41232545080275884, 0.43342341611592705, 0.4524550221896489, 0.46895965328387984, 0.48266376982177583, 0.49332051406423716, 0.500609221110827, 0.5043459176880772, 0.504470268085234, 0.500980674317397, 0.4939323728625506, 0.48350299365320126, 0.47001893875792916, 0.4537254224672504, 0.4348827615459255, 0.41394165992111537, 0.39143671095083127, 0.36762316926729643, 0.34280560408792454, 0.31750033275042916, 0.29216296487827187, 0.2669220327540725, 0.24202642180435527, 0.217879097035773, 0.19476156442551348, 0.1726680770414961, 0.1517588274210261, 0.13228819420570084, 0.11437153279305894, 0.0979066820922648, 0.0829879219447489, 0.06970663745229715, 0.05808], "primeira_derivada": [-7.802542398751785, -8.365714087625944, -9.489173818155352, -10.58273119551191, -11.619936555442896, -12.659189844042325, -13.693322746779513, -14.607536196023785, -15.383995056995154, -16.1074630815376, -16.73798634394184, -17.137203729313033, -17.313160055017338, -17.357134306328117, -17.19906572614874, -16.710928923245774, -15.941864167719501, -14.974176250457523, -13.737243243543787, -12.164842959073058, -10.341125009895492, -8.339263505595321, -6.143126401629041, -3.7742404467449764, -1.3217221028186572, 1.1519975213653313, 3.6073554973545523, 5.982998131285194, 8.186099420711972, 10.193523739378495, 12.027893554009895, 13.61886519969626, 14.872547709071664, 15.855847715163724, 16.647507588301064, 17.158159768273215, 17.336099770686868, 17.314075029514715, 17.162851827064543, 16.788485748937216, 16.179810061435674, 15.476735925127977, 14.720791624546822, 13.822930409925481, 12.798501024862937, 11.7695549356756, 10.743306773139341, 9.653501378402106, 8.526534688033081, 7.960112269670563], "segunda_derivada": [385.57234530888127, 577.3713814974767, 758.9341783021648, 729.4073922244949, 710.8178969821068, 709.7661266698932, 666.9622135207837, 578.7546681384148, 513.4582744878468, 463.50127901672477, 352.50308606278253, 196.89473132317463, 75.28711941678411, -39.057021897045935, -221.21044969818934, -430.368005872768, -594.5289993244547, -754.6906893977452, -961.6971585333622, -1162.5666720851668, -1309.5807825422105, -1437.068127686368, -1562.708745807849, -1650.4737364292791, -1686.3606294755893, -1687.3326985766098, -1653.7587667796083, -1567.4057023596195, -1441.356397851882, -1315.1314274434126, -1172.5704313889826, -973.7882743648584, -765.7687805898219, -607.6081743666736, -445.8103297462215, -235.72039217260968, -53.37325555774259, 59.30661755737434, 179.92087988886527, 336.51702189418984, 449.0410883341858, 499.45440426869817, 566.1343456878518, 658.0427510188183, 702.9160139326306, 703.5386218424287, 724.3721133320796, 758.8503015646695, 579.6846885888413, 387.797939062177], "sigma": 0.015364600142243612, "center": 5601.752100164052, "fwhm": 0.04037667934998731}