{"x": [5573.50774, 5573.503454693878, 5573.4991693877555, 5573.494884081632, 5573.49059877551, 5573.486313469388, 5573.482028163266, 5573.477742857143, 5573.47345755102, 5573.469172244898, 5573.464886938776, 5573.460601632653, 5573.456316326531, 5573.452031020408, 5573.447745714286, 5573.443460408163, 5573.439175102041, 5573.434889795919, 5573.430604489796, 5573.4263191836735, 5573.422033877551, 5573.417748571429, 5573.413463265307, 5573.409177959184, 5573.404892653061, 5573.400607346939, 5573.396322040817, 5573.392036734694, 5573.387751428571, 5573.383466122449, 5573.379180816327, 5573.374895510205, 5573.3706102040815, 5573.366324897959, 5573.362039591837, 5573.357754285715, 5573.353468979592, 5573.349183673469, 5573.344898367347, 5573.340613061225, 5573.3363277551025, 5573.33204244898, 5573.327757142857, 5573.323471836735, 5573.319186530613, 5573.31490122449, 5573.310615918368, 5573.306330612245, 5573.302045306123, 5573.29776], "y": [0.0523, 0.056044717779849096, 0.06060990143033381, 0.06737130924654708, 0.07609641656554836, 0.0850417617096344, 0.09297001755167947, 0.10112281425098876, 0.11238206905358507, 0.12899410009716766, 0.15097449926788464, 0.17765597498112332, 0.209760654097687, 0.2505665365775891, 0.3044302686318362, 0.3758323163172944, 0.46846600774852004, 0.5840399285282232, 0.7177479114505905, 0.8551301997177929, 0.970534166664559, 1.0352209293125227, 1.0299740801882176, 0.9565458698024834, 0.83650510191482, 0.6998543978201575, 0.5727951678126294, 0.46736644481780787, 0.38441474779677165, 0.31974552521119, 0.2688825872466237, 0.2286759941313168, 0.19681563288795859, 0.1714602018573449, 0.15141522733955673, 0.13576853476145398, 0.12331981677784919, 0.11229369033058903, 0.10151655734184446, 0.09123881298768075, 0.08287153398230154, 0.07720202036198667, 0.07317995637226073, 0.06896562735960922, 0.06388992037737701, 0.05918245986326071, 0.056422131629438245, 0.05556028001553439, 0.054806728396194444, 0.0525], "primeira_derivada": [-0.8738507058809164, -0.9695808412818048, -1.3215615340373295, -1.806932187777845, -2.0617491445144744, -1.9687742841167841, -1.8763014919560768, -2.264955051755648, -3.251959725639078, -4.502879037493806, -5.677759475715026, -6.859037972164317, -8.50704238024742, -11.045840346437995, -14.615732944857065, -19.139325690731813, -24.293201730629757, -29.085658826211322, -31.630210704538364, -29.494538779985387, -21.012586319029047, -6.935317084461669, 9.17963119286734, 22.57353065724761, 29.950190798411267, 30.769089369439143, 27.1261779608049, 21.979808982316115, 17.224081010215862, 13.480035877732085, 10.625790606521777, 8.408612161536809, 6.675811556465994, 5.297218477883475, 4.164424439893012, 3.2781100999754975, 2.738992706548614, 2.5439558822245107, 2.4566363221473457, 2.175459912036325, 1.6377817856224537, 1.130791748888006, 0.9610040410797588, 1.0839407652391098, 1.141478253506715, 0.8713250039658295, 0.422627899151714, 0.18848166116800086, 0.3570666748450874, 0.5382878913164186], "segunda_derivada": [22.339159133512343, 52.23790499250613, 97.70029520859362, 86.36344630718588, 18.883376323853213, -21.637620191853966, 34.55771410362498, 160.5087471338977, 261.1159998439729, 283.0369267527338, 274.9113910945278, 330.11444501460835, 488.50680142605273, 712.7484466320556, 944.3298930571224, 1129.1455627303355, 1160.5160578637476, 856.0659103237749, 47.707204814044154, -1238.8408298728507, -2632.1598798230248, -3522.7608775826116, -3443.0268103044978, -2423.462759809305, -956.2395869022827, 329.4995453113345, 1025.5137130744229, 1155.3546779437088, 991.7346464982062, 769.8738684531396, 591.7224547689477, 460.87478198141906, 363.0305040711148, 293.02307057248726, 235.5850807742392, 166.31620853658242, 85.65948344509495, 32.9447157701149, 42.99529131354131, 95.54212851587748, 121.88956090240613, 78.96492399411234, 5.466468708104949, -21.057330244117, 24.80753477202646, 83.87386266545006, 79.67264452579015, 7.6495380294041615, -40.81461395857918, -42.28897803360036], "sigma": 0.0055173451556616016, "center": 5573.415314893681, "fwhm": 0.044063524336684284, "statistics": {"wv_mean": 5573.40275, "wv_std": 0.061840694233300644, "wv_min": 5573.29776, "wv_max": 5573.50774, "wv_kurt": -1.200960384154371, "wv_skew": -3.667559691725044e-17, "int_mean": 0.2885292310073043, "int_std": 0.2971006594622864, "int_max": 1.0352209293125227, "int_min": 0.0523, "int_kurt": 0.46942763562985945, "int_skew": 1.3389089985457088}}