{"x": [5719.43957, 5719.428693265306, 5719.417816530612, 5719.406939795918, 5719.396063061224, 5719.38518632653, 5719.374309591836, 5719.3634328571425, 5719.352556122449, 5719.341679387755, 5719.330802653061, 5719.319925918367, 5719.309049183673, 5719.298172448979, 5719.287295714285, 5719.276418979592, 5719.265542244898, 5719.254665510204, 5719.2437887755095, 5719.232912040816, 5719.222035306122, 5719.211158571428, 5719.200281836735, 5719.189405102041, 5719.178528367347, 5719.167651632652, 5719.156774897959, 5719.145898163265, 5719.135021428571, 5719.1241446938775, 5719.113267959184, 5719.10239122449, 5719.091514489795, 5719.080637755102, 5719.069761020408, 5719.058884285714, 5719.04800755102, 5719.037130816327, 5719.026254081633, 5719.015377346938, 5719.004500612245, 5718.993623877551, 5718.982747142857, 5718.971870408163, 5718.96099367347, 5718.950116938776, 5718.939240204081, 5718.9283634693875, 5718.917486734694, 5718.90661], "y": [0.04931, 0.050806890291871326, 0.05165617939332638, 0.05256784184259134, 0.05362713923523024, 0.05432146755362677, 0.054731375659295096, 0.05616206022555602, 0.059678165365852125, 0.06448268525330228, 0.06842570808553287, 0.07044864702705528, 0.07214967090412755, 0.07632726397909978, 0.08433054898422358, 0.0954666337142409, 0.10902032219148473, 0.12598085345224413, 0.148195641041272, 0.17698259024225538, 0.21481456883861016, 0.2697839595753543, 0.3573049577937081, 0.4930120959653531, 0.677193311604254, 0.8705415331260498, 0.9813019393583651, 0.9311097012520521, 0.75897361853827, 0.5665146373867819, 0.41384865434311063, 0.31059451980684083, 0.24344782808112866, 0.19653711096258142, 0.1614618197682089, 0.13625425702201086, 0.11951763264230902, 0.10749794923792165, 0.09631532421756896, 0.08518192569837922, 0.07612358878618396, 0.0707297294577871, 0.06798166636168698, 0.06567723683880668, 0.0627965125010075, 0.059975552621395534, 0.057765729436734296, 0.055577655285118446, 0.05262610173604491, 0.04943], "primeira_derivada": [-0.13762313175966934, -0.10785311306145255, -0.08095037712622397, -0.09060439080839736, -0.08061361062579055, -0.05076139370672291, -0.08461145388555155, -0.22740233378151778, -0.38249645973880114, -0.4021217289007059, -0.27425334631624765, -0.1711893745364047, -0.2702381329310509, -0.5599510525483541, -0.8798306786943795, -1.1349809433834377, -1.4027288794480706, -1.800876823386256, -2.3445334571431613, -3.0624507112272332, -4.266049138190504, -6.550237408894779, -10.261725723553251, -14.70516486876809, -17.354906953934044, -13.979775930200269, -2.7842992327867773, 10.220361490847376, 16.760317969103497, 15.865283741537038, 11.764565597397125, 7.833271246054907, 5.243182446343579, 3.76887046624931, 2.771183431332321, 1.9281608086867565, 1.3219182316106255, 1.0666026651407314, 1.0258604336215202, 0.9282075916665012, 0.6643628187838426, 0.37428155847104455, 0.23226146271128068, 0.23835985737817586, 0.2621045919550438, 0.2312634814453564, 0.2021699278288469, 0.23626703442753866, 0.2826057386808181, 0.2938475402810792], "segunda_derivada": [-2.737036393409045, -2.6052283258352884, -0.7929182212647455, -0.015481047846704007, -1.8315697781497677, 0.18377957044693358, 8.120127273881419, 13.693678031180548, 8.03179446951905, -4.97590115371977, -10.6158861486063, -0.18457806952579073, 17.87124945852337, 28.022773512820137, 26.433939368132293, 24.037462321054733, 30.611019701812083, 43.294453904345936, 57.99414637347476, 88.33145862027578, 160.33243413004368, 275.6193266722955, 374.87939576976174, 326.0712626586474, -33.34589649203684, -669.8061564803176, -1112.4725435741004, -898.4597745655168, -259.4952625781786, 229.65313177043677, 369.22903433996885, 299.78588861486026, 186.8391982556811, 113.63700065399026, 84.61683167753587, 66.62225569205157, 39.60555110542567, 13.609681872609343, 6.361977071488023, 16.617929231586082, 25.463801811509896, 19.86356053721331, 6.2482769378900604, -1.3718790649984072, 0.32621812210353646, 2.7551772572973916, -0.23001172331865075, -3.6976083869305514, -2.6469573578313397, -1.0335640168489928], "sigma": 4.3345009392625755e-05, "center": 5719.153889496371, "fwhm": 0.07411714956034601, "statistics": {"wv_mean": 5719.17309, "wv_std": 0.15696074101625512, "wv_min": 5718.90661, "wv_max": 5719.43957, "wv_kurt": -1.2009603841531928, "wv_skew": -8.691636113754274e-12, "int_mean": 0.2036912560537162, "int_std": 0.24487216054867778, "int_max": 0.9813019393583651, "int_min": 0.04931, "int_kurt": 2.7124123078181013, "int_skew": 1.9548054648529507}}