{"x": [5815.70389, 5815.688746938776, 5815.673603877551, 5815.658460816327, 5815.643317755102, 5815.628174693878, 5815.613031632653, 5815.5978885714285, 5815.5827455102035, 5815.567602448979, 5815.552459387755, 5815.53731632653, 5815.522173265306, 5815.507030204081, 5815.491887142857, 5815.476744081632, 5815.461601020408, 5815.446457959183, 5815.431314897959, 5815.416171836734, 5815.40102877551, 5815.385885714286, 5815.370742653061, 5815.355599591837, 5815.340456530612, 5815.325313469388, 5815.310170408163, 5815.295027346939, 5815.279884285714, 5815.26474122449, 5815.249598163266, 5815.234455102041, 5815.2193120408165, 5815.2041689795915, 5815.189025918367, 5815.173882857142, 5815.158739795918, 5815.143596734693, 5815.128453673469, 5815.113310612244, 5815.09816755102, 5815.083024489796, 5815.067881428571, 5815.052738367347, 5815.037595306122, 5815.022452244898, 5815.007309183673, 5814.992166122449, 5814.977023061224, 5814.96188], "y": [0.01681, 0.019726163542949298, 0.019647293491185706, 0.019674807631373296, 0.021012940541536938, 0.0246595354274314, 0.01888687594306687, 0.02653550000324119, 0.020831288269185427, 0.020613780300365498, 0.026271754271360317, 0.023895725762721108, 0.020466186684792418, 0.02576558593087806, 0.026170894981723893, 0.02118429144603612, 0.02192586874975764, 0.022287102481793938, 0.017710966324261234, 0.026629873311578085, 0.019732516912085604, 0.02357455870634669, 0.023722610842095305, 0.02079348301467699, 0.02179636851992901, 0.018663571825087585, 0.02237502906367702, 0.02222655719346213, 0.025514811715319406, 0.02336863838745142, 0.024841974444118398, 0.023441908205899486, 0.030059791566275026, 0.03124569326939916, 0.03845954586653231, 0.07832328293915797, 0.20000983435013886, 0.31482173996055085, 0.12179864678053658, 0.057742135245373284, 0.03936265523393594, 0.028896442505742623, 0.023833277551584563, 0.023348996038968686, 0.02426657661863985, 0.023507680607298388, 0.019387605631570305, 0.021376902370934304, 0.0177175685724618, 0.01687], "primeira_derivada": [-0.19257424240695017, -0.09368295647476824, 0.0016956912084854546, -0.04509151188461813, -0.1645878505721752, 0.0701993000934779, -0.06194139176992619, -0.06420142853837925, 0.19552584563553355, -0.17963560741349915, -0.10836466331649564, 0.19169068593481198, -0.061739833856294175, -0.18836047125295455, 0.15126711887749922, 0.14016407148537544, -0.03641308119295708, 0.139169430903026, -0.1433914439554651, -0.06674841228763699, 0.10088166982950922, -0.13174660892029283, 0.0918267333940306, 0.06360148366320353, 0.07032630846590339, -0.01910645856765275, -0.11764415779425653, -0.10367067150713512, -0.03770971988605847, 0.022216025585734208, -0.0024192538536843113, -0.17228409252227947, -0.2576686756986732, -0.27734664001252063, -1.5544277663450021, -5.334135749971794, -7.808806076746763, 2.58241006920331, 8.488363115730365, 2.7219064337215126, 0.9524392826782239, 0.5127555601898566, 0.18316793363372003, -0.01430685185216223, -0.005239514189924822, 0.16109592752503032, 0.07035493698301178, 0.05514198993010405, 0.14881080859767595, 0.05597075518086234], "segunda_derivada": [-6.530468606633329, -6.414486831126259, -1.604412868364485, 5.49042030917919, -3.8067207900903473, -3.3892241892260344, 4.437700100363461, -8.50116213584045, 3.81145453893076, 10.033985349963102, -12.260608599623351, -1.539478338258963, 12.54868984390041, -7.033153652865046, -10.847362295744139, 6.1969042219275785, 0.032841463413550535, 3.5322568262875693, 6.79908243575722, -8.06551298191944, 2.146137946312241, 0.2989797208508854, -6.4500859399218395, 0.7099101234990733, 2.7308858164309684, 6.206488353742133, 2.792176947765052, -2.6393090777011348, -4.15658020615101, -1.1652355329666122, 6.422087160054636, 8.427933363679195, 3.4689996273678805, 42.81694009614482, 166.9672015116146, 206.50970823086845, -261.3918580197198, -538.1068249949465, -4.6059499611673465, 248.82432030461516, 72.94267786551355, 25.400126752380967, 17.4027696324726, 6.220916795818855, -5.791523152960765, -2.4960095601561028, 3.498431922841958, -2.590489150487927, -0.027364521561053966, 6.130864297714219], "sigma": 0.0010775662938005137, "center": 5815.147989896746, "fwhm": 0.03687662337082501, "statistics": {"wv_mean": 5815.332885, "wv_std": 0.218527543233202, "wv_min": 5814.96188, "wv_max": 5815.70389, "wv_kurt": -1.200960384153314, "wv_skew": 1.329847046202157e-17, "int_mean": 0.03643573678068976, "int_std": 0.04949459870896336, "int_max": 0.31482173996055085, "int_min": 0.01681, "int_kurt": 19.59735434502264, "int_skew": 4.3750484124109645}}