{"x": [5577.63116, 5577.617189387755, 5577.60321877551, 5577.589248163265, 5577.57527755102, 5577.5613069387755, 5577.547336326531, 5577.5333657142855, 5577.519395102041, 5577.505424489796, 5577.491453877551, 5577.477483265307, 5577.463512653061, 5577.449542040817, 5577.435571428571, 5577.421600816327, 5577.407630204081, 5577.393659591837, 5577.379688979592, 5577.365718367347, 5577.351747755102, 5577.337777142857, 5577.323806530612, 5577.309835918368, 5577.295865306122, 5577.281894693878, 5577.267924081632, 5577.253953469388, 5577.239982857143, 5577.226012244898, 5577.212041632653, 5577.198071020408, 5577.184100408163, 5577.170129795919, 5577.1561591836735, 5577.142188571429, 5577.1282179591835, 5577.114247346939, 5577.100276734694, 5577.086306122449, 5577.0723355102045, 5577.058364897959, 5577.044394285715, 5577.030423673469, 5577.016453061225, 5577.00248244898, 5576.988511836735, 5576.97454122449, 5576.960570612245, 5576.9466], "y": [0.08662, 0.08753453605316115, 0.10127932958936185, 0.1102003902741913, 0.1227872515705606, 0.1360150799758744, 0.1491822509318492, 0.16757585546489298, 0.19056542735721851, 0.22007770321890296, 0.2503083200364159, 0.29598681067489224, 0.3505881757631991, 0.41711682255116417, 0.5027281835969803, 0.6210858214634417, 0.7599338689067632, 0.9499113365081295, 1.1779811120004393, 1.4070647346768272, 1.5971813190891644, 1.7084137454613793, 1.7264486539218455, 1.6594008148732873, 1.4994206850306733, 1.2840715646295482, 1.063899537903193, 0.8708475864347742, 0.7171090189712499, 0.5924788320715108, 0.5013353176351466, 0.42438736107472746, 0.3652484569307993, 0.3177406272507283, 0.279735635920526, 0.24721023996230043, 0.21727222276117114, 0.19404459750446845, 0.18074093829892524, 0.15761690141831783, 0.14747724484482894, 0.13726090113129333, 0.12821131545936643, 0.12076392598697644, 0.10972749776635403, 0.10489589004583441, 0.09785495176750324, 0.09477183391259257, 0.09786396154028429, 0.08684], "primeira_derivada": [-0.0654614155166928, -0.52464878891168, -0.8111975990594958, -0.7697558848551711, -0.9238925699540419, -0.944661511582688, -1.1295416026012042, -1.4810795582796872, -1.8790102693206336, -2.138163010740101, -2.7167423348165114, -3.5889570896526313, -4.335171922040806, -5.445001448970188, -7.299930573394839, -9.205240285811088, -11.768471892237804, -14.96166509301131, -16.361251395160643, -15.002928996168315, -10.785103956089612, -4.6264019273448325, 1.7541439748753962, 8.12519755434581, 13.432813239045178, 15.587045846330888, 14.789043277018799, 12.411428821523593, 9.962654087095723, 7.72241393406758, 6.015894938936575, 4.870468749617381, 3.816823914278634, 3.0604535975518767, 2.5242411016666613, 2.2355288395403377, 1.9027670915766066, 1.3074331969733497, 1.3037258298845331, 1.190488035595683, 0.7285292845467788, 0.6895162877486587, 0.5904170431131371, 0.6615249700191363, 0.5679076787549444, 0.4249114423428716, 0.3623340178553432, -0.00032245447168187955, 0.2838756732170205, 0.7890822068022181], "segunda_derivada": [32.86809234685398, 26.68945964809171, 8.772238884221006, 4.033286763616211, 6.2597695670218405, 7.36005799344341, 19.19808657240245, 26.823043026943587, 23.51663051477026, 29.981938185893902, 51.92306727579388, 57.92264357656889, 66.4267365943507, 106.10696937853834, 134.57673761553804, 159.92646708987866, 206.01906009060667, 164.3728786733816, 1.4768108381164713, -199.56703905645222, -371.369804231579, -448.77231259048756, -456.37224978068053, -417.97270797384846, -267.0551641238513, -48.53867583582155, 113.65346661702198, 172.73363205023745, 167.81708651109787, 141.252189916683, 102.0694417124044, 78.70345930790826, 64.77937832593658, 46.26077905343322, 29.52357217945975, 22.24218950438553, 33.21599749147699, 21.439334625707982, 4.1853985826472355, 20.585946244530465, 17.929484372712746, 4.942955935353384, 1.00179280759832, 0.8055969188568903, 8.468259068927678, 7.357360482663877, 15.218871204713919, 2.8079780349834613, -28.252328796750643, -36.16208973113183], "sigma": 0.014455177540125153, "center": 5577.32597622131, "fwhm": 0.14587108560515966, "statistics": {"wv_mean": 5577.28888, "wv_std": 0.2016080847908582, "wv_min": 5576.9466, "wv_max": 5577.63116, "wv_kurt": -1.2009603841534244, "wv_skew": 0.0, "int_mean": 0.4966962918042606, "int_std": 0.5047420772145431, "int_max": 1.7264486539218455, "int_min": 0.08662, "int_kurt": 0.28471927102611083, "int_skew": 1.2807671263436247}}