{"x": [5521.2338, 5521.230898163265, 5521.227996326531, 5521.225094489796, 5521.222192653061, 5521.219290816327, 5521.216388979592, 5521.213487142857, 5521.210585306122, 5521.207683469388, 5521.204781632653, 5521.201879795918, 5521.198977959184, 5521.196076122449, 5521.193174285714, 5521.19027244898, 5521.187370612245, 5521.18446877551, 5521.181566938776, 5521.178665102041, 5521.175763265306, 5521.172861428571, 5521.169959591837, 5521.167057755102, 5521.164155918367, 5521.161254081633, 5521.158352244898, 5521.155450408163, 5521.152548571429, 5521.149646734694, 5521.146744897959, 5521.143843061224, 5521.14094122449, 5521.138039387755, 5521.13513755102, 5521.132235714286, 5521.129333877551, 5521.126432040816, 5521.123530204082, 5521.120628367347, 5521.117726530612, 5521.114824693878, 5521.111922857143, 5521.109021020408, 5521.106119183673, 5521.103217346939, 5521.100315510204, 5521.097413673469, 5521.094511836735, 5521.09161], "y": [0.03778, 0.03991701002386139, 0.044173013542699244, 0.050516350353362376, 0.058280583154245974, 0.06646195340625258, 0.07453321354851127, 0.08262107530948329, 0.09171688485529415, 0.10300604081267199, 0.11766620830678365, 0.1363720467345261, 0.1601160079138206, 0.19026545737333503, 0.2296895295007341, 0.2814839742743671, 0.3485118584094974, 0.42996456246894044, 0.5214803286922138, 0.6122645812953813, 0.6893062346367159, 0.7381875486495824, 0.7493443693308951, 0.7201354933287716, 0.6562226180215168, 0.5708510183606789, 0.4793347972263538, 0.3964579360043662, 0.3307383094535174, 0.2845305017334631, 0.25386534093129565, 0.23197973403504607, 0.21219859797324278, 0.1907140496680501, 0.16682467190077008, 0.14273843636892553, 0.12112987604575691, 0.1041702649084888, 0.09207840463239995, 0.0837556111051994, 0.07729888741718088, 0.07117974257360374, 0.06467249666826681, 0.057983152459664795, 0.051749947026721935, 0.04658187592596592, 0.04275024639653446, 0.04015766121455856, 0.038505602266287596, 0.03752], "primeira_derivada": [-0.7364335829486999, -1.1015460426620671, -1.8263157612302812, -2.43080002426873, -2.7475017569500104, -2.8004039994717727, -2.7842920500200905, -2.9608266894792323, -3.512424606934179, -4.471189426837567, -5.749118397984728, -7.31429840663004, -9.286085946515346, -11.987842173999265, -15.717375794484829, -20.473641314089164, -25.583897675145533, -29.80327394469923, -31.411143269798234, -28.917186126015523, -21.697114423596513, -10.344850552789847, 3.1104533046491807, 16.04531195490345, 25.722411118584294, 30.478596313087053, 30.048741242932362, 25.603867716904467, 19.285618818566643, 13.245570916515835, 9.05474230600995, 7.179374094784385, 7.110269829494837, 7.818139029975813, 8.266421871464274, 7.873426390879894, 6.645475776727455, 5.005703985319874, 3.517540039471723, 2.5465797295113086, 2.1668807865795143, 2.175586000197771, 2.2738340091529246, 2.226615557974708, 1.9644931084706019, 1.5506903822607325, 1.106922149341386, 0.7313719755093857, 0.45448132611861375, 0.3396477322146685], "segunda_derivada": [125.82115848014776, 187.79178120543975, 229.03665905788, 158.7246423309357, 63.68448831177985, 6.339139041243688, 27.641577500650296, 125.46063466303643, 260.2425421452905, 385.3927694228347, 489.88093395064055, 609.4360007351149, 805.2733828528558, 1108.1412283606985, 1462.1427593041703, 1700.0477255193885, 1607.5392040839881, 1004.0615871586973, -152.67706279720952, -1673.7724643773997, -3200.100017594333, -4274.45959195989, -4547.1480517597265, -3896.145765454117, -2486.922194233403, -745.4468531773455, 839.9384668076036, 1854.5361798563574, 2129.392162802089, 1762.8277272265445, 1045.2339975990383, 335.0416743628818, -110.06217675777444, -199.21038768984144, -9.526270076913661, 279.2965702481503, 494.121941976865, 538.9579124245886, 423.7185756463308, 232.72488707211158, 63.92394942514436, -18.428538949403226, -8.79263074350344, 53.30087956967796, 116.46505947006403, 147.76347492795261, 141.1723817676513, 112.41859603331625, 67.49591364605506, 39.572727342079936], "sigma": 0.0003068497476017562, "center": 5521.167565132776, "fwhm": 0.035107181436191286, "statistics": {"wv_mean": 5521.162705, "wv_std": 0.041876027778930465, "wv_min": 5521.09161, "wv_max": 5521.2338, "wv_kurt": -1.2009603841543197, "wv_skew": 3.257812113827024e-11, "int_mean": 0.22839568212479605, "int_std": 0.2177399067786467, "int_max": 0.7493443693308951, "int_min": 0.03752, "int_kurt": 0.08804896758369507, "int_skew": 1.1811161901951241}}