{"x": [5815.26132, 5815.255631836734, 5815.249943673469, 5815.244255510203, 5815.238567346938, 5815.2328791836735, 5815.227191020408, 5815.221502857143, 5815.215814693877, 5815.210126530612, 5815.2044383673465, 5815.198750204081, 5815.193062040816, 5815.187373877551, 5815.181685714286, 5815.17599755102, 5815.170309387755, 5815.16462122449, 5815.158933061224, 5815.153244897959, 5815.147556734693, 5815.141868571429, 5815.136180408163, 5815.130492244898, 5815.124804081633, 5815.119115918367, 5815.113427755102, 5815.107739591836, 5815.102051428571, 5815.0963632653065, 5815.090675102041, 5815.084986938776, 5815.07929877551, 5815.073610612245, 5815.0679224489795, 5815.062234285714, 5815.056546122449, 5815.050857959184, 5815.045169795919, 5815.039481632653, 5815.033793469388, 5815.028105306123, 5815.022417142857, 5815.016728979592, 5815.011040816326, 5815.005352653062, 5814.9996644897965, 5814.993976326531, 5814.988288163266, 5814.9826], "y": [0.01579, 0.01850315781994615, 0.01988912374214167, 0.021819513612758662, 0.025032910883573796, 0.027461693244676837, 0.028302185881034538, 0.030199438635004974, 0.035154104623587756, 0.041463111514722116, 0.046861824716696594, 0.052532142405906965, 0.061424583651700636, 0.07421515208345582, 0.08952383743590171, 0.10762677542353159, 0.131636228426379, 0.16461887665024538, 0.2061622143155326, 0.2507698203760823, 0.2880350752017558, 0.3058737296278077, 0.29739204544351705, 0.26664104551766954, 0.22596273070203704, 0.18648242676145482, 0.1519454895101528, 0.12195072692706549, 0.09774852363049842, 0.08142642027151582, 0.07101897318386506, 0.06125508874097371, 0.04999025477172852, 0.04077363226465759, 0.03690947456740941, 0.03634591552826659, 0.034720435729943544, 0.031081116170349674, 0.027568761764450753, 0.025205810227042325, 0.023297318784256442, 0.02189592235175213, 0.021531757585631167, 0.021060912511053062, 0.018935561781330375, 0.016290256212796367, 0.015629364064740935, 0.016558911410687875, 0.016476522465190088, 0.01532], "primeira_derivada": [-0.4769831127119465, -0.3603205068912989, -0.29151376622599195, -0.452148338701631, -0.4959579541858062, -0.2873752778516554, -0.24065284895911737, -0.6022962442223925, -0.990097537128019, -1.0291301028854434, -0.9729881487850256, -1.280093261701563, -1.9059763817927524, -2.4699760252443954, -2.9369430676584773, -3.701756527156071, -5.0097103904652025, -6.550971061469736, -7.572826209983802, -7.196774869682665, -4.843734847703688, -0.8224948727666944, 3.448625002446343, 6.278767979105005, 7.04608983744786, 6.50625146803229, 5.6724549580774015, 4.764012858885921, 3.562160997141421, 2.349576585762067, 1.7730970956148748, 1.848462977498852, 1.8003576480378531, 1.1498246089276105, 0.3892044347004625, 0.19242053500642523, 0.46278553486314933, 0.6286452790096377, 0.5164501851627195, 0.37546768446096396, 0.290945224394426, 0.15519607263768265, 0.07339889888337801, 0.22821038032532612, 0.4193494521908081, 0.29062085268916216, -0.02361528540552775, -0.07446677960191991, 0.10890258883944688, 0.20332089836875422], "segunda_derivada": [-20.5097147140979, -16.30309625727503, 8.071835100869777, 17.971019678994185, -14.483854732626565, -22.441787738398055, 27.68213144356449, 65.87756479557312, 37.51948025640357, -1.503946664739252, 22.060122671100498, 82.01137955043046, 104.59288069972864, 90.62386554712602, 108.27576885877137, 182.20005528089456, 250.4511914806387, 225.30258889611486, 56.76734106251619, -239.89214399652792, -560.3109211188261, -728.9136636819102, -624.2140494685092, -316.2237674225766, -19.99621655648168, 120.74502921927788, 153.14597417964825, 185.4987157076703, 212.233383665491, 157.26200340897805, 44.048806695743096, -2.3962526347283157, 61.411595973381466, 124.04295969493096, 84.15757681782944, -6.467913870388945, -38.344956331620374, -4.7172213419272255, 22.254775639838453, 19.822300296814443, 19.362279311056007, 19.12272163794834, -6.418091770653286, -30.40968913564219, -5.485995167228452, 38.93741414965238, 32.091873532497125, -11.648564577159915, -24.418047180555423, -16.599085701982098], "sigma": 3.19886650501644e-09, "center": 5815.140335193626, "fwhm": 0.05397464413516881, "statistics": {"wv_mean": 5815.121959999999, "wv_std": 0.08208514285490881, "wv_min": 5814.9826, "wv_max": 5815.26132, "wv_kurt": -1.2009603841543834, "wv_skew": 4.985951698245523e-11, "int_mean": 0.0814862179830496, "int_std": 0.08461556593405668, "int_max": 0.3058737296278077, "int_min": 0.01532, "int_kurt": 0.7879542906329213, "int_skew": 1.4340272831290846}}