{"x": [5767.75582, 5767.739869795919, 5767.723919591837, 5767.707969387756, 5767.692019183673, 5767.676068979592, 5767.66011877551, 5767.644168571429, 5767.6282183673475, 5767.612268163266, 5767.596317959184, 5767.580367755102, 5767.564417551021, 5767.548467346939, 5767.532517142858, 5767.516566938776, 5767.500616734694, 5767.484666530612, 5767.468716326531, 5767.452766122449, 5767.436815918368, 5767.420865714286, 5767.404915510204, 5767.388965306122, 5767.373015102041, 5767.357064897959, 5767.341114693878, 5767.325164489796, 5767.309214285714, 5767.2932640816325, 5767.277313877551, 5767.2613636734695, 5767.245413469388, 5767.229463265307, 5767.213513061224, 5767.197562857143, 5767.181612653061, 5767.16566244898, 5767.149712244898, 5767.133762040817, 5767.117811836734, 5767.101861632653, 5767.085911428571, 5767.06996122449, 5767.054011020408, 5767.038060816327, 5767.022110612244, 5767.006160408163, 5766.990210204081, 5766.97426], "y": [0.08735, 0.09857001411274627, 0.10355661318403406, 0.11585081651144438, 0.13067641300563299, 0.14111108222887764, 0.1593050356407045, 0.17793858777805918, 0.2006252084132052, 0.22371641027055264, 0.25922319474696015, 0.2957291219408942, 0.3443211309290176, 0.40237731645033387, 0.47665218241913826, 0.564407153970008, 0.6739456840181635, 0.8166902116590299, 0.9880087064811097, 1.1909283936911126, 1.4015243920674196, 1.593684006357093, 1.7126862894040764, 1.7450201507035432, 1.7020451559719632, 1.5677616903833411, 1.3796039673273466, 1.1759889647651027, 0.9799925448579608, 0.8182555516448969, 0.685193299837024, 0.576236488118533, 0.48706383918948193, 0.4165835457717021, 0.36111668514896944, 0.3160450435018756, 0.27617434504335986, 0.2473817921252962, 0.22036142881297432, 0.19600614295649738, 0.18001853348437302, 0.1583321390947282, 0.14851557098891002, 0.1364369130547908, 0.12343448765574726, 0.11346883761249563, 0.10452701947482608, 0.09842979095019856, 0.09137946422903478, 0.0873], "primeira_derivada": [-0.7034401601021499, -0.5080378000567468, -0.5417110122982923, -0.8501395870005052, -0.7918477277047844, -0.8974375026427452, -1.1544524872856066, -1.2952866484150067, -1.4350230962127317, -1.8369039678959773, -2.2574228925337683, -2.6676127699458423, -3.3431608136347983, -4.148255746886572, -5.079240262125969, -6.1846701329150875, -7.908458612594755, -9.845109844938749, -11.731454347544947, -12.9627082974491, -12.625406252116164, -9.754166646960257, -4.744019059848456, 0.3335735824365164, 5.556620448696726, 10.107744922799363, 12.281119527268345, 12.526843556870269, 11.214070092216572, 9.241237400937761, 7.586707426747057, 6.210875410599022, 5.004730395020215, 3.948136130216374, 3.151636861613103, 2.662735212403226, 2.152425480757836, 1.7495988121917139, 1.6105013110275843, 1.2646513838109752, 1.1809881449859303, 0.9875410475787899, 0.6863619402006464, 0.7862307969547185, 0.7199931525938066, 0.5927030175846568, 0.47143743694538665, 0.4121437938542652, 0.34889180393351715, 0.2557625098834058], "segunda_derivada": [-12.250774914670084, -5.069814372830753, 10.724056732939646, 7.841176016350131, 1.482674309345548, 11.366774924265343, 12.47160048045797, 8.795204358942941, 16.97838211704962, 25.780228017643417, 26.04069508396244, 34.03523602437538, 46.414546465235105, 54.42185691234248, 63.83662477370962, 88.68909563580902, 114.74585821026807, 119.84159310495575, 97.72910856131332, 28.023212117033623, -100.57995603366705, -247.06226803670066, -316.2260550890059, -322.8999282992886, -306.3964351310335, -210.79664699634546, -75.83284269315483, 33.44939756161348, 102.99574033825212, 113.70897346945875, 94.99445821684405, 80.93868324615879, 70.93135827046656, 58.08996310914317, 40.29418404959718, 31.322840000986304, 28.62459926989634, 16.988001124045176, 15.201919232603155, 13.464190296092049, 8.6867332483176, 15.505325269137083, 6.310585419332398, -1.0542564916829427, 6.066623924725554, 7.79161552953913, 5.660091331833322, 3.8415067414112705, 4.902171883566184, 5.83875250588038], "sigma": 0.016905227353984253, "center": 5767.388902359685, "fwhm": 0.17955219717623644, "statistics": {"wv_mean": 5767.36504, "wv_std": 0.23017531662571253, "wv_min": 5766.97426, "wv_max": 5767.75582, "wv_kurt": -1.2009603841534982, "wv_skew": 5.92697801165611e-12, "int_mean": 0.5310310271596917, "int_std": 0.5139270527451258, "int_max": 1.7450201507035432, "int_min": 0.0873, "int_kurt": 0.02631354744875658, "int_skew": 1.1749208837404952}}