{"x": [5598.20119, 5598.184298163265, 5598.16740632653, 5598.150514489796, 5598.133622653061, 5598.116730816327, 5598.099838979591, 5598.082947142857, 5598.0660553061225, 5598.049163469387, 5598.032271632653, 5598.015379795918, 5597.998487959184, 5597.9815961224485, 5597.964704285714, 5597.94781244898, 5597.930920612244, 5597.91402877551, 5597.8971369387755, 5597.880245102041, 5597.863353265306, 5597.846461428571, 5597.829569591837, 5597.8126777551015, 5597.795785918367, 5597.778894081633, 5597.762002244898, 5597.745110408163, 5597.728218571428, 5597.711326734694, 5597.694434897959, 5597.677543061224, 5597.66065122449, 5597.643759387755, 5597.62686755102, 5597.609975714286, 5597.593083877551, 5597.576192040816, 5597.559300204081, 5597.542408367347, 5597.525516530613, 5597.508624693877, 5597.491732857143, 5597.474841020408, 5597.457949183673, 5597.441057346939, 5597.424165510204, 5597.40727367347, 5597.390381836734, 5597.37349], "y": [0.04977, 0.05559510315906315, 0.0593065188194069, 0.0615647277366268, 0.07029577404664386, 0.07639121784799749, 0.08240107413956466, 0.09282780677471993, 0.1060458797696388, 0.11860805063314622, 0.13091354806723196, 0.15309047685927993, 0.175093111352306, 0.19764561241741185, 0.23727855632262146, 0.28241578818325497, 0.33631915476441615, 0.4013906167773364, 0.48827625143553, 0.591309967111469, 0.7103730727670833, 0.8360013078785195, 0.9419200542762791, 0.989703745033028, 0.9659032759733401, 0.8758478882718512, 0.7533690381104663, 0.6349374589111413, 0.5263583790528817, 0.44011401601260797, 0.36823748132174766, 0.3078849304855194, 0.26332788404349416, 0.2261501414387895, 0.19444229868404284, 0.17235050609132746, 0.15094025544887082, 0.1334177120894624, 0.12176251596492148, 0.10974956020975486, 0.1000439961386251, 0.08846129495190291, 0.08294078349534591, 0.07639334181788682, 0.07230230845241677, 0.06373407081805829, 0.06087598184342305, 0.05863288595622271, 0.05514646595040237, 0.04969], "primeira_derivada": [-0.34484723305369874, -0.28228187878799493, -0.17670146447825702, -0.32528301687991434, -0.4388655403337536, -0.35831805276452977, -0.4865246208772984, -0.6998885320114203, -0.7630977099484021, -0.7360853851445374, -1.0206831491524142, -1.307719343362568, -1.3188363189100782, -1.8406951815337407, -2.509205396031837, -2.93161128645221, -3.521666425663875, -4.497944748701655, -5.621631126324545, -6.574087377747302, -7.242887336867047, -6.85381303257676, -4.549606995581517, -0.709905680284332, 3.370144364736429, 6.2910339829909745, 7.13097199380278, 6.71953744937519, 5.766792740230178, 4.680393855707285, 3.9139937119451336, 3.105334219351579, 2.419357655764308, 2.039019984641111, 1.5924744061832732, 1.2876646844005541, 1.1524144654281663, 0.8636639088421706, 0.7005795832570733, 0.6428702860366814, 0.6301347092080065, 0.506256747318588, 0.35721257918087, 0.3148998895116741, 0.3747156451519717, 0.3382203720245411, 0.15099556495943123, 0.16959422420855053, 0.2647102886613211, 0.323023839040578], "segunda_derivada": [-3.703881066892963, -4.97713100163305, 1.2728378437116061, 7.760081984486954, 0.9778402551476408, 1.4107133904840246, 10.110519199533721, 8.18659016835536, 1.0714303512762184, 7.624553896854946, 16.92042041387, 8.825362642475183, 15.776136323602602, 35.235039735596054, 32.29122214681575, 29.968944334546407, 46.363621873476944, 62.15915810920494, 61.4540224869056, 47.98934053140211, 8.279906419287308, -79.72135841793491, -181.86025145518914, -234.42540573346938, -207.22849070064083, -111.32086131879039, -12.683744021136174, 40.37983775782325, 60.35884746362564, 54.84303031589899, 46.621917470433544, 44.24137172526447, 31.56300441079372, 24.4758241083798, 22.240189507895618, 13.02581677983362, 12.550463937492777, 13.374356183480044, 6.535512575593647, 2.085175080619857, 4.043773950169612, 8.078521427557245, 5.66418148645949, -0.5180924444691744, -0.6902885363764312, 6.622135997103705, 4.991350273717783, -3.3659668124498685, -4.541531428466969, -3.452173454908973], "sigma": 4.972394584257245e-05, "center": 5597.808666012331, "fwhm": 0.17728157148111567, "statistics": {"wv_mean": 5597.787340000001, "wv_std": 0.24376389473735757, "wv_min": 5597.37349, "wv_max": 5598.20119, "wv_kurt": -1.2009603841536578, "wv_skew": -1.119313158622507e-11, "int_mean": 0.28395103775414154, "int_std": 0.27898890987471203, "int_max": 0.989703745033028, "int_min": 0.04969, "int_kurt": 0.37896667957730257, "int_skew": 1.2861754455771686}}