{"x": [5790.55375, 5790.547197142857, 5790.540644285715, 5790.534091428572, 5790.5275385714285, 5790.520985714285, 5790.514432857143, 5790.50788, 5790.501327142857, 5790.494774285714, 5790.488221428572, 5790.481668571429, 5790.4751157142855, 5790.468562857142, 5790.46201, 5790.455457142857, 5790.448904285714, 5790.442351428572, 5790.435798571429, 5790.429245714286, 5790.4226928571425, 5790.41614, 5790.409587142857, 5790.403034285714, 5790.396481428571, 5790.389928571429, 5790.383375714286, 5790.3768228571425, 5790.370269999999, 5790.363717142857, 5790.357164285714, 5790.350611428571, 5790.344058571428, 5790.337505714286, 5790.330952857143, 5790.3243999999995, 5790.317847142857, 5790.311294285714, 5790.304741428571, 5790.298188571428, 5790.291635714286, 5790.285082857143, 5790.27853, 5790.2719771428565, 5790.265424285714, 5790.258871428571, 5790.252318571428, 5790.245765714285, 5790.239212857143, 5790.23266], "y": [0.07399, 0.077345592437144, 0.07833378078522062, 0.08620841070730038, 0.09973414526360297, 0.1077915562706198, 0.11240938855263963, 0.12668324968772096, 0.1497653721162289, 0.1703552666850912, 0.18996371177369686, 0.21808712458177737, 0.2547504168525623, 0.29794045603834146, 0.3540919910145836, 0.4291369590267747, 0.5248084820317646, 0.6483398851373466, 0.8094573255941471, 1.0028967446109136, 1.2020518900769637, 1.3666766378874415, 1.4569543057529906, 1.450375513723617, 1.3503644232924608, 1.1829748290472144, 0.9881632440751602, 0.8068411724613918, 0.6604141991272371, 0.5447646774151703, 0.44895312312024105, 0.37178872905668975, 0.3143792600378382, 0.2725762804859502, 0.24103690143289686, 0.21503265478415334, 0.19020731259850765, 0.16760534429389473, 0.15228530480253638, 0.14327279540702959, 0.133992448532512, 0.12279249541017198, 0.11305201574960062, 0.10524324610754895, 0.09763849730271196, 0.0909603658638789, 0.08632328895624465, 0.08239252172261338, 0.07791378192479809, 0.07378], "primeira_derivada": [-0.5120808166364992, -0.3314417429420096, -0.6762560267390942, -1.6329033283517422, -1.6468499993187236, -0.9671539462180643, -1.4414852182675428, -2.850358457981215, -3.3322881945714506, -3.0672376020396728, -3.6420645878276035, -4.943393672714621, -6.093016352460495, -7.580019829474655, -10.010633539872426, -13.026111151895517, -16.7257519383282, -21.71944522563006, -27.053608199484817, -29.95598377234985, -27.75734960775811, -19.44971560702276, -6.386441365064127, 8.133084556304555, 20.403365955893253, 27.63688962939601, 28.699973795517685, 25.008102404058807, 19.997116474615304, 16.13502869081638, 13.198513608713665, 10.268334876183275, 7.570167211870549, 5.596212232948825, 4.39072792562987, 3.878429494788611, 3.6188268306327065, 2.893547575340312, 1.8566366056419128, 1.3957923903880012, 1.5627000216100826, 1.5978093467932655, 1.3390532495497827, 1.1760914446436854, 1.0898208165340384, 0.8633797517142344, 0.6537487354107426, 0.6416672032044483, 0.6571577508195823, 0.6308365701436226], "segunda_derivada": [-27.56645990436926, 12.526994449032971, 99.304895336325, 74.05883810550957, -50.798405000641026, -15.669865570126948, 143.69338982729855, 144.27317237437137, 16.54844133803753, 23.636742455430802, 143.15557548656423, 187.01397810964514, 201.1814159212938, 298.92435483698944, 415.55089664425765, 512.3809547351834, 663.32394286085, 788.0422261867068, 628.4692590456668, 53.6972951572488, -801.6555173272405, -1630.6557412640022, -2104.6392101151127, -2044.1317989926056, -1488.19092561512, -633.052701975107, 200.5832851173071, 664.0505912797437, 677.0385436521594, 518.7510362198299, 447.64395793408033, 429.45743161549973, 356.49507852266225, 242.5994659296299, 131.0712793401456, 58.898056084041464, 75.14904552381482, 134.45968579100952, 114.28260621613379, 22.42812391854675, -15.414417864413503, 17.064828911735994, 32.17816999057095, 19.017081220460454, 23.860713435523817, 33.273431085101095, 16.917242636904053, -0.26011671967110866, 0.8264054003505819, 4.016748740456121], "sigma": 0.00042181602475799274, "center": 5790.405288788198, "fwhm": 0.06490066018366283, "statistics": {"wv_mean": 5790.393205, "wv_std": 0.09456342752366946, "wv_min": 5790.23266, "wv_max": 5790.55375, "wv_kurt": -1.2009603841536554, "wv_skew": -1.4426709719133853e-11, "int_mean": 0.40645794239233884, "int_std": 0.41756412750692345, "int_max": 1.4569543057529906, "int_min": 0.07378, "int_kurt": 0.4944815002838574, "int_skew": 1.3473021579748825}}