{"x": [5625.05012, 5625.048659387755, 5625.04719877551, 5625.045738163265, 5625.04427755102, 5625.042816938775, 5625.04135632653, 5625.039895714285, 5625.03843510204, 5625.036974489796, 5625.035513877551, 5625.034053265306, 5625.032592653061, 5625.031132040816, 5625.029671428571, 5625.0282108163265, 5625.0267502040815, 5625.025289591837, 5625.023828979592, 5625.022368367347, 5625.020907755102, 5625.019447142857, 5625.017986530612, 5625.016525918367, 5625.015065306122, 5625.013604693878, 5625.012144081633, 5625.010683469388, 5625.009222857143, 5625.007762244898, 5625.006301632653, 5625.004841020408, 5625.003380408163, 5625.001919795918, 5625.000459183673, 5624.998998571428, 5624.997537959183, 5624.996077346938, 5624.994616734693, 5624.993156122448, 5624.9916955102035, 5624.990234897959, 5624.9887742857145, 5624.9873136734695, 5624.985853061225, 5624.98439244898, 5624.982931836735, 5624.98147122449, 5624.980010612245, 5624.97855], "y": [0.05306, 0.06403006805264157, 0.07632203067601649, 0.09002897796741591, 0.10516251172218657, 0.1216087023171257, 0.13921084689959068, 0.15798941788964638, 0.1778758785419123, 0.1986128161855798, 0.2199244466615694, 0.24178967580996863, 0.26399129395450216, 0.2861280818677935, 0.3078633645782465, 0.3290735575731624, 0.3494129992598707, 0.3684272029256377, 0.38577245722445275, 0.40127331019783463, 0.41458041818606184, 0.4253455542753575, 0.43336286097634275, 0.4385352309905116, 0.44068197732051134, 0.4397742583953937, 0.435849478378241, 0.42896504084473014, 0.41927708701535504, 0.40706823131854525, 0.39254081438965877, 0.37591322047088044, 0.3575723887667237, 0.33794523509384233, 0.3172423804370011, 0.2957165672915908, 0.2737951062884534, 0.2518718547938399, 0.23004525934712872, 0.20851654179171192, 0.1876369154831342, 0.16766492431034904, 0.14857894906340996, 0.13051635583530177, 0.11370616328041566, 0.0982512939812636, 0.08406069451655705, 0.07122282635882055, 0.05981502217483832, 0.04984], "primeira_derivada": [-7.510595704323801, -7.963109564624251, -8.900004092316719, -9.872736979231323, -10.810440778785651, -11.655501073268672, -12.453926666088645, -13.235898773227653, -13.90629116279709, -14.394158435267931, -14.780397663214123, -15.085060201686597, -15.178020796064082, -15.018383823386605, -14.701189810541688, -14.223362437614329, -13.47162653483315, -12.446649714929281, -11.243951769420333, -9.861604632274313, -8.240463600339366, -6.429647175407571, -4.5151191771505195, -2.505496023824662, -0.4241465897425881, 1.6542716797242312, 3.700235154127704, 5.673097504189706, 7.495764054360613, 9.152419719211819, 10.665051917535184, 11.970468460646464, 12.99728436078138, 13.805857259181709, 14.455810550716471, 14.872966558584164, 15.009018529453218, 14.976543943280909, 14.841486216440869, 14.517317655823799, 13.98441565692234, 13.370409075643687, 12.716779762514065, 11.93772882003647, 11.045047022398755, 10.148302147354826, 9.25244455391933, 8.299831945632555, 7.3198162047038435, 6.829343112309607], "segunda_derivada": [309.8110822112128, 475.62533889196214, 653.7078616186535, 653.9848933444434, 610.2797303648193, 562.6017079411992, 541.00522072773, 497.1766126584879, 396.4979981516576, 299.2260621216833, 236.5110140645043, 136.11522641391298, -22.82480464281161, -163.22983295853908, -272.1534714358036, -420.90680807158435, -608.2082115982189, -762.5825310952023, -884.9183250324793, -1028.1606838006335, -1174.8352338962281, -1275.2681062535148, -1343.3240632950742, -1400.4307445519346, -1423.980840641327, -1411.8674409995524, -1375.733305792382, -1299.2938109833235, -1191.0492422064322, -1084.9176001780925, -964.6806505861923, -798.3749456099122, -628.2943350895382, -499.2858970520453, -365.29520517450936, -189.37537345984705, -35.45683840954592, 57.35003030099698, 157.2033539508176, 293.39428122655136, 392.6122708126916, 433.93991087690074, 490.43825989949255, 572.2712327962324, 612.56047895751, 613.647624368193, 632.7723898341189, 661.5815922024757, 503.3809754786355, 335.799658046381], "sigma": 0.015277190370014182, "center": 5625.014672955795, "fwhm": 0.04086860021760885}