{"x": [5775.40661, 5775.404150204082, 5775.401690408164, 5775.3992306122445, 5775.396770816326, 5775.394311020408, 5775.39185122449, 5775.389391428572, 5775.386931632653, 5775.3844718367345, 5775.382012040816, 5775.379552244898, 5775.37709244898, 5775.374632653061, 5775.372172857143, 5775.3697130612245, 5775.367253265306, 5775.364793469388, 5775.362333673469, 5775.359873877551, 5775.357414081633, 5775.3549542857145, 5775.352494489796, 5775.350034693877, 5775.347574897959, 5775.345115102041, 5775.342655306123, 5775.340195510204, 5775.337735714285, 5775.335275918367, 5775.332816122449, 5775.330356326531, 5775.327896530612, 5775.3254367346935, 5775.322976938775, 5775.320517142857, 5775.318057346939, 5775.31559755102, 5775.313137755102, 5775.3106779591835, 5775.308218163265, 5775.305758367347, 5775.303298571428, 5775.30083877551, 5775.298378979592, 5775.2959191836735, 5775.293459387755, 5775.290999591836, 5775.288539795918, 5775.28608], "y": [0.04719, 0.05293114431148801, 0.05827453191738109, 0.06287014563798475, 0.06716875490047759, 0.07224010222189738, 0.0794018865838125, 0.08979152508089192, 0.1037259934381052, 0.12101973502493071, 0.1409506215369676, 0.16318511542717049, 0.18880004536849715, 0.22005212970025068, 0.2611008793868256, 0.31578959277185953, 0.3875621045086431, 0.47604752724743676, 0.5771176913456952, 0.6826402727365006, 0.7800643313759628, 0.8573570440803318, 0.9026991489728531, 0.9095696740841106, 0.8768319967111394, 0.8096519713836092, 0.7181501794261509, 0.6156866777402938, 0.5138590825178471, 0.4231991122812636, 0.348357141207405, 0.290776894277165, 0.24805299431929698, 0.21552925239682175, 0.18914243077058354, 0.16558109364916815, 0.14382325333159066, 0.12403297469788228, 0.10741780363145957, 0.0949570790340397, 0.08677300804600316, 0.08209977621365346, 0.07936711785843277, 0.07689372295279857, 0.07341105153158482, 0.06848400820918091, 0.062431355931120376, 0.05608793948230908, 0.05044013617789098, 0.04605], "primeira_derivada": [-2.3339921287961745, -2.2531405624823995, -2.0202898238798275, -1.8079188837779891, -1.9046207278097305, -2.4866151685386377, -3.5676583429627384, -4.944334338872089, -6.34772374964177, -7.566609047455859, -8.570910312217615, -9.726299543346302, -11.559295192369998, -14.696510688236225, -19.460448398146514, -25.70563358263179, -32.575453372133175, -38.53075480788256, -41.993879232740404, -41.2527394101949, -35.51448517582127, -24.927843950443307, -10.613203641840922, 5.257987474835185, 20.310161091380333, 32.255077771267906, 39.427111040700105, 41.52602566746717, 39.126734871786674, 33.6413968506342, 26.91731802324186, 20.388713170885456, 15.295505068153075, 11.974685199126023, 10.152907072167823, 9.211979153221424, 8.445440257146842, 7.40009555757532, 5.910225203825133, 4.196444801138661, 2.613489746310921, 1.5053871200149727, 1.0582286972275472, 1.2106830251274459, 1.709433429303354, 2.2318306001108037, 2.51973520098537, 2.4374419971926002, 2.040400873930434, 1.7847562659307457], "segunda_derivada": [-32.86921720458951, -63.76592110695465, -90.49971896665981, -23.511929423412553, 137.95784433643652, 338.04381958246404, 499.5778617575796, 565.100825156412, 533.0268842047295, 451.9046775670207, 438.9979022089533, 607.4456945919719, 1010.2893307585988, 1606.0586868009013, 2237.812253652378, 2665.8725784994135, 2606.9482290050405, 1914.4730238061338, 553.2948041921163, -1317.0592749216562, -3318.343472941302, -5061.655999567107, -6135.840619244336, -6285.758200283073, -5487.6687323630595, -3885.8813058418264, -1884.495340842593, 61.05713214606354, 1602.6997928047188, 2481.7946802585366, 2693.858376984617, 2362.3530852748722, 1710.3101741085557, 1045.3302158051522, 561.5722071657602, 347.0748939776035, 368.29957760241757, 515.3303642206212, 651.2025515517032, 670.123775948695, 547.0083231761919, 316.1361959539361, 59.90417592255673, -132.36966678040366, -207.56753993984998, -164.70914633438676, -41.794401625709874, 97.43375932586864, 132.67070784952227, 103.92919433265533], "sigma": 0.004590492694187098, "center": 5775.350028667803, "fwhm": 0.029121643684418365, "statistics": {"wv_mean": 5775.346344999999, "wv_std": 0.03549699436120152, "wv_min": 5775.28608, "wv_max": 5775.40661, "wv_kurt": -1.2009603841548975, "wv_skew": 7.686520407835887e-11, "int_mean": 0.2836927610287752, "int_std": 0.27357618586974297, "int_max": 0.9095696740841106, "int_min": 0.04605, "int_kurt": -0.13956985123662546, "int_skew": 1.1294253063242972}}