{"x": [5551.75705, 5551.755704693877, 5551.754359387755, 5551.7530140816325, 5551.751668775511, 5551.750323469388, 5551.748978163266, 5551.747632857143, 5551.746287551021, 5551.744942244898, 5551.743596938775, 5551.742251632653, 5551.74090632653, 5551.7395610204085, 5551.738215714286, 5551.736870408164, 5551.735525102041, 5551.734179795919, 5551.732834489796, 5551.731489183674, 5551.730143877551, 5551.728798571428, 5551.727453265306, 5551.7261079591835, 5551.724762653062, 5551.723417346939, 5551.722072040817, 5551.720726734694, 5551.719381428572, 5551.718036122449, 5551.716690816326, 5551.715345510204, 5551.7140002040815, 5551.7126548979595, 5551.711309591837, 5551.709964285715, 5551.708618979592, 5551.70727367347, 5551.705928367347, 5551.704583061225, 5551.703237755102, 5551.701892448979, 5551.700547142857, 5551.699201836735, 5551.697856530613, 5551.69651122449, 5551.695165918368, 5551.693820612245, 5551.692475306123, 5551.69113], "y": [0.04936, 0.05982920657581438, 0.0715269437391391, 0.08440753415256817, 0.09838884226014485, 0.11333124431009224, 0.1292603540193306, 0.14613332573168294, 0.16374205324197458, 0.18197904792021807, 0.2006363274596737, 0.21949846636655618, 0.23852588062743887, 0.2574881660575926, 0.27605819154371103, 0.29395557959556845, 0.31106725848369765, 0.32716515073033225, 0.3419148184297154, 0.3550347476200786, 0.3663856097489024, 0.3758088921692374, 0.3830661089293247, 0.3880161464380345, 0.39059103907365694, 0.39075087653806884, 0.3884551700734135, 0.38378895098211363, 0.37684856492664626, 0.36769742596569305, 0.35650573393665286, 0.3435332871893755, 0.3290213574670154, 0.31308558456519237, 0.2959775623441451, 0.2780325033035579, 0.2595510354400076, 0.24063646403828684, 0.221490922807778, 0.202423966651482, 0.18370211414116094, 0.16539437374893273, 0.14759289284585206, 0.13052676277114286, 0.11439711494320427, 0.09923344524153274, 0.08502240702128215, 0.07191862180231055, 0.05999794742567398, 0.04929], "primeira_derivada": [-7.782025516674026, -8.238624417894341, -9.134845656116319, -9.98356361934596, -10.749861936949674, -11.473786986135853, -12.191307567606563, -12.815558722449122, -13.322515073563848, -13.712222664732801, -13.94456541211943, -14.082130652945816, -14.119351372306104, -13.949357061291078, -13.553574510181285, -13.011561590703659, -12.342756262586606, -11.464884992467221, -10.358087436624384, -9.094878448736509, -7.7209730172915725, -6.199518051189445, -4.536980121295808, -2.796735263083795, -1.0163969577237038, 0.7938226715376906, 2.5874875019231114, 4.313741294077401, 5.9806183694761765, 7.560669889313044, 8.98090716080326, 10.214915405480697, 11.316272972059375, 12.281143515445674, 13.02792006886521, 13.53837847666983, 13.898709982261314, 14.14552123060848, 14.202156947951035, 14.044687687560284, 13.762515561847817, 13.420447842316566, 12.958987696984913, 12.337629833781175, 11.630556424481622, 10.917480948298772, 10.151898881734985, 9.300656251721724, 8.410212897082594, 7.9594876167888415], "segunda_derivada": [339.40148897151863, 502.79267926997284, 648.5286777462933, 600.2411844930018, 553.8603229309564, 535.7314616551716, 498.68640080106536, 420.42754697977995, 333.25647127891426, 231.19285937476576, 137.48097256569633, 64.9614081420037, -49.346981123376935, -210.2781116889415, -348.54352290931945, -450.01588390610374, -574.8418789153002, -737.6272184124323, -880.8428447117776, -980.1168579471631, -1076.0972348053035, -1183.3711461556488, -1264.6871709869083, -1308.4691673313778, -1334.4761741694974, -1339.429145394191, -1308.222182269269, -1261.0999128930603, -1206.7619931130225, -1115.0951966807584, -986.483846303778, -867.968179274022, -767.9397557021202, -636.1552468626502, -467.2672413691095, -323.640061877103, -225.65226747586084, -112.77989471562465, 37.47605893152024, 163.39827002274694, 232.00661716971499, 298.6412726004024, 402.44297952108457, 493.7282490511303, 527.8162575169307, 549.5617384487125, 600.913305028833, 647.3195786628006, 498.4622505610778, 335.0354782719714], "sigma": 0.013615939954775946, "center": 5551.723992000243, "fwhm": 0.0387061839698138}