{"x": [5775.3689, 5775.367593265307, 5775.366286530612, 5775.364979795919, 5775.363673061225, 5775.362366326531, 5775.361059591837, 5775.359752857144, 5775.358446122449, 5775.3571393877555, 5775.355832653062, 5775.3545259183675, 5775.353219183674, 5775.351912448979, 5775.350605714286, 5775.349298979592, 5775.347992244898, 5775.346685510204, 5775.345378775511, 5775.344072040816, 5775.342765306123, 5775.341458571429, 5775.340151836735, 5775.338845102041, 5775.337538367347, 5775.336231632653, 5775.334924897959, 5775.333618163266, 5775.332311428571, 5775.331004693878, 5775.329697959184, 5775.32839122449, 5775.327084489796, 5775.3257777551025, 5775.324471020408, 5775.3231642857145, 5775.321857551021, 5775.320550816326, 5775.319244081633, 5775.317937346938, 5775.316630612245, 5775.315323877551, 5775.314017142857, 5775.312710408163, 5775.31140367347, 5775.310096938775, 5775.308790204082, 5775.307483469388, 5775.3061767346935, 5775.30487], "y": [0.0137, 0.01738462646917817, 0.02141314054314974, 0.0257787297537682, 0.030467831987351802, 0.03544585890442152, 0.040654471594591284, 0.046043108680400215, 0.0515973275355556, 0.05726770209123741, 0.06297860048378404, 0.06865283783884571, 0.07426387243531497, 0.07976580884106248, 0.08507224299516629, 0.09009499038759297, 0.09479556189200579, 0.09915202037211712, 0.10308459492786919, 0.10652493486086063, 0.10943351263800957, 0.11179721359111873, 0.11357582605084354, 0.1147327105090306, 0.11525617112770642, 0.11514667464103302, 0.1143995678463393, 0.11301575547715437, 0.11104010664405017, 0.10848846752829443, 0.10536917371952809, 0.10174038396973975, 0.0976646030052539, 0.09319015245852122, 0.08834792070976473, 0.08319349467481393, 0.07780722889995553, 0.07227332453636326, 0.06661617458217131, 0.060885248458879215, 0.055167255496550736, 0.04953945189242913, 0.04403178467699045, 0.03866604746852709, 0.033512848254014536, 0.028633236302589387, 0.024059623079250206, 0.019796452558074037, 0.015873340728524005, 0.01233], "primeira_derivada": [-2.819720397189409, -2.9513031904683396, -3.211862102906114, -3.4646250263147644, -3.6989639881943415, -3.897745905809743, -4.0548589656773055, -4.187099336610186, -4.294901429552572, -4.354852214539087, -4.356330248082088, -4.3181190501495985, -4.252190996772787, -4.135640772860476, -3.952287177093518, -3.720464047251111, -3.4655198281370945, -3.171658744748421, -2.8211214267325113, -2.429306323297797, -2.017348569757801, -1.5849863907995636, -1.123218405132992, -0.6429557143961817, -0.15839639595356164, 0.32776480385926693, 0.815360292476353, 1.2854411907969319, 1.7322904065978475, 2.1698868762041004, 2.582040405525478, 2.9480240899306676, 3.271601937747021, 3.564871407364328, 3.825052564001064, 4.033218013444331, 4.178418996745732, 4.282068261042428, 4.357455315737055, 4.380735867028256, 4.341277775154841, 4.26080017254748, 4.160524884512228, 4.024893681450884, 3.838886046189795, 3.6171172380977534, 3.381246318778056, 3.132342926284451, 2.8569121919728264, 2.7115991837944953], "segunda_derivada": [100.69587493641184, 150.04641244677748, 196.41394622532914, 186.38132425984816, 165.7264024116936, 136.1772129836243, 110.71621202986198, 91.84820184718895, 64.18781053866772, 23.504701769886324, -14.055326057163358, -39.84712879568731, -69.82223634351577, -114.75314042334617, -158.86037450902717, -186.25331950767998, -209.9910965139387, -246.56818425912607, -284.04863850496423, -307.55013265097483, -323.0647876160244, -342.1238330597797, -360.4521563214014, -369.17287569007004, -371.42984061463477, -372.59157994410475, -366.4387238086976, -350.84784934285483, -338.4182303609632, -325.14251098868425, -297.74108596179616, -263.849094760384, -236.026226466751, -211.76855133035627, -179.20493280736736, -135.20970801613427, -95.21835179541388, -68.50522902996728, -37.753495960924404, 6.190063161318127, 45.89137147380247, 69.16204623208851, 90.26564159315345, 123.0696789121686, 156.02878121218254, 175.1081261957379, 185.49071751068328, 200.62761370088816, 160.99049960693665, 111.20314543818115], "sigma": 0.013941668088681691, "center": 5775.337123177423, "fwhm": 0.038086091184607804}