{"x": [5719.1891, 5719.1876777551015, 5719.186255510203, 5719.184833265305, 5719.183411020408, 5719.18198877551, 5719.180566530612, 5719.179144285714, 5719.177722040816, 5719.176299795918, 5719.1748775510205, 5719.173455306122, 5719.172033061224, 5719.170610816326, 5719.169188571428, 5719.16776632653, 5719.166344081633, 5719.164921836735, 5719.163499591837, 5719.1620773469385, 5719.16065510204, 5719.159232857142, 5719.157810612245, 5719.156388367347, 5719.154966122449, 5719.153543877551, 5719.152121632653, 5719.150699387755, 5719.1492771428575, 5719.147854897959, 5719.146432653061, 5719.145010408163, 5719.143588163265, 5719.142165918367, 5719.14074367347, 5719.139321428572, 5719.137899183674, 5719.136476938776, 5719.1350546938775, 5719.133632448979, 5719.132210204082, 5719.130787959184, 5719.129365714286, 5719.127943469388, 5719.12652122449, 5719.125098979592, 5719.1236767346945, 5719.122254489796, 5719.120832244898, 5719.11941], "y": [0.02695, 0.03330724311442368, 0.040443721098408755, 0.04832462216694704, 0.05688257655865151, 0.06603270825464086, 0.07578916168817844, 0.08608041226223485, 0.0967631658016025, 0.10771518634352746, 0.11890352258752754, 0.13021376825286335, 0.14145676437514573, 0.1524648531562873, 0.16319624397695884, 0.17349844704736156, 0.18316238529292522, 0.19203493285566736, 0.2000637522352283, 0.20710944901134823, 0.21301835434972552, 0.21769679472645695, 0.22109947481997178, 0.2231595686764771, 0.22383617209422427, 0.22312882604070308, 0.2210424156425062, 0.21761618165534846, 0.21292713885125183, 0.20706209860818103, 0.20008539291228605, 0.1921063362601806, 0.18329862024346916, 0.17381854765437704, 0.1637200121458512, 0.15316624289336242, 0.14236282600250375, 0.13145126117864886, 0.12047276198060593, 0.10957917953895084, 0.09895469301614324, 0.08870184085272043, 0.07881536745361675, 0.069417941866801, 0.060629566394876926, 0.052494037667317375, 0.04499817845426596, 0.038194658259815904, 0.03212725467397689, 0.02682], "primeira_derivada": [-4.46986529741888, -4.743810688471223, -5.279463147536456, -5.779192981294344, -6.225399759591591, -6.646740359152489, -7.047908568507966, -7.373555757353961, -7.60585399542598, -7.78359508361302, -7.909531595674105, -7.928747650223452, -7.82252231427777, -7.642663943087167, -7.394504954545679, -7.0192346441532605, -6.516629393105033, -5.941792079882721, -5.299550090099603, -4.554279692566851, -3.7220543836344344, -2.8409736198235023, -1.9204758474035408, -0.9621047957067959, 0.0108077855702648, 0.9821643429556609, 1.9380081421773252, 2.852981509978285, 3.7103606645670277, 4.5146043259395405, 5.257801370227405, 5.901505672935611, 6.429198174767637, 6.8829946692405235, 7.260460134287533, 7.5082660419318, 7.6340515419696215, 7.695602934215369, 7.689281103768344, 7.564825509366334, 7.339572362283303, 7.080118757855539, 6.779387646865743, 6.393343749415028, 5.949715208034122, 5.495322207360897, 5.027045423482118, 4.524861997231727, 3.9988395370781236, 3.7316039460485624], "segunda_derivada": [192.61478203885238, 284.6197062131348, 363.9957837817893, 332.55053810526414, 304.9922623374699, 289.1586427971567, 255.5169644746994, 196.14956174760695, 144.15215227996978, 106.75995419357251, 51.02938560416572, -30.588712785297417, -100.5746997298336, -150.47245390211629, -219.17086845210866, -308.62320648767934, -378.7823623268313, -427.87262047346707, -487.78954636252575, -554.5794921038797, -602.3245627524494, -633.3573561137916, -660.529289728768, -678.956076960199, -683.5212210173332, -677.520573000151, -657.69867395169, -623.082749437511, -584.1549576724622, -544.0134493481423, -487.5747309251075, -411.8126231669547, -345.0492238080419, -292.2358733363682, -219.81846225250183, -131.3386352036202, -65.85957613015846, -19.416333246376315, 45.97570538809744, 122.94251927547408, 170.40200049765522, 196.93679905903852, 241.4404893842962, 291.6770662855602, 315.7056647759053, 324.37092447411555, 341.1719780959199, 361.47286862535566, 278.8753372383181, 187.89702911755782], "sigma": 0.012335959418220188, "center": 5719.1544188780335, "fwhm": 0.039926180018458046}