{"x": [5621.05947, 5621.058009591837, 5621.056549183673, 5621.055088775511, 5621.053628367347, 5621.052167959184, 5621.05070755102, 5621.049247142857, 5621.047786734694, 5621.046326326531, 5621.044865918368, 5621.043405510204, 5621.041945102041, 5621.040484693877, 5621.039024285715, 5621.037563877551, 5621.036103469388, 5621.034643061224, 5621.033182653061, 5621.0317222448975, 5621.030261836735, 5621.028801428572, 5621.027341020408, 5621.025880612245, 5621.024420204081, 5621.022959795919, 5621.021499387755, 5621.020038979592, 5621.018578571428, 5621.017118163265, 5621.015657755102, 5621.014197346939, 5621.012736938776, 5621.011276530612, 5621.009816122449, 5621.008355714285, 5621.006895306123, 5621.005434897959, 5621.003974489796, 5621.002514081632, 5621.001053673469, 5620.999593265306, 5620.998132857143, 5620.99667244898, 5620.995212040816, 5620.993751632653, 5620.992291224489, 5620.990830816327, 5620.989370408163, 5620.98791], "y": [0.01765, 0.022119203630529466, 0.02706162598299098, 0.032493839235421464, 0.038400091827047664, 0.04471391867061464, 0.051350272085521766, 0.058299192611719515, 0.0655124738537384, 0.07287597464588312, 0.08028814882719533, 0.08772859133427725, 0.09510896310243139, 0.10229032643257889, 0.10917225392415336, 0.11572901320133333, 0.12184838130373511, 0.12742066402496885, 0.1323715429821117, 0.13661925531917332, 0.14012344861527076, 0.14283206851421928, 0.14468837179251604, 0.14566481687666374, 0.1457696746587031, 0.14498502800833638, 0.1433277098162644, 0.14084780940968827, 0.13756469406246544, 0.13352737591249972, 0.12882365161361337, 0.12353358093337594, 0.11770526702314513, 0.11142365768893983, 0.10482303617211775, 0.09798533807527353, 0.09094610428837255, 0.08381867046736181, 0.0767409284789691, 0.06975975608078147, 0.06290178401818963, 0.05627697382722099, 0.04997892382335691, 0.04401552477115055, 0.038413185792378346, 0.033252351711200015, 0.02856354026212081, 0.02433693163343585, 0.020581045383451863, 0.01733], "primeira_derivada": [-3.060242843347147, -3.2222587556718736, -3.551964398669616, -3.881950995428725, -4.1837890738772625, -4.433753721281639, -4.651190770228049, -4.848713572946865, -4.99065343635797, -5.058748419779221, -5.085090956154505, -5.074202762718504, -4.9855018147847545, -4.81484942982859, -4.601003715733407, -4.339926226423271, -4.002870949483409, -3.6028152751479996, -3.1493220609450816, -2.6540202354523137, -2.1270810970924523, -1.5628929266240845, -0.969848167574656, -0.370205704561701, 0.2327393414928387, 0.8360555988159442, 1.4164596933319444, 1.973083928888997, 2.5062971025685843, 2.99267104580929, 3.421575978698711, 3.8066017668264855, 4.146074894542054, 4.410489879998146, 4.600878011398853, 4.751045712929342, 4.850242544168114, 4.863426597107734, 4.813351068058821, 4.738108429972157, 4.616100688594728, 4.4244001514025575, 4.197952792594037, 3.959762181739854, 3.6849879812388733, 3.3722235251905355, 3.052372721454468, 2.7329670844752334, 2.3989634572216225, 2.2261210700141407], "segunda_derivada": [110.9387884707695, 168.35072811583228, 225.85885798148476, 216.31783881453413, 188.92072081875284, 160.02433704909922, 142.0698206342926, 116.22184627158752, 71.9096387420847, 32.33257735411717, 5.291103996191287, -34.09633822343428, -88.79481071894693, -131.6406292422014, -162.59947576398582, -204.78273856041972, -252.36470519980764, -292.22956633180706, -324.8389948264689, -349.9846788598656, -373.5692994890883, -396.20188331214365, -408.3403708364473, -411.7299324853629, -412.98772971552563, -405.2703832538074, -389.2844338105031, -373.1276763991737, -349.0760810729304, -313.36406469404784, -278.66549285580095, -248.0467221360075, -206.75319691095015, -155.71096089529797, -116.59611383206901, -85.37494485778782, -38.47584772080481, 12.630536117527674, 42.905185780559144, 67.53262012711038, 107.40431562933412, 143.16131154261592, 159.0781198348736, 175.6237825140881, 201.15563280810258, 216.58851121962303, 218.86225266267022, 223.70775540507628, 173.52888978229748, 118.35210972834305], "sigma": 0.011785810323177826, "center": 5621.024462912702, "fwhm": 0.04070420246648437}