{"x": [5552.38215, 5552.353286122449, 5552.324422244898, 5552.295558367347, 5552.2666944897965, 5552.2378306122455, 5552.2089667346945, 5552.1801028571435, 5552.151238979593, 5552.122375102041, 5552.09351122449, 5552.064647346939, 5552.035783469388, 5552.006919591837, 5551.978055714286, 5551.949191836735, 5551.920327959184, 5551.891464081633, 5551.862600204082, 5551.833736326531, 5551.80487244898, 5551.776008571429, 5551.747144693878, 5551.718280816327, 5551.689416938776, 5551.660553061224, 5551.631689183673, 5551.602825306122, 5551.573961428571, 5551.54509755102, 5551.516233673469, 5551.487369795918, 5551.458505918367, 5551.429642040816, 5551.400778163265, 5551.371914285714, 5551.343050408163, 5551.3141865306125, 5551.2853226530615, 5551.2564587755105, 5551.2275948979595, 5551.198731020408, 5551.169867142857, 5551.141003265306, 5551.112139387755, 5551.083275510204, 5551.054411632653, 5551.025547755102, 5550.996683877551, 5550.96782], "y": [0.08107, 0.08365152220402931, 0.09536462432318973, 0.10505609562244876, 0.11007012749488412, 0.12762728899374157, 0.1432331547710444, 0.15523302701261607, 0.175680221355554, 0.20243697773988228, 0.2334881619351311, 0.2696266362399026, 0.31546424089226194, 0.36622666734575376, 0.4362690231080827, 0.5215735971196908, 0.6333675168620196, 1.0612596028878747, 0.9330733365774792, 1.1181856519318127, 1.313667997786424, 1.4852574043022464, 1.580500706533918, 1.6024077078907877, 1.5304637545513282, 1.3849930377190833, 1.1949919663986202, 1.0108777677269176, 0.8437944561383652, 0.6968510140888887, 0.5795067687971048, 0.4898695489862216, 0.4190822177291026, 0.3542868028482535, 0.31176630484589224, 0.2695379720644221, 0.24351827821049066, 0.21257359724296832, 0.18979384183010858, 0.16546566048880398, 0.15527293104931786, 0.14081204703138062, 0.13297628264988523, 0.12158228249584685, 0.11215731694058678, 0.10175099670867128, 0.09604817792224853, 0.09370776977180391, 0.08328454262279959, 0.081], "primeira_derivada": [-0.08943781719799047, -0.24762134432465951, -0.3707847876747972, -0.25473887120196526, -0.39099378334443724, -0.5744728375041159, -0.4782056390400276, -0.562070472465215, -0.817699400282543, -1.0013890281472775, -1.163905618386847, -1.4200461946312697, -1.6733723827515874, -2.092663780229673, -2.691026690706839, -3.414276086188514, -9.348813318915083, -5.1917109748363055, -0.9861122945696279, -6.592923292041972, -6.358670135746027, -4.622260267634723, -2.0293583802392274, 0.8667746025152311, 3.766206910078383, 5.81127375479888, 6.480682807281457, 6.083685562343789, 5.439788072192297, 4.578173651036885, 3.585475734109627, 2.7789847497912064, 2.348657866541337, 1.8590002797386482, 1.468077714682651, 1.1822394013914375, 0.9867762001285404, 0.9306517512330345, 0.8160361800137377, 0.5979950323691744, 0.42706690072210884, 0.3862379259284231, 0.333111247814381, 0.3606404869292238, 0.34353121392218267, 0.2790536196997193, 0.13933032598725803, 0.22110049623283642, 0.22013275502158777, 0.07914884681605767], "segunda_derivada": [5.48032837401377, 4.873686322635125, 0.12329471091913709, 0.3500741650866164, 5.538652347341096, 1.5107439314341795, -0.21484232354086183, 5.8809451474936, 7.610179105341593, 5.997222956053446, 7.252268267571103, 8.825334771203075, 11.651545853645633, 17.62850999762618, 22.893880138328544, 115.33077315149708, 30.78995338565889, -144.8644765343193, 24.27276644884325, 93.06715342885146, -34.1371844605241, -74.99532500200259, -95.08484888172069, -100.39478029385174, -85.6520255026975, -47.022024195577735, -4.718905265999238, 18.031096709908063, 26.07951597369552, 32.121677602183645, 31.166791399876985, 21.425012377217804, 15.936605683484686, 15.254016898864851, 11.723318829079899, 8.33743688290154, 4.358174845255708, 2.9576764212165503, 5.762509182565107, 6.737994204082356, 3.6682026880040564, 1.6275646392331795, 0.4434164979045647, -0.18050184160806854, 1.4133040005698694, 3.537308658102049, 1.0039039862979995, -1.3997154209725964, 2.458984403015218, 4.884441044227139], "sigma": 0.04067132640254978, "center": 5551.72799144114, "fwhm": 0.3268463291167967, "statistics": {"wv_mean": 5551.6749850000015, "wv_std": 0.4165308556773385, "wv_min": 5550.96782, "wv_max": 5552.38215, "wv_kurt": -1.2009603841533878, "wv_skew": -9.825778373210668e-12, "int_mean": 0.4833151325557977, "int_std": 0.47373896387053926, "int_max": 1.6024077078907877, "int_min": 0.081, "int_kurt": -0.047907302526764894, "int_skew": 1.160045892683706}}