{"x": [5815.20388, 5815.2016316326535, 5815.199383265306, 5815.19713489796, 5815.194886530612, 5815.192638163266, 5815.190389795918, 5815.188141428572, 5815.185893061224, 5815.183644693878, 5815.18139632653, 5815.179147959184, 5815.176899591836, 5815.17465122449, 5815.1724028571425, 5815.170154489796, 5815.167906122449, 5815.165657755102, 5815.163409387756, 5815.161161020408, 5815.158912653062, 5815.156664285714, 5815.154415918368, 5815.15216755102, 5815.149919183674, 5815.147670816326, 5815.14542244898, 5815.143174081632, 5815.140925714286, 5815.1386773469385, 5815.136428979592, 5815.134180612245, 5815.131932244898, 5815.1296838775515, 5815.127435510204, 5815.125187142858, 5815.12293877551, 5815.120690408164, 5815.118442040816, 5815.11619367347, 5815.113945306122, 5815.111696938776, 5815.109448571428, 5815.107200204082, 5815.1049518367345, 5815.102703469388, 5815.1004551020405, 5815.098206734694, 5815.095958367347, 5815.09371], "y": [0.01443, 0.018607622788596095, 0.02147014190202186, 0.022387067618058917, 0.021346058401395394, 0.01895851789226303, 0.01627309766867702, 0.014391594701887223, 0.014115630174265975, 0.01560771878681556, 0.018345516410099506, 0.021386372838997438, 0.023830379066026707, 0.025340005234371105, 0.02656904808866177, 0.029253021693369876, 0.035832870024985516, 0.04895299651417003, 0.0702885137463691, 0.10022616831403636, 0.13686152383329836, 0.1760675373158955, 0.21297126596049806, 0.24170702411200173, 0.2577928380001714, 0.258446720041178, 0.24374987961488542, 0.21621416700582197, 0.1805768832757145, 0.14268847139454444, 0.10748485633745153, 0.0791313632654427, 0.059203152412373616, 0.0475130290754518, 0.042097344168303165, 0.04010875817021661, 0.03886752166839498, 0.036503795746420716, 0.03235071760027693, 0.026879791068868855, 0.02119042850469263, 0.01660705792254785, 0.01396591254041911, 0.01346083847852936, 0.014540301066527563, 0.0162198276924185, 0.017435069491826587, 0.017473929713379154, 0.016154205722224715, 0.01388], "primeira_derivada": [-1.8580694987765718, -1.5656120232142723, -0.840486505589136, 0.02759413420452822, 0.7624531930744839, 1.1281432145787886, 1.0156087697458236, 0.47978536454980303, -0.27044603867110345, -0.9406572821703575, -1.2850778276917365, -1.2197434425764118, -0.8792229616549048, -0.6090350463263461, -0.8701906439534136, -2.0601219700215556, -4.380951103784637, -7.6623697134860045, -11.402311964073876, -14.804744913412659, -16.865875833019846, -16.925557611823212, -14.597144653587875, -9.967582054635027, -3.7226336594355804, 3.1229234858444075, 9.391826716475542, 14.048637653549683, 16.35090807347927, 16.254467277539064, 14.134057811970257, 10.737058601711544, 7.0313986366741075, 3.804051029997457, 1.6465883378064672, 0.7182595193503145, 0.8016844820002317, 1.4492302774532362, 2.140220700710359, 2.481865143311378, 2.2844872658792617, 1.6066137888956078, 0.6996675717305129, -0.12773458191424508, -0.6135539233865174, -0.6437489917309234, -0.2788917083886386, 0.2848430820992874, 0.7992309882614003, 1.0114920614527112], "segunda_derivada": [-130.0754861149436, -226.2937581265346, -354.3029032976641, -356.4674831333298, -244.74405436011367, -56.29764571457941, 144.18414564331658, 285.997483941598, 315.8831337409143, 225.63745875206044, 62.064181990272154, -90.25546172084934, -135.8115249882132, -2.0086392274116607, 322.69791803681983, 780.7355111632753, 1245.84795963758, 1561.4354280644948, 1588.3470309172594, 1215.0069418862597, 471.6339394612896, -504.5285821497011, -1547.3395765554585, -2418.312783458403, -2911.113603866675, -2916.440766143787, -2429.699528961111, -1547.5854882871506, -490.54030849693345, 492.99111742157595, 1226.9811432893869, 1579.5148388192656, 1541.7871066475602, 1197.4934403259756, 686.2293910317685, 187.89275181093254, -162.55590063821302, -297.6684883181828, -229.64104759216025, -32.08251653441718, 194.64153746877852, 352.43789149668504, 385.6906152704362, 292.0389092311027, 114.75313642879748, -74.42338447265176, -206.503638091802, -239.75679465931495, -161.5948079690521, -94.40675854003908], "sigma": 0.0037939075673152356, "center": 5815.151408364821, "fwhm": 0.02297529617990516, "statistics": {"wv_mean": 5815.148794999999, "wv_std": 0.03244589619817747, "wv_min": 5815.09371, "wv_max": 5815.20388, "wv_kurt": -1.2009603841475325, "wv_skew": 8.409335500135723e-11, "int_mean": 0.06631513106129688, "int_std": 0.0755903038283335, "int_max": 0.258446720041178, "int_min": 0.01346083847852936, "int_kurt": 0.7603611881086709, "int_skew": 1.4922016869808812}}