{"x": [5551.98855, 5551.976942857143, 5551.965335714286, 5551.953728571429, 5551.942121428571, 5551.930514285715, 5551.918907142857, 5551.9073, 5551.895692857142, 5551.884085714286, 5551.8724785714285, 5551.860871428571, 5551.8492642857145, 5551.837657142857, 5551.82605, 5551.814442857143, 5551.802835714286, 5551.791228571428, 5551.779621428572, 5551.768014285714, 5551.756407142857, 5551.7447999999995, 5551.733192857143, 5551.7215857142855, 5551.709978571428, 5551.698371428572, 5551.686764285714, 5551.675157142857, 5551.66355, 5551.651942857143, 5551.640335714285, 5551.628728571428, 5551.617121428571, 5551.605514285714, 5551.593907142857, 5551.5823, 5551.570692857143, 5551.559085714285, 5551.547478571429, 5551.535871428571, 5551.524264285714, 5551.512657142857, 5551.50105, 5551.489442857142, 5551.477835714285, 5551.4662285714285, 5551.454621428571, 5551.443014285714, 5551.431407142857, 5551.4198], "y": [0.08375, 0.08461348091186315, 0.09285066909176926, 0.10298016516891172, 0.11634127561617903, 0.12632223577913954, 0.1489983974706176, 0.16082727535608837, 0.21517334279477918, 0.25730509233861726, 0.24222038322107164, 0.27991634425771117, 0.32885360746296716, 0.39469490958653053, 0.4688716651507771, 0.5771383074681459, 0.7086213402890417, 0.8783689128212062, 1.0812413890877426, 1.3004762343510659, 1.4983223416147884, 1.6325008391770248, 1.6650017897225304, 1.6062465539212214, 1.464784524302228, 1.2627311385588333, 1.0513936173888632, 0.8628458579558216, 0.7077578527400211, 0.5868166237808511, 0.49253524664141923, 0.4176131467332409, 0.362533569393788, 0.31520924317989435, 0.27644005189909826, 0.24461309885649393, 0.21984429882995546, 0.19740519409245633, 0.18257793239875228, 0.1640170078875621, 0.14903882486733977, 0.13859368527541122, 0.12940188653045862, 0.12220824172910054, 0.11608985496110562, 0.1033240195971552, 0.10502685979617392, 0.09769627001735628, 0.09085777234326427, 0.08418], "primeira_derivada": [-0.07439220163560778, -0.3920288224203802, -0.7911802449305285, -1.0119030502573478, -1.0055045801475226, -1.406768326057825, -1.4863709355858077, -2.8506130292782985, -4.155967500846337, -1.165103279918784, -0.9740231595677511, -3.7318927366282666, -4.944307429621091, -6.0315471002494325, -7.85910021655318, -10.327678313798607, -12.9760876148892, -16.05132517925454, -18.183084620012398, -17.966564108414907, -14.302598361381397, -7.180037764745679, 1.1309538264202972, 8.624743740969866, 14.797587123518204, 17.807608298065617, 17.22582747170553, 14.80277140047322, 11.89049008771022, 9.271127647096074, 7.288765164948328, 5.600072250748683, 4.411245076208352, 3.708643830449151, 3.041064678590733, 2.4379709014754747, 2.033571282093079, 1.6053204001367283, 1.4382603288471423, 1.444761555163729, 1.0951585125393593, 0.8458988822164207, 0.7058344912083085, 0.5734413598964689, 0.8134741841571751, 0.4765597917270696, 0.24242613573921412, 0.6103606902880669, 0.5822393238330509, 0.5753157710978302], "segunda_derivada": [27.365616559244938, 30.877023403922827, 26.702274430288714, 9.23243290142777, 17.00958111165269, 20.71424300379679, 62.1963872141195, 114.9980058853139, -72.60657381962027, -137.06837162630293, 110.56939197860865, 171.0276300970942, 99.062034126661, 125.56030466475173, 185.06411381711902, 220.42407254691312, 246.55709573664532, 224.30140945472482, 82.50260002657022, -167.15940805998812, -464.65036556200107, -664.829940407286, -680.8213571791922, -588.7165112451042, -395.56955015757325, -104.60112269266845, 129.43912789310022, 229.82991808314242, 238.2861924566369, 198.22815051409216, 158.1377709156856, 123.95471151675659, 81.47691656793471, 59.02315558822852, 54.736680018124126, 43.399715542068954, 35.86802159524732, 25.644164140198136, 6.916381014322156, 14.77977054827899, 25.797161296567136, 16.770880919120078, 11.736631730416585, -4.636786773067756, 4.173359859665625, 24.598992855285513, -5.763731014793332, -14.638106564255212, 1.509627288216783, 0.5964906971735571], "sigma": 0.00027906918784248447, "center": 5551.733013463971, "fwhm": 0.11976305227510947, "statistics": {"wv_mean": 5551.704174999999, "wv_std": 0.16750116604083973, "wv_min": 5551.4198, "wv_max": 5551.98855, "wv_kurt": -1.2009603841538268, "wv_skew": 1.6289373478131322e-11, "int_mean": 0.4799434474483287, "int_std": 0.48075722708861107, "int_max": 1.6650017897225304, "int_min": 0.08375, "int_kurt": 0.31655157718921334, "int_skew": 1.2857748716119792}}