{"x": [5754.71417, 5754.680866938776, 5754.647563877551, 5754.614260816326, 5754.580957755103, 5754.547654693878, 5754.514351632653, 5754.481048571429, 5754.447745510204, 5754.41444244898, 5754.381139387755, 5754.347836326531, 5754.314533265307, 5754.281230204082, 5754.247927142857, 5754.214624081633, 5754.181321020408, 5754.148017959184, 5754.11471489796, 5754.081411836735, 5754.048108775511, 5754.014805714286, 5753.981502653061, 5753.948199591837, 5753.914896530612, 5753.8815934693885, 5753.848290408164, 5753.814987346939, 5753.781684285715, 5753.74838122449, 5753.715078163265, 5753.681775102041, 5753.648472040817, 5753.615168979592, 5753.581865918368, 5753.548562857143, 5753.515259795919, 5753.481956734694, 5753.448653673469, 5753.415350612246, 5753.382047551021, 5753.348744489796, 5753.315441428572, 5753.282138367347, 5753.248835306123, 5753.215532244898, 5753.182229183674, 5753.14892612245, 5753.115623061225, 5753.08232], "y": [0.09008, 0.09656052010610844, 0.10835299792983903, 0.1159780680426892, 0.12609357372328772, 0.14182450322047604, 0.15693330438723788, 0.17745020896871766, 0.20135208549060435, 0.22603335807898048, 0.25908660343271783, 0.30265722671799195, 0.3514482808849432, 0.42073115634848657, 0.4985560648755478, 0.5945644192128726, 0.7250578809409883, 0.8832701919732868, 1.0788812617785857, 1.29425867477418, 1.5165807235627395, 1.6884880242259483, 1.7809479592382547, 1.8001414544233074, 1.7623787074605106, 1.6451303747819486, 1.4617204603105536, 1.2422189504518895, 1.0375943336049978, 0.8581787552264092, 0.7118148003308358, 0.603991650152432, 0.5140172176890894, 0.4358543024788144, 0.37821911501525235, 0.3308585886512592, 0.2948598967653408, 0.25364544807395933, 0.22837366608440116, 0.21047404464141456, 0.18565047710541108, 0.16858588592663348, 0.15284422712215637, 0.1395331904237343, 0.1271175789686736, 0.11765291707160609, 0.11217591009874127, 0.10071093936652617, 0.09503663123602361, 0.09022], "primeira_derivada": [-0.19459232478360264, -0.2743441181967559, -0.2915279740444546, -0.2663505266683804, -0.3880489394626023, -0.4630164544927186, -0.5348713367212939, -0.666887359149673, -0.7294096597095147, -0.866804969559991, -1.15040278314451, -1.3866844977184953, -1.7727188626015018, -2.2086225497173677, -2.6098691302273327, -3.400615555095422, -4.3345230459929525, -5.3121750348420305, -6.170431000840508, -6.571459885204841, -5.918815492558797, -3.9691131378654965, -1.676323828676061, 0.27879196528665107, 2.327279744615556, 4.513973131872956, 6.049164994361858, 6.367674788888143, 5.765839251762694, 4.89113494817968, 3.8162723744762497, 2.969660676392297, 2.524352739555975, 2.0388231243659156, 1.5763673062876165, 1.251524862649856, 1.1592498968267593, 0.9981999887715828, 0.6481596863117441, 0.6414303581797475, 0.6288935187108401, 0.4925410574419975, 0.4361865611535119, 0.38625050081684115, 0.3285024341239262, 0.22432876019056078, 0.2543606665922529, 0.2573228741213999, 0.15750713268923405, 0.14463028499204675], "segunda_derivada": [2.394728606936816, 1.4553564401642054, -0.12001286419981338, 1.4491305283990774, 2.952670424208104, 2.2043378575386483, 3.0608433153026535, 2.920727342092422, 3.001489999101882, 6.320637021857814, 7.805281392290635, 9.343226366913173, 12.340277766888372, 12.568668417290729, 17.896147704539455, 25.89332410215344, 28.699455987753858, 27.563651618843934, 18.906442892541804, -3.777663359303112, -39.07068376969368, -63.6952206175426, -63.77649601791647, -60.10864205979499, -63.58546348156501, -55.87902602548474, -27.83079976511421, 4.253749237769075, 22.168229982670944, 29.270085175315508, 28.848313054885057, 19.39640963070143, 13.975255093833473, 14.232707120744928, 11.820208604939829, 6.262448467538465, 3.803327150163557, 7.6733217866659755, 5.356408952775385, 0.2892552049678726, 2.2353695916053455, 2.8932318902698286, 1.5958076032150972, 1.6167301603792916, 2.4310338850562117, 1.1131374235033742, -0.4953615781558127, 1.4541235901676355, 1.6919253814129913, 0.3866565782147928], "sigma": 0.05744718104180868, "center": 5753.950539261488, "fwhm": 0.386779201100178, "statistics": {"wv_mean": 5753.898245, "wv_std": 0.4805921367973526, "wv_min": 5753.08232, "wv_max": 5754.71417, "wv_kurt": -1.2009603841538141, "wv_skew": 2.0003695868171916e-17, "int_mean": 0.5578837322275281, "int_std": 0.5429740001569269, "int_max": 1.8001414544233074, "int_min": 0.09008, "int_kurt": -0.09001690839530108, "int_skew": 1.143763117083569}}