{"x": [5577.55395, 5577.543937959184, 5577.5339259183675, 5577.523913877551, 5577.513901836735, 5577.503889795918, 5577.493877755102, 5577.483865714286, 5577.473853673469, 5577.463841632653, 5577.453829591837, 5577.44381755102, 5577.433805510204, 5577.423793469388, 5577.413781428571, 5577.403769387755, 5577.393757346939, 5577.383745306122, 5577.373733265306, 5577.36372122449, 5577.353709183673, 5577.343697142857, 5577.333685102041, 5577.323673061224, 5577.313661020408, 5577.303648979592, 5577.293636938776, 5577.283624897959, 5577.273612857143, 5577.263600816327, 5577.25358877551, 5577.243576734694, 5577.233564693878, 5577.223552653061, 5577.213540612245, 5577.203528571429, 5577.193516530612, 5577.183504489796, 5577.17349244898, 5577.163480408163, 5577.153468367347, 5577.143456326531, 5577.133444285714, 5577.123432244898, 5577.113420204082, 5577.103408163265, 5577.093396122449, 5577.083384081633, 5577.073372040816, 5577.06336], "y": [0.08688, 0.09294755490795367, 0.09732428239722593, 0.1077345115995577, 0.12255603673916747, 0.1303017818891459, 0.1394488556429706, 0.15973732297980045, 0.18024931352133683, 0.20372820429389957, 0.23119363813462684, 0.27454951130387156, 0.32206431453439194, 0.3727276057927063, 0.4516134551716148, 0.5427366818863311, 0.6683504567722179, 0.8288952157746119, 1.0225024578909738, 1.248780690730427, 1.467164054253139, 1.6323487837523667, 1.713019014927099, 1.7212293762304725, 1.6340220377689598, 1.4642641039608129, 1.2510767006186367, 1.0348837832480746, 0.8496820634928941, 0.6979135889466354, 0.5826959510651811, 0.4874950249480167, 0.41974876672161837, 0.36309161818867525, 0.3164881999097081, 0.2791890201161064, 0.2463333925744225, 0.22280617855090407, 0.20042661652487828, 0.18224860216849414, 0.16325494867919021, 0.1518688817669661, 0.139923786706707, 0.13348759007830588, 0.12165686254935662, 0.11159993490999078, 0.10807613104917793, 0.09883871870344631, 0.09679610345515496, 0.08649], "primeira_derivada": [-0.6060257862947547, -0.5215860876247509, -0.7384586700469637, -1.2600704894014914, -1.1270065066263415, -0.8436251516263467, -1.4700070460912988, -2.0375694938819198, -2.196898820150637, -2.5441528630052925, -3.5368067463987742, -4.5380696136440335, -4.903001111001324, -6.469667024520994, -8.49023087348967, -10.823817320713061, -14.290719501309782, -17.686304301487606, -20.969025330144344, -22.20634156973004, -19.155340057650896, -12.277964362678675, -4.438685084648636, 3.9450986370341328, 12.832811860798342, 19.124239712294862, 21.44319667602083, 20.04559532281323, 16.828247132278378, 13.333251298174401, 10.508275378383912, 8.13756092976406, 6.212689752244715, 5.156819109338124, 4.190084699723785, 3.5035218404089505, 2.815751683329739, 2.2925783510597824, 2.0254400239562558, 1.8563481974854328, 1.5171592365498703, 1.1651551566816223, 0.9179592865014953, 0.9122477870891178, 1.093066616961006, 0.678219942821715, 0.6372934569995262, 0.5633230927026991, 0.6166933859831191, 1.029370898952739], "segunda_derivada": [-8.433814865672066, 6.613680775954983, 36.87981378183932, 19.404027796063012, -20.797225331383085, 17.12940177491028, 59.625423237548716, 36.30087948013794, 25.29870674762733, 66.91482540212895, 99.57593996992532, 68.22756666913703, 96.46372035275203, 179.1457819758228, 217.445692441654, 289.6756382839235, 342.71169617442456, 333.5137136993326, 225.73006599227054, -90.57520368405105, -495.821850361315, -734.9478115106332, -810.1776299688668, -862.5362831620926, -758.0443065587605, -430.0014838848381, -46.012377866097445, 230.46997252253482, 335.2135767309074, 315.6185571818986, 259.4720928350754, 214.5209805406947, 148.85785401095472, 101.00862998827476, 82.565447909534, 68.63400986791477, 60.47435840226389, 39.4680602034516, 21.785276427150524, 25.383475593166636, 34.51808944369836, 29.92396660336274, 12.630160734858935, -8.744837025586142, 11.68731972616046, 22.76125159272017, 5.737933565701394, 1.0287648339625224, -23.27436607541567, -41.218121315349336], "sigma": 0.010998481646770086, "center": 5577.327272259025, "fwhm": 0.10694679570000197, "statistics": {"wv_mean": 5577.308655000001, "wv_std": 0.14448245634804782, "wv_min": 5577.06336, "wv_max": 5577.55395, "wv_kurt": -1.2009603841523615, "wv_skew": -9.442250764046413e-12, "int_mean": 0.5052488345565644, "int_std": 0.5060896611839357, "int_max": 1.7212293762304725, "int_min": 0.08649, "int_kurt": 0.20667724099830176, "int_skew": 1.2541794854774853}}