{"x": [5775.70134, 5775.6852936734695, 5775.669247346938, 5775.653201020408, 5775.637154693877, 5775.621108367347, 5775.605062040816, 5775.589015714286, 5775.572969387755, 5775.556923061225, 5775.5408767346935, 5775.524830408163, 5775.508784081632, 5775.492737755102, 5775.476691428571, 5775.460645102041, 5775.44459877551, 5775.42855244898, 5775.412506122449, 5775.396459795918, 5775.380413469387, 5775.364367142857, 5775.348320816326, 5775.332274489796, 5775.316228163265, 5775.300181836735, 5775.284135510204, 5775.2680891836735, 5775.252042857142, 5775.235996530612, 5775.219950204081, 5775.203903877551, 5775.18785755102, 5775.17181122449, 5775.155764897959, 5775.139718571429, 5775.1236722448975, 5775.107625918367, 5775.091579591836, 5775.075533265306, 5775.059486938775, 5775.043440612245, 5775.027394285714, 5775.011347959184, 5774.995301632653, 5774.9792553061225, 5774.963208979591, 5774.947162653061, 5774.93111632653, 5774.91507], "y": [0.04657, 0.04684492144878689, 0.05760548922107191, 0.059401090400044515, 0.06768675864180575, 0.07198327673213509, 0.08027089272129638, 0.08896232162072586, 0.10434604373669577, 0.11255551160149928, 0.12878388426385678, 0.1508949314982486, 0.16994804410748787, 0.2054722902432539, 0.2402248058205992, 0.2840835496708139, 0.34597937440469584, 0.41950212453959984, 0.5114241350321974, 0.616405975885978, 0.7373312489010586, 0.8447354454771658, 0.9127970649568075, 0.9224880800510956, 0.8594590632406816, 0.7633113250235908, 0.6475845302070411, 0.5344386356862952, 0.4448484398292819, 0.3692575880953678, 0.307455599504681, 0.26100063134635076, 0.2256942517101345, 0.19380163738323045, 0.16740903615493197, 0.14568544667849817, 0.13447715258286325, 0.11733210192654167, 0.10093910282463002, 0.09747991794721432, 0.08449912774288729, 0.07901407695390525, 0.07596913686436066, 0.06717549318536131, 0.060103793465769884, 0.05702117334330615, 0.05529156871355768, 0.050061914725678246, 0.048777583130585375, 0.04629], "primeira_derivada": [-0.017132983569178816, -0.3438634132247721, -0.39124745864116517, -0.3141301344423171, -0.3920581544967963, -0.3921188458767313, -0.5290632985748442, -0.7501764023519162, -0.7351586026796212, -0.7614777276449567, -1.1946478785535353, -1.2826661530630528, -1.700618476162807, -2.1898084143755954, -2.4495095272299294, -3.295289061404065, -4.219612962830845, -5.155222296887184, -6.135480633861022, -7.039215905206464, -7.114695975916269, -5.467476176587592, -2.4227549659291814, 1.6620003841491946, 4.959912623111117, 6.601963777485856, 7.131622583544231, 6.317211917349931, 5.147005056758392, 4.281130639541724, 3.3732629253954993, 2.5476655868419753, 2.093905849258302, 1.8161544775997498, 1.499289903297662, 1.0261502378516585, 0.8834839767800914, 1.0450382426859128, 0.6185896797454867, 0.5122660021400625, 0.5753915376855768, 0.265792636783658, 0.36888766241787785, 0.49436060547324073, 0.3164063694791013, 0.14994786323933287, 0.21684896553584762, 0.20297435586097587, 0.11753203197261777, 0.15502508477002655], "segunda_derivada": [20.361696431984672, 11.657324633094207, -0.9264824171977738, 0.025261104280923447, 2.4301110688987317, 4.269050109901082, 11.156994586645014, 6.421884277114297, 0.35214680666879294, 14.317584619672703, 16.240116528345734, 15.765932366014512, 28.26635303668668, 23.335280185105795, 34.446533445502794, 55.15603313393516, 57.955109910505335, 59.69801460088243, 58.704825828047504, 30.512134356330225, -48.97506372004463, -146.1998483277692, -222.15291914741533, -230.04229581628934, -153.92817115843053, -67.67000398159325, 8.872805236534072, 61.84024496197163, 63.44384410736433, 55.26941409234439, 54.01438919345857, 39.86448467493228, 22.793725026305452, 18.528101893795498, 24.616358087968248, 19.188377020208524, -0.5885460699749411, 8.254047944532196, 16.60106565603719, 1.3460445908755436, 7.680055771212762, 6.4346152645506605, -7.122127555285537, 1.6353055273632848, 10.731825180574246, 3.1021867763103423, -1.6522938293845073, 3.094693772239752, 1.4940887249013326, -2.336550532418835], "sigma": 2.3593030956892136e-05, "center": 5775.33746906766, "fwhm": 0.1672171484859057, "statistics": {"wv_mean": 5775.308205, "wv_std": 0.23156244716103783, "wv_min": 5774.91507, "wv_max": 5775.70134, "wv_kurt": -1.2009603841538241, "wv_skew": -5.891448017138073e-12, "int_mean": 0.2644135117848733, "int_std": 0.26244023684306406, "int_max": 0.9224880800510956, "int_min": 0.04629, "int_kurt": 0.36120534236886304, "int_skew": 1.2854397243919478}}