{"x": [5719.56857, 5719.5513900000005, 5719.534210000001, 5719.51703, 5719.49985, 5719.48267, 5719.4654900000005, 5719.448310000001, 5719.43113, 5719.41395, 5719.39677, 5719.3795900000005, 5719.362410000001, 5719.34523, 5719.32805, 5719.31087, 5719.29369, 5719.276510000001, 5719.25933, 5719.24215, 5719.22497, 5719.20779, 5719.190610000001, 5719.17343, 5719.15625, 5719.13907, 5719.12189, 5719.10471, 5719.08753, 5719.07035, 5719.05317, 5719.03599, 5719.01881, 5719.00163, 5718.98445, 5718.96727, 5718.95009, 5718.9329099999995, 5718.91573, 5718.89855, 5718.88137, 5718.86419, 5718.8470099999995, 5718.82983, 5718.81265, 5718.79547, 5718.77829, 5718.7611099999995, 5718.74393, 5718.72675], "y": [0.06174, 0.06739891027035043, 0.07380340955515544, 0.07913888155191622, 0.08268655620621403, 0.09346621419221318, 0.10358345695034885, 0.11214090770281737, 0.1305801413078106, 0.1398366486977182, 0.16167320566046023, 0.18438272330408742, 0.21037548049821, 0.2428237191753634, 0.28531635055750204, 0.33494475445824357, 0.39470301547664643, 0.47823489730647256, 0.5759188620520576, 0.6959599751170196, 0.842469470938091, 0.9990806966335458, 1.1363929706999836, 1.2208167655545856, 1.2136131673047943, 1.1275795084740874, 0.9833223463340149, 0.8324008881860222, 0.6923850092841226, 0.5709248628315629, 0.48009223263891976, 0.4002436513347994, 0.33950744208710854, 0.2916180860832257, 0.249573347024432, 0.21598678717470682, 0.19464675671180373, 0.1670229065234383, 0.15039922098491756, 0.13460567902235587, 0.11916043900589678, 0.11141897198370096, 0.10338889340274565, 0.09097084345769417, 0.08814993951491049, 0.08021524655690894, 0.07286427099948035, 0.071161351881318, 0.06429999979750371, 0.06149], "primeira_derivada": [-0.329389422026068, -0.3510887530639652, -0.3416755320539629, -0.2585316254631431, -0.41697708499541186, -0.608175225388442, -0.5435009752850317, -0.7857009417060856, -0.8060460126440271, -0.9049203827987529, -1.2964515310483484, -1.4174119568755523, -1.7008438844680474, -2.181049768861142, -2.681054577526628, -3.1835467089713148, -4.170260269199156, -5.274035115612726, -6.336585500785601, -7.757584659160019, -8.821906912677594, -8.554234568244329, -6.4533198171542665, -2.2473863970765517, 2.7135406601118843, 6.702293974770553, 8.590763104867497, 8.467326456494284, 7.609895964991637, 6.178485932693745, 4.967439217069134, 4.091524754060436, 3.1613959618684713, 2.6174067247843165, 2.201143740084003, 1.5985619998016776, 1.4250256301067907, 1.2877629722399286, 0.9434583091214018, 0.9091612915988877, 0.6748168521213678, 0.45900889414708085, 0.5951143342745352, 0.44350855320110016, 0.3130266851249817, 0.4448681174500943, 0.26350100918053426, 0.2492511991221436, 0.2814712421832403, 0.1635622699378477], "segunda_derivada": [1.2630576855714415, 0.35757014051279223, -2.6937464376982345, 2.1915469423812537, 10.175890568359922, 3.6823018128900973, 5.166639008132858, 7.641008072022993, 3.469715980521575, 14.272570384438232, 14.915354309720602, 11.769276874965147, 22.224616180824373, 28.527668598445324, 29.176278816075243, 43.34125994434341, 60.84075688773645, 63.047882175526354, 72.28025446760057, 72.33182223274775, 23.185387342619162, -68.93443235003966, -183.5520422312234, -266.78872168558, -260.4679968550035, -171.0483831436336, -51.36881495037606, 28.5467735698443, 66.6135193196672, 76.90502758874612, 60.738101823471645, 52.56237646016252, 42.90215451839519, 27.946805058038773, 29.65205835253136, 22.587837892464723, 9.045373328191967, 14.015346943467074, 11.018675222493677, 7.818435884830037, 13.101059297333373, 2.3196309035370097, 0.45111585988730163, 8.209768601641906, -0.03956822610616806, 1.4413759006097209, 5.693158274876536, -0.5229986322006038, 2.493857077565932, 6.863153215750238], "sigma": 0.0002714002468524601, "center": 5719.164772833245, "fwhm": 0.18020735571951968, "statistics": {"wv_mean": 5719.14766, "wv_std": 0.2479223412685905, "wv_min": 5718.72675, "wv_max": 5719.56857, "wv_kurt": -1.2009603841538383, "wv_skew": 5.502659734323244e-12, "int_mean": 0.35229019724934574, "int_std": 0.347312553006591, "int_max": 1.2208167655545856, "int_min": 0.06149, "int_kurt": 0.35771774055920824, "int_skew": 1.280491186990595}}