{"x": [5548.06758, 5548.0576640816325, 5548.047748163265, 5548.037832244898, 5548.02791632653, 5548.018000408163, 5548.008084489796, 5547.998168571428, 5547.988252653061, 5547.978336734694, 5547.968420816326, 5547.958504897959, 5547.9485889795915, 5547.938673061224, 5547.928757142857, 5547.918841224489, 5547.908925306122, 5547.899009387755, 5547.889093469387, 5547.87917755102, 5547.8692616326525, 5547.859345714285, 5547.849429795918, 5547.83951387755, 5547.829597959183, 5547.819682040817, 5547.809766122449, 5547.799850204082, 5547.7899342857145, 5547.780018367347, 5547.77010244898, 5547.760186530612, 5547.750270612245, 5547.740354693878, 5547.73043877551, 5547.720522857143, 5547.7106069387755, 5547.700691020408, 5547.690775102041, 5547.680859183673, 5547.670943265306, 5547.661027346939, 5547.651111428571, 5547.641195510204, 5547.631279591837, 5547.621363673469, 5547.611447755102, 5547.6015318367345, 5547.591615918367, 5547.5817], "y": [0.04975, 0.05467936884254516, 0.060021141667612604, 0.06479937611043116, 0.06928846757940597, 0.0709180622787863, 0.0805530096694726, 0.09311787809832854, 0.1078130512530903, 0.12369775871139753, 0.13532812367522148, 0.1620705135171669, 0.19330732378403398, 0.2358408897162506, 0.28794301238468006, 0.3548119687644894, 0.45303323896982944, 0.5720730626579672, 0.7141121939285268, 0.8587526296663983, 0.9644254791882909, 0.9779691799784886, 0.9003764629517047, 0.770360518850323, 0.6292888845945155, 0.508503614006985, 0.40548087504426256, 0.33070633134259786, 0.2753567285494887, 0.23162198835041728, 0.20328728533860074, 0.17897711400099844, 0.15251818526882605, 0.1364282256821479, 0.12537043278045285, 0.11434875249331924, 0.1050150478830769, 0.09441818876821333, 0.09403933443513489, 0.08362290866431042, 0.07630051353904718, 0.07611852190610602, 0.06890770990961942, 0.06882028891215386, 0.06559339248137784, 0.06306276107686437, 0.05889951211500542, 0.05643736024982061, 0.054633577223443044, 0.04931], "primeira_derivada": [-0.49711672282080216, -0.5179117700994995, -0.5102909732087169, -0.46729539153377125, -0.3085284661323067, -0.5680029661768623, -1.1194029134304067, -1.374559600718567, -1.5419590742951168, -1.3874192688332578, -1.9349067521594687, -2.92354162069384, -3.7197954574658376, -4.771907406583176, -5.998994477392193, -8.32450512745348, -10.955167531856176, -13.164638175009777, -14.455522745720803, -12.621790336812545, -6.011372113772265, 3.22960586521949, 10.468453522739486, 13.669312730995829, 13.203865499591714, 11.28528903066678, 8.965245380068582, 6.561376449153731, 4.996226235496387, 3.6340276583987796, 2.654563722643186, 2.5599797310173145, 2.1454839956563396, 1.3688975384120625, 1.1133347598688772, 1.026399378415644, 1.004978207096404, 0.5534390785255141, 0.5443409124578672, 0.8944618258688872, 0.37840099525725673, 0.37277453058486526, 0.36800590341530254, 0.16712105250624992, 0.29031742809804145, 0.3375320428413533, 0.3340790323993753, 0.21510538578053032, 0.3593898207792327, 0.5368718283282388], "segunda_derivada": [2.0971378049186775, 0.6642980458203401, -2.5522789060211646, -10.173667208695504, 5.078076024430316, 40.887511234788285, 40.66978996095226, 21.306960445299662, 0.648435557769861, 19.81398309799755, 77.45739199082064, 90.00117987961646, 93.20194647688163, 114.9262698363188, 179.1360915475578, 249.90993626841092, 244.05873809348725, 176.50181678499047, -27.3725447349189, -425.78762345080185, -799.2903740613209, -830.9782828962566, -526.4114970999983, -137.93033965738334, 120.21194669591145, 213.72806646259664, 238.19844045198474, 200.1337141718138, 147.60855637880877, 118.07592731698126, 54.15776368812656, 25.669822407075394, 60.059096317533715, 52.045065194566895, 17.270117971296308, 5.4637678910834895, 23.848537390471343, 23.227162506418995, -17.19572180351922, 8.367349904103577, 26.305546090454218, 0.524161830343515, 10.369865425444113, 3.917361581601695, -8.592799175106357, -2.206633953610515, 6.173238449788923, -1.2762705098071883, -16.224742410474175, -17.898695912327753], "sigma": 0.00017930092614437676, "center": 5547.860644435569, "fwhm": 0.09027398916530281, "statistics": {"wv_mean": 5547.824640000001, "wv_std": 0.14309532581243453, "wv_min": 5547.5817, "wv_max": 5548.06758, "wv_kurt": -1.200960384150362, "wv_skew": -1.906753168298518e-11, "int_mean": 0.25324220493722455, "int_std": 0.26663279864072204, "int_max": 0.9779691799784886, "int_min": 0.04931, "int_kurt": 1.0452383043093718, "int_skew": 1.51168149093315}}