{"x": [5647.76887, 5647.738737755102, 5647.708605510204, 5647.678473265306, 5647.648341020408, 5647.61820877551, 5647.588076530612, 5647.557944285714, 5647.527812040817, 5647.497679795918, 5647.46754755102, 5647.437415306123, 5647.407283061224, 5647.377150816326, 5647.347018571429, 5647.31688632653, 5647.286754081632, 5647.256621836735, 5647.226489591836, 5647.196357346938, 5647.166225102041, 5647.136092857143, 5647.105960612244, 5647.075828367347, 5647.045696122449, 5647.01556387755, 5646.985431632653, 5646.955299387755, 5646.9251671428565, 5646.895034897959, 5646.864902653061, 5646.834770408163, 5646.804638163265, 5646.774505918367, 5646.744373673469, 5646.714241428571, 5646.684109183673, 5646.6539769387755, 5646.623844693877, 5646.593712448979, 5646.5635802040815, 5646.533447959183, 5646.503315714285, 5646.473183469388, 5646.44305122449, 5646.412918979591, 5646.382786734694, 5646.352654489796, 5646.322522244897, 5646.29239], "y": [0.07013, 0.08059012257505355, 0.08882158567017101, 0.09829393863985443, 0.10502889460008728, 0.11668051145561957, 0.1277346512889344, 0.14421191265833835, 0.1674142157417659, 0.19295017200339137, 0.2196016028262671, 0.25306928301363546, 0.3093763167692265, 0.34466830901308493, 0.4142635492634312, 0.4944119097015431, 0.5960341987857446, 0.7225715325362376, 0.8733223467289999, 1.0443240599430246, 1.2109737570628722, 1.3375102162543928, 1.3976402869882496, 1.3663571286561396, 1.2625571669440983, 1.1028788829470744, 0.94086799139561, 0.7907676121139737, 0.655958858607612, 0.5464820754279786, 0.45895571297359095, 0.3911707922171615, 0.3388065396343459, 0.2883262000577992, 0.25425448258325406, 0.2238916005338179, 0.1963794702498097, 0.1772771234476475, 0.1592975429538217, 0.14424088501164936, 0.1343300053462176, 0.11988989325087177, 0.11256035230339995, 0.10610121904556069, 0.09526014879410408, 0.08599978998356894, 0.08223761897253061, 0.0764887289300878, 0.0754609746581265, 0.07003], "primeira_derivada": [-0.3471405005027279, -0.31015919546247, -0.2937686210344912, -0.268936300381005, -0.30509795864727524, -0.3767684214302932, -0.45684284885181076, -0.6584236353375458, -0.8087392676816462, -0.8659724368515437, -0.997587654261707, -1.4896784863927988, -1.5199502444821307, -1.740448361055549, -2.484773391339603, -3.016214857817118, -3.785971201439005, -4.60118635170729, -5.339006909283387, -5.602825336783988, -4.864990267185199, -3.097454745844279, -0.47867180987113445, 2.2415044166610407, 4.372031466618689, 5.337955678973252, 5.179024528256561, 4.727645314033273, 4.053556870916493, 3.268975582518725, 2.5771608411217852, 1.9936976774448338, 1.706553768347136, 1.403016226275005, 1.0691967980115002, 0.9603501585939765, 0.7734982448942904, 0.6153196919336709, 0.548187474044398, 0.41429932771987593, 0.4040686620444928, 0.3612351671176148, 0.2288026373761799, 0.28707126813880923, 0.3335534595902602, 0.21608960543090702, 0.1578219791750644, 0.11244838108331935, 0.10717304588358591, 0.18023797020657897], "segunda_derivada": [-1.2273000291159066, -0.88562733458219, -0.6840329225521514, 0.18799358712324166, 1.7893144273485764, 2.517981828395032, 4.673651346980798, 5.839200166212262, 3.4439651313003083, 3.1336594272754015, 10.34947863425119, 8.667833943110093, 4.161154861021026, 16.009811916329543, 21.169456525296596, 21.59145152473658, 26.3002557438374, 25.770328647836653, 16.620716253678406, -7.865604499560319, -41.57291631351526, -72.78446183053371, -88.59212416056526, -80.49024048756328, -51.38102509088617, -13.390855284195258, 10.12719707762039, 18.675469769089563, 24.20446495847616, 24.49860663896434, 21.161349069810235, 14.446435632619648, 9.801484309691645, 10.57599545768622, 7.345388124539299, 4.9066797730602145, 5.725269853471823, 3.7386987197856176, 3.335635378202394, 2.3914383493373896, 0.8805211955106449, 2.9082802370149055, 1.2306401204196455, -1.738184834381922, 1.177835620078237, 2.9160037861307497, 1.7197727002999728, 0.8404440734948925, -1.124867884095852, -2.4248085255872733], "sigma": 9.380282862681e-06, "center": 5647.098845062461, "fwhm": 0.32654502809416086, "statistics": {"wv_mean": 5647.030629999999, "wv_std": 0.43483449957948894, "wv_min": 5646.29239, "wv_max": 5647.76887, "wv_kurt": -1.2009603841535985, "wv_skew": 3.137344678595089e-12, "int_mean": 0.4133290434111956, "int_std": 0.40253142572868783, "int_max": 1.3976402869882496, "int_min": 0.07003, "int_kurt": 0.17226415556888597, "int_skew": 1.2212893011377182}}