{"x": [5723.65715, 5723.640584897959, 5723.624019795919, 5723.607454693877, 5723.5908895918365, 5723.574324489796, 5723.557759387755, 5723.5411942857145, 5723.524629183674, 5723.508064081632, 5723.491498979592, 5723.474933877551, 5723.45836877551, 5723.44180367347, 5723.425238571428, 5723.408673469387, 5723.392108367347, 5723.375543265306, 5723.358978163265, 5723.342413061225, 5723.325847959183, 5723.3092828571425, 5723.292717755102, 5723.276152653061, 5723.259587551021, 5723.243022448979, 5723.226457346938, 5723.209892244898, 5723.193327142857, 5723.176762040816, 5723.160196938775, 5723.143631836734, 5723.1270667346935, 5723.110501632653, 5723.093936530612, 5723.0773714285715, 5723.06080632653, 5723.044241224489, 5723.027676122449, 5723.011111020408, 5722.994545918367, 5722.977980816326, 5722.961415714285, 5722.944850612244, 5722.928285510204, 5722.911720408163, 5722.895155306122, 5722.878590204081, 5722.86202510204, 5722.84546], "y": [0.09161, 0.0953718327885782, 0.1098015475136088, 0.11682363084543959, 0.12770993872595596, 0.14348854347883594, 0.1604665192944462, 0.18363205458701667, 0.2110845472695987, 0.23605276256081628, 0.28058788133263224, 0.32789115176308414, 0.38512971611136965, 0.46521019981042544, 0.565777473414627, 0.6967870776738553, 0.8600722301431316, 1.0802677417400148, 1.3251850466161368, 1.574004293173692, 1.7430373205925092, 1.8055913196753788, 1.8179981487181411, 1.7695448179952782, 1.6110870379883733, 1.3812512763462688, 1.1370489816717346, 0.9293568982494634, 0.7620522712180706, 0.6339388154040488, 0.5310106701764719, 0.44665650567068804, 0.38664444277644916, 0.3333479072457122, 0.2923517258276431, 0.2611957492029217, 0.23153339040464044, 0.21262676359020916, 0.19244357822491767, 0.17977278005326067, 0.16044243649025006, 0.1530635807823923, 0.13937208914796279, 0.12823830671051797, 0.11667524305322555, 0.11215681675860073, 0.10894830003996732, 0.10278537007503218, 0.09473512892718837, 0.0921], "primeira_derivada": [-0.2270938494278458, -0.5490925280435401, -0.6474997257372672, -0.5405457560086243, -0.8048520488418407, -0.9887225713457792, -1.211689218987294, -1.5278513784856897, -1.5822633583450179, -2.0978842717217123, -2.7720441738557775, -3.155484177584379, -4.1448295250550204, -5.4526605648098, -6.989901942308423, -8.882974460590923, -11.57495628837414, -14.038936051567934, -14.902913070556886, -12.612426803628978, -6.990208268168408, -2.262612929930735, 1.088025343629806, 6.245391975911496, 11.720227882849603, 14.30833493026827, 13.639951537504706, 11.318877165176712, 8.916880865578735, 6.973745180324628, 5.65291747882207, 4.357541144198215, 3.4200996210848373, 2.84612544846894, 2.177836208485021, 1.8357368180424236, 1.466003212421154, 1.179884436684363, 0.9916625764305407, 0.9659204530138662, 0.8061887939047476, 0.6359860413172321, 0.7493245139976034, 0.6850801775633054, 0.48540268307571316, 0.23322956279691745, 0.28286715832807313, 0.429009464520743, 0.3225265394926414, 0.1590771321975878], "segunda_derivada": [19.43837579903574, 12.689504576474935, -0.25797523050879534, 4.74951264151701, 13.527740856564566, 12.279947601496332, 16.273030066963535, 11.185386556876047, 17.205837060986582, 35.912269437212565, 31.92252916000217, 41.43606685397361, 69.33782784999066, 85.87548721982385, 103.54037926441245, 138.3949925213815, 155.62722095891297, 100.45083857661663, -43.0576655802552, -238.83658497091562, -312.39813216999266, -243.832896168416, -256.80508592580946, -320.92173392966083, -243.37136391750516, -57.944818265848895, 90.2336054964837, 142.56086863616474, 131.1531910333873, 98.5192659440239, 78.96733837296026, 67.39523403649585, 45.62047646973594, 37.49640085375627, 30.497506986269954, 21.485922462087874, 19.796207102446054, 14.317467976543666, 6.458275449958862, 5.598329007287531, 9.958719568335978, 1.7163878545997364, -1.4818543262085935, 7.966199974926271, 13.638630587886952, 6.11331956333631, -5.909408261956831, -1.1970762711312246, 8.147620571868941, 9.867093296127731], "sigma": 0.02494702203202248, "center": 5723.2975719974265, "fwhm": 0.1787873346759904, "statistics": {"wv_mean": 5723.251305, "wv_std": 0.23904882894712254, "wv_min": 5722.84546, "wv_max": 5723.65715, "wv_kurt": -1.2009603841537495, "wv_skew": -2.031844075377601e-17, "int_mean": 0.5380792372372116, "int_std": 0.5450275599286724, "int_max": 1.8179981487181411, "int_min": 0.09161, "int_kurt": 0.15527030675900289, "int_skew": 1.245824718719613}}