{"x": [5548.18811, 5548.173946938776, 5548.1597838775515, 5548.145620816326, 5548.131457755102, 5548.117294693878, 5548.1031316326535, 5548.088968571428, 5548.074805510204, 5548.06064244898, 5548.046479387755, 5548.032316326531, 5548.018153265306, 5548.003990204082, 5547.989827142857, 5547.975664081633, 5547.961501020408, 5547.947337959184, 5547.933174897959, 5547.919011836735, 5547.904848775511, 5547.890685714286, 5547.876522653061, 5547.862359591837, 5547.848196530613, 5547.834033469388, 5547.819870408163, 5547.805707346939, 5547.791544285715, 5547.77738122449, 5547.763218163265, 5547.749055102041, 5547.734892040817, 5547.720728979592, 5547.706565918367, 5547.692402857143, 5547.678239795919, 5547.664076734694, 5547.649913673469, 5547.635750612245, 5547.621587551021, 5547.607424489796, 5547.593261428572, 5547.579098367347, 5547.564935306123, 5547.550772244898, 5547.536609183674, 5547.522446122449, 5547.508283061225, 5547.49412], "y": [0.04258, 0.04497369409992792, 0.04892532955722576, 0.048269651156176194, 0.05814323175517232, 0.06200508446089235, 0.06829666534489572, 0.07675305593939824, 0.0865928853130934, 0.09602898320522954, 0.10716826818058801, 0.12253841863806018, 0.14319195697552364, 0.16213649316337442, 0.19187748349127628, 0.22858696040792464, 0.2749852830512849, 0.33098344327947027, 0.40133840495258927, 0.4880368222403727, 0.5926351366132883, 0.7096763709530671, 0.8022789955877835, 0.8487548265801379, 0.8196762382179031, 0.7417966688655139, 0.6370422879693751, 0.5327571498937306, 0.43625334635858676, 0.3647142681118021, 0.30411569815218575, 0.2520617595924477, 0.21639558811461043, 0.1864938172366363, 0.1625400874682418, 0.1405001782839029, 0.12464100740153856, 0.1133405849377728, 0.09946041534668995, 0.09222103456086189, 0.0795372390455149, 0.07191681909416536, 0.06417669845783232, 0.06639652925571213, 0.05630080664119357, 0.05532798680602121, 0.054232190990328936, 0.04670941516292048, 0.04652095365104427, 0.04261], "primeira_derivada": [-0.16900965561204043, -0.2240098188076579, -0.11635750929650597, -0.32542054474239374, -0.4849034077875969, -0.3584477052290323, -0.5206491465541692, -0.6459133261474506, -0.6805000331702757, -0.7263748472759849, -0.9358653123444721, -1.271747972536515, -1.3979348778128982, -1.7187501255832953, -2.345907646386141, -2.9339631539141737, -3.6149135150497247, -4.4606571948121205, -5.544471511979887, -6.753368097171896, -7.824563672915801, -7.40107861033452, -4.9099009537796565, -0.6141766371910616, 3.7759547889203606, 6.447545038129272, 7.3797435336017925, 7.088472556574227, 5.932435054663389, 4.66486891886148, 3.976983038321781, 3.0967920228711177, 2.314751779911955, 1.9012662514058525, 1.6237181433773182, 1.3379551025921683, 0.9588179037018001, 0.8889530185349811, 0.7455856485328943, 0.7033499321114077, 0.7168017967714373, 0.5422747365290271, 0.194883357166182, 0.2780434148969045, 0.39075388697449726, 0.07302855004673248, 0.3042623168234496, 0.2722306010305591, 0.14472207307458987, 0.27613759406331306], "segunda_derivada": [3.8833527812000863, -1.8587841103613025, 3.580113237017734, 13.01081357494363, 1.1659612270127695, 1.2619354742776572, 10.14842823726437, 5.643232210877231, 2.8405413156935935, 9.015186587501528, 19.25336326039319, 16.312489162351188, 15.780562759486708, 33.466379674616874, 42.900789917068124, 44.799844063630005, 53.89703598229224, 68.11938345723564, 80.93980764657108, 80.49432692654749, 22.86619053906981, -102.89663628812673, -239.59869500204584, -306.6376542879471, -249.3006830679802, -127.22492289970143, -22.626729783041895, 51.09447936499722, 85.56072727695283, 69.03352267257239, 55.357979152914446, 58.68192024617362, 42.20576867293688, 24.395631197574847, 19.88663114122092, 23.473041214269244, 15.851166529148125, 7.5277601284565865, 6.552364756406696, 1.0161592647820712, 5.686454115803674, 18.425340092101546, 9.328185391539837, -6.914837361086611, 7.237660757220386, 3.0534207535151143, -7.032450394125434, 5.632265553940653, -0.13792897491878087, -9.278751175870708], "sigma": 6.60987186829054e-06, "center": 5547.858687071372, "fwhm": 0.14422975729702714, "statistics": {"wv_mean": 5547.841115, "wv_std": 0.20438529093727575, "wv_min": 5547.49412, "wv_max": 5548.18811, "wv_kurt": -1.2009603841535625, "wv_skew": 3.250882897698578e-17, "int_mean": 0.2368899242912657, "int_std": 0.23680947283430562, "int_max": 0.8487548265801379, "int_min": 0.04258, "int_kurt": 0.5011578855143037, "int_skew": 1.3279742846748126}}