{"x": [5723.85866, 5723.834581020408, 5723.810502040817, 5723.786423061224, 5723.762344081632, 5723.738265102041, 5723.714186122449, 5723.690107142857, 5723.666028163265, 5723.641949183673, 5723.617870204082, 5723.59379122449, 5723.569712244898, 5723.545633265306, 5723.521554285714, 5723.497475306122, 5723.473396326531, 5723.449317346939, 5723.4252383673465, 5723.401159387755, 5723.377080408163, 5723.353001428572, 5723.32892244898, 5723.304843469387, 5723.280764489796, 5723.256685510204, 5723.232606530612, 5723.20852755102, 5723.184448571428, 5723.160369591837, 5723.136290612245, 5723.112211632653, 5723.088132653061, 5723.064053673469, 5723.039974693877, 5723.015895714286, 5722.991816734694, 5722.967737755102, 5722.94365877551, 5722.919579795918, 5722.895500816327, 5722.871421836735, 5722.847342857142, 5722.823263877551, 5722.799184897959, 5722.775105918367, 5722.751026938776, 5722.726947959183, 5722.702868979592, 5722.67879], "y": [0.09034, 0.09764566342542871, 0.10767430406699051, 0.12504306233918697, 0.13280380586478197, 0.14463387484164195, 0.15954650627867234, 0.18045221718016813, 0.20270987721006362, 0.22456591644501425, 0.2583808364037847, 0.29666815155691945, 0.3406709480479783, 0.3985525122548908, 0.4693014227753224, 0.5583228017011111, 0.6701138592928013, 0.8065244229463187, 0.9802487796759192, 1.18091312949911, 1.4078848221167581, 1.613919498558649, 1.751453331295498, 1.8047085209008626, 1.790574341378456, 1.6951948401928998, 1.517670350207286, 1.301783775501169, 1.0910775623342, 0.910118062294492, 0.7543629861421353, 0.6335698848696515, 0.5306530232761267, 0.4565256256879789, 0.39317539045249167, 0.34164300413331766, 0.2998226902117487, 0.26624439782309345, 0.23337829592779966, 0.21078486998483564, 0.19088644986263476, 0.17581557550649354, 0.16101559361403522, 0.1425481434035601, 0.13301991032938384, 0.12190657404288414, 0.11283007897265995, 0.10337059550786755, 0.09552789654431727, 0.09049], "primeira_derivada": [-0.3034041952492947, -0.35994681587341293, -0.5689069756664805, -0.521814093111141, -0.4068032124843181, -0.5553121616325524, -0.7437678619684396, -0.8962873772596326, -0.9160209446606045, -1.156007441715403, -1.4972028784996554, -1.7087541299451572, -2.1156287023761355, -2.6710117477220994, -3.3176299858991083, -4.169870150708485, -5.153906549496794, -6.439951477113465, -7.774181316959795, -8.879862222009098, -8.991377051743875, -7.1341999329964, -3.9617339599551133, -0.8123477561272079, 2.274051528868363, 5.666851249498304, 8.169180574843148, 8.858199041228563, 8.132938352223606, 6.991878017721965, 5.7425227753576085, 4.645337274577911, 3.676323959336815, 2.8547229815193216, 2.3855375830481718, 1.938468776997428, 1.5656520248670993, 1.3797178163175965, 1.1516170697177337, 0.8823431637422939, 0.7261373835473665, 0.6202683160708786, 0.6907982121020138, 0.5813303503600248, 0.4286221781556323, 0.41924183871407417, 0.38489958563473503, 0.35927981005507403, 0.26746555971861674, 0.20922383879025855], "segunda_derivada": [2.3482149818228266, 5.513165111640724, 3.3611739363491093, -3.3660845668749944, 0.6955873772372788, 6.997070789514992, 7.080350193604639, 3.5768351817667154, 5.3930870172947785, 12.068242585341832, 11.477784723515379, 12.8416119446137, 19.98127898435661, 24.959556091760316, 31.123794039556458, 38.13028198741598, 47.13823768495994, 54.41000432431488, 50.6647454798224, 25.275068865588096, -36.248676617884236, -104.4405364572208, -131.2732575042778, -129.48608276714864, -134.54056433255963, -122.41235189258417, -66.26833540688514, 0.7525697357919958, 38.75415518342406, 49.63697833970819, 48.72591743791735, 42.90461745102963, 37.182104960247685, 26.803178502137705, 19.0260181299301, 17.024923233569957, 11.602463437924172, 8.597435650577282, 10.32798442895361, 8.835085485057597, 5.4419840897721885, 0.7338178785811234, 0.8085468398258342, 5.444085222724708, 3.3657678687962345, 0.9078996133220588, 1.2451114971388046, 2.438517493378841, 3.1159121733890296, 2.418778615874378], "sigma": 0.03166446474056506, "center": 5723.297423009034, "fwhm": 0.2743875746583647, "statistics": {"wv_mean": 5723.268724999999, "wv_std": 0.34748061674984143, "wv_min": 5722.67879, "wv_max": 5723.85866, "wv_kurt": -1.2009603841537881, "wv_skew": 7.852258188717879e-12, "int_mean": 0.5551413636575878, "int_std": 0.5371572827425265, "int_max": 1.8047085209008626, "int_min": 0.09034, "int_kurt": -0.014009689476461862, "int_skew": 1.1656231581933645}}