{"x": [5790.52357, 5790.518035510205, 5790.512501020408, 5790.506966530613, 5790.501432040816, 5790.495897551021, 5790.490363061224, 5790.484828571429, 5790.479294081633, 5790.473759591837, 5790.468225102041, 5790.462690612245, 5790.457156122449, 5790.451621632653, 5790.446087142857, 5790.440552653062, 5790.435018163265, 5790.42948367347, 5790.423949183673, 5790.418414693878, 5790.412880204081, 5790.407345714286, 5790.40181122449, 5790.396276734694, 5790.390742244898, 5790.385207755102, 5790.379673265306, 5790.37413877551, 5790.368604285714, 5790.363069795919, 5790.357535306122, 5790.352000816327, 5790.34646632653, 5790.340931836735, 5790.335397346938, 5790.329862857143, 5790.324328367347, 5790.318793877551, 5790.313259387755, 5790.307724897959, 5790.302190408163, 5790.296655918367, 5790.291121428571, 5790.285586938776, 5790.280052448979, 5790.274517959184, 5790.268983469387, 5790.263448979592, 5790.257914489795, 5790.25238], "y": [0.06052, 0.06426996216771182, 0.06631882948713984, 0.06705561880076544, 0.06759564413708456, 0.0694642282239336, 0.07393666226868109, 0.08160332730092937, 0.09207807176973257, 0.10408479809145904, 0.11600658297384575, 0.1267674331287205, 0.13676067273882342, 0.14845900629951744, 0.16640765458582957, 0.19662858555743173, 0.24575854059217722, 0.32003867441966544, 0.4243100164173239, 0.5605579544615015, 0.7252587476534905, 0.9047718204345684, 1.0696129164684827, 1.1749971018869307, 1.1811850544302205, 1.0858010186972282, 0.9260124815638449, 0.7472861276401899, 0.5808232747919939, 0.44168416708324953, 0.33433202666816275, 0.2573212243274539, 0.20611995809808661, 0.17450245544599718, 0.15571340344052823, 0.1434602667812343, 0.13291281630333854, 0.12138202345893792, 0.10840508503463929, 0.09519120856232309, 0.0836002638573588, 0.07524018441188221, 0.07076613961589394, 0.06971619447127553, 0.07070240376636125, 0.0719276224869404, 0.07182430484521324, 0.06953500225687742, 0.0651824476657512, 0.05966], "primeira_derivada": [-0.6775623962187297, -0.5238811255321185, -0.2516633633574799, -0.11535070955136179, -0.21759995157211848, -0.5728638379810065, -1.0966773383328292, -1.638941453617125, -2.031033719387602, -2.161763060927958, -2.0492074132733045, -1.8749776880978537, -1.9596723429238798, -2.678384362410434, -4.351763309489022, -7.168762517533525, -11.149183882462149, -16.1307981771396, -21.72912851118177, -27.188480088458228, -31.097163303326397, -31.10983862439403, -24.41284485230169, -10.07971304261433, 8.058202876650814, 23.0529445596957, 30.58230329580082, 31.185278092108778, 27.608864759621078, 22.268651421344217, 16.655821001723925, 11.583007042757846, 7.482059948998747, 4.553857402905409, 2.8044309239893632, 2.0598635086090575, 1.9946051159303007, 2.2140912868292513, 2.3661453776268058, 2.2409311509840673, 1.8024266812174665, 1.15946769391109, 0.4990514161812814, 0.005758060081604521, -0.19978607759532405, -0.1013554203013082, 0.2161554468666658, 0.6000424089925042, 0.8921330258870567, 0.9978241662320859], "segunda_derivada": [-27.7679201451511, -38.476810741410866, -36.90768535490518, -3.077375967883643, 41.33290920158814, 79.41810529648511, 96.31218548892272, 84.41215139725432, 47.23304465115502, 1.6418581075771672, -25.90892597162516, -8.088827845908837, 72.58181909509574, 216.10763184510574, 405.67227703125644, 614.0964048661401, 809.6532824125426, 955.8193274096291, 998.9793385587184, 846.3322851304287, 354.2655854904753, -603.8784691965219, -1899.9154716133253, -2933.5177158039014, -2993.2892482978955, -2034.8849893503013, -734.6958646760452, 268.62806200613727, 805.550917986669, 989.5260594599596, 965.3685138534554, 828.7810973443238, 635.0314029798918, 422.5890007419918, 225.31380364119613, 73.16174010404511, -13.933332963401998, -33.565899964764576, -2.424782151938981, 50.92779255078336, 97.7021818575133, 117.75026362685213, 104.22908673171086, 63.134771183677, 9.676906483818739, -37.577223899054374, -63.36607845964863, -61.06954786600349, -35.93662396195072, -19.096817276683364], "sigma": 0.005365685472818349, "center": 5790.392875618877, "fwhm": 0.04706615378103447, "statistics": {"wv_mean": 5790.387975, "wv_std": 0.07986750104379285, "wv_min": 5790.25238, "wv_max": 5790.52357, "wv_kurt": -1.2009603841527297, "wv_skew": 1.7081277618090067e-11, "int_mean": 0.2892710001114146, "int_std": 0.3304133140884786, "int_max": 1.1811850544302205, "int_min": 0.05966, "int_kurt": 1.153856851863459, "int_skew": 1.5822618330203508}}