{"x": [5687.83831, 5687.829931428571, 5687.821552857143, 5687.813174285714, 5687.804795714285, 5687.7964171428575, 5687.788038571429, 5687.77966, 5687.7712814285715, 5687.762902857143, 5687.754524285714, 5687.746145714285, 5687.737767142857, 5687.729388571429, 5687.72101, 5687.7126314285715, 5687.704252857143, 5687.695874285714, 5687.687495714285, 5687.679117142857, 5687.670738571428, 5687.66236, 5687.653981428572, 5687.645602857143, 5687.637224285714, 5687.6288457142855, 5687.620467142857, 5687.612088571428, 5687.603709999999, 5687.595331428572, 5687.586952857143, 5687.578574285714, 5687.570195714286, 5687.561817142857, 5687.553438571428, 5687.5450599999995, 5687.536681428571, 5687.528302857143, 5687.519924285714, 5687.511545714286, 5687.503167142857, 5687.494788571428, 5687.4864099999995, 5687.478031428571, 5687.469652857142, 5687.461274285714, 5687.452895714286, 5687.444517142857, 5687.436138571428, 5687.42776], "y": [0.06771, 0.07113662991208161, 0.0750489227524668, 0.0789497229164088, 0.08279595955664518, 0.08719321784171016, 0.09303583491864273, 0.10091583765503133, 0.11075522635406974, 0.12196800787133298, 0.13423555646658447, 0.1480039101743214, 0.16472342820614913, 0.1862720891179739, 0.21446400909842298, 0.25094353873344427, 0.2981853702412271, 0.3605545218578565, 0.44526771626214745, 0.5612772633097328, 0.7157460887259771, 0.9084583393459286, 1.118121227655981, 1.2904327030107374, 1.3477105571384438, 1.2570093245739384, 1.0697151602474575, 0.8613649365398651, 0.6780323428971344, 0.5343580414360733, 0.42805926075023015, 0.35022898159716703, 0.29107479131654573, 0.2441137267287835, 0.20646442547130958, 0.1778514334081342, 0.15789927750622262, 0.14469742602279373, 0.1348497150523055, 0.1250627147876348, 0.11388820679284095, 0.10228733323087116, 0.0924999321890683, 0.08627605088850923, 0.08359416612938729, 0.08265005365484918, 0.0811499363992998, 0.07773918454647304, 0.07273470246944912, 0.06757], "primeira_derivada": [-0.40897543707114214, -0.43795787950997983, -0.4662544844799241, -0.4623125117515785, -0.4919391686223571, -0.6110752560684661, -0.8189116683022295, -1.057423188799537, -1.256310243068789, -1.4012132206753056, -1.5537196600022944, -1.8193955854548138, -2.283693543190211, -2.9683211104838207, -3.859336294132229, -4.996159658918227, -6.541149887977237, -8.777292601291329, -11.978339216902858, -16.1410793454329, -20.718393285165714, -24.01215662934312, -22.794719058949582, -13.700983003869327, 1.994575013249712, 16.589665628376903, 23.610492039200732, 23.37408117146119, 19.514477969458643, 14.917404732292068, 10.98809393737088, 8.174691270433497, 6.332538653605154, 5.049211942950057, 3.9542715536044435, 2.898175922853077, 1.9785000145490623, 1.3755067108595997, 1.171721898074289, 1.2508998961135418, 1.3591446794119995, 1.2763676233949852, 0.9554899948414659, 0.531460890169315, 0.21638517166776602, 0.14586196173309748, 0.2930612426098309, 0.502187873044316, 0.6068567077943413, 0.6164180270352624], "segunda_derivada": [3.459115039538177, 3.418186972341383, 1.4533881132882522, 1.532760349483518, 8.877572124975206, 19.512425386615973, 26.63627902022223, 26.102216737607833, 20.516029182398903, 17.748217549056005, 24.95546933856774, 43.561953812797285, 68.56333056711526, 94.02812665841765, 121.01338311026818, 160.04002691084494, 225.6430570863332, 324.4699514230688, 439.4416641793822, 521.571854023448, 469.714756944253, 123.90690892638194, -615.3300543671536, -1479.327011959694, -1807.626090559597, -1289.952422672269, -404.8670827016156, 244.43391720185636, 504.66099809493653, 508.82087150030634, 402.37846745374037, 277.8251234943415, 186.5162428991132, 141.92557288800447, 128.36532089053657, 117.90622995043974, 90.86687539964082, 48.14532664576145, 7.436041800594404, -11.184650207543891, -1.519813222229428, 24.08851485040624, 44.45308723362215, 44.10685219216262, 23.011018748173708, -4.575724608830192, -21.264120879303185, -18.726072090874986, -6.816803733375949, -1.141163421747219], "sigma": 0.00017320784197272232, "center": 5687.638009541659, "fwhm": 0.07184062268281591, "statistics": {"wv_mean": 5687.633034999999, "wv_std": 0.12091007247133834, "wv_min": 5687.42776, "wv_max": 5687.83831, "wv_kurt": -1.200960384154152, "wv_skew": 2.2566241269770572e-11, "int_mean": 0.3311015360751932, "int_std": 0.36067371805474596, "int_max": 1.3477105571384438, "int_min": 0.06757, "int_kurt": 1.30793498404325, "int_skew": 1.5903322748733173}}