{"x": [5767.9837, 5767.957103469387, 5767.930506938776, 5767.903910408163, 5767.8773138775505, 5767.850717346939, 5767.824120816326, 5767.797524285714, 5767.770927755102, 5767.7443312244895, 5767.717734693877, 5767.691138163265, 5767.664541632653, 5767.637945102041, 5767.611348571429, 5767.584752040816, 5767.558155510204, 5767.531558979592, 5767.504962448979, 5767.478365918368, 5767.451769387755, 5767.425172857143, 5767.398576326531, 5767.371979795918, 5767.345383265306, 5767.318786734694, 5767.292190204082, 5767.265593673469, 5767.238997142857, 5767.212400612245, 5767.185804081632, 5767.159207551021, 5767.132611020408, 5767.106014489796, 5767.079417959184, 5767.052821428571, 5767.026224897959, 5766.999628367347, 5766.973031836735, 5766.946435306123, 5766.9198387755105, 5766.893242244898, 5766.866645714286, 5766.840049183674, 5766.813452653061, 5766.7868561224495, 5766.760259591837, 5766.733663061224, 5766.707066530613, 5766.68047], "y": [0.08795, 0.09815503912911783, 0.10760889257284324, 0.12189011973598698, 0.12752813501109422, 0.14641481379696147, 0.1614439593117386, 0.17735669336714163, 0.2029238565092087, 0.23767258794720908, 0.26457513415344264, 0.3110463660238913, 0.361681967638406, 0.43071034336173736, 0.513542825180479, 0.6189586334061439, 0.743456276514813, 0.908438721829826, 1.0970211484030825, 1.312911434849258, 1.5181623962998119, 1.667102935096817, 1.7439656237173473, 1.7467940220906772, 1.6753729787927936, 1.526111719969749, 1.3354001539001779, 1.1221344200221925, 0.9380041613277151, 0.7787623242503309, 0.6474294943424235, 0.5501773626437411, 0.46297066566779826, 0.39977793328854344, 0.3487014794326824, 0.3039532227098058, 0.2705687317861083, 0.24315795424069525, 0.21961995781133886, 0.19465776186004913, 0.17407288468006152, 0.16024679652546078, 0.1508602710560024, 0.1369908740949879, 0.12617179361233916, 0.11629443662496855, 0.10881700743821325, 0.10119486429818456, 0.09112363402074303, 0.08821], "primeira_derivada": [-0.3836981325790699, -0.36957625901594804, -0.4462063295592855, -0.37447069184375364, -0.4610506238325058, -0.6375986551648105, -0.5816901463753086, -0.7797990234599438, -1.1339053100526535, -1.1590097697769053, -1.379386265577658, -1.825554522528573, -2.2496162955070327, -2.8548997566059744, -3.5389632728182323, -4.322245158354778, -5.442064843826408, -6.646823171015826, -7.60386230291777, -7.917221498528727, -6.658603436051479, -4.244975232123699, -1.4981481636859957, 1.2895036184190318, 4.148704681439955, 6.391300238573148, 7.5945488122597515, 7.4708238899348585, 6.45520464266298, 5.46264231260618, 4.297270289505906, 3.4677235043343084, 2.8274257185300784, 2.148197219812313, 1.8014513241655017, 1.46885224965589, 1.1429172728540176, 0.9578086465081639, 0.9117766728301817, 0.8562596715257766, 0.6469070315199283, 0.43638424053515523, 0.43719842203584436, 0.46412966043046205, 0.389081526682405, 0.3262603387494636, 0.2838635712820855, 0.3326255908246784, 0.2441082351597964, 0.109549401882067], "segunda_derivada": [-0.5309667553578492, 1.1751193772579291, 0.09201261809650499, 0.27906448569301867, 4.946659531626773, 2.2679560034032398, 2.6732879255317084, 10.381338298052254, 7.128951363011543, 4.6149055886477655, 12.530671057685304, 16.359841112765174, 19.35111855546406, 24.239006886198997, 27.585278379435813, 35.777252280841566, 43.70077523577135, 40.640591259508376, 23.882782796774332, -17.77034156545944, -69.0361897177691, -97.01369226741377, -104.04512775109191, -106.1576964188933, -95.91094219322387, -64.77995534599214, -20.294444923810577, 21.4190374341268, 37.752698023240626, 40.56796701406516, 37.50336533300667, 27.632261372980388, 24.806361095445165, 19.28774864150822, 12.771308033827856, 12.380074320684578, 9.607335832653742, 4.3453148719839625, 1.9090643148810311, 4.979402110247241, 7.89342484377423, 3.9424053562216965, -0.5215984802673512, 0.9045709016410793, 2.5918666553128453, 1.9780391084630102, -0.11966320284291276, 0.7473782333137912, 4.19370842378134, 5.059262624811349], "sigma": 0.03798899499424868, "center": 5767.382582446418, "fwhm": 0.3048288638614214, "statistics": {"wv_mean": 5767.332084999999, "wv_std": 0.3838110674622489, "wv_min": 5766.68047, "wv_max": 5767.9837, "wv_kurt": -1.200960384153952, "wv_skew": 7.108918059888497e-12, "int_mean": 0.5395618962068828, "int_std": 0.5225027888593325, "int_max": 1.7467940220906772, "int_min": 0.08795, "int_kurt": -0.04745052650344972, "int_skew": 1.156093075074209}}