{"x": [5786.2938, 5786.28947612245, 5786.285152244898, 5786.280828367348, 5786.276504489796, 5786.272180612245, 5786.267856734694, 5786.263532857143, 5786.259208979593, 5786.254885102041, 5786.25056122449, 5786.246237346939, 5786.241913469388, 5786.237589591837, 5786.233265714286, 5786.228941836735, 5786.224617959184, 5786.220294081633, 5786.215970204082, 5786.211646326531, 5786.2073224489795, 5786.202998571429, 5786.198674693878, 5786.194350816327, 5786.190026938776, 5786.185703061225, 5786.181379183674, 5786.177055306122, 5786.172731428572, 5786.168407551021, 5786.16408367347, 5786.159759795919, 5786.155435918367, 5786.151112040817, 5786.146788163265, 5786.142464285715, 5786.138140408164, 5786.133816530612, 5786.129492653062, 5786.12516877551, 5786.12084489796, 5786.116521020408, 5786.112197142857, 5786.107873265307, 5786.103549387755, 5786.099225510205, 5786.094901632653, 5786.0905777551025, 5786.086253877551, 5786.08193], "y": [0.03668, 0.040990084363386955, 0.0451743236887132, 0.04897552482193117, 0.05259147255598258, 0.056676415489658905, 0.06210246333130903, 0.06936930230352291, 0.07827326712559811, 0.08831017611727641, 0.1001379216987033, 0.11592906774960292, 0.1382039151327352, 0.16787658707120165, 0.20492823762020818, 0.25129206074351024, 0.3131135915895377, 0.3971009783631323, 0.5018975890392522, 0.6111695321826323, 0.6962662636411753, 0.7290933248389144, 0.6996444086167507, 0.6207222338432861, 0.519264970740085, 0.4212149880359889, 0.33929677911011147, 0.2741708444774036, 0.22200127698974695, 0.18079842073257396, 0.1503351949612098, 0.12897844376241333, 0.11295791854524047, 0.09902128105091107, 0.08668435103350106, 0.07762505523514322, 0.07255035677116652, 0.06959560945116812, 0.06591025246864142, 0.06038866366208703, 0.0543338095093089, 0.04957884947143473, 0.04660356888600823, 0.04464020270399881, 0.04310849405423944, 0.04229493290351424, 0.04225279616596133, 0.04197723775876858, 0.04017418194398359, 0.0369], "primeira_derivada": [-0.9968099958696831, -0.9822576597454022, -0.9234119565361342, -0.8576964518114524, -0.8905074874046102, -1.0998219379425977, -1.4677666820921502, -1.869942384460419, -2.1902648247972425, -2.5283619060405025, -3.1937643129350337, -4.401835272192257, -6.007052548069604, -7.715796955292552, -9.64591072428812, -12.510224062904733, -16.86089810556262, -21.830405142051966, -24.75423405152558, -22.476200158934947, -13.636347382990886, -0.39063837215756714, 12.531702125604742, 20.85852753060856, 23.07040884600589, 20.8109722701007, 17.003735862225344, 13.56369378347352, 10.797302034047183, 8.287246942332725, 5.9923039399127855, 4.322194138750657, 3.4641548422167676, 3.038195138658947, 2.4741942345693766, 1.6344119481675816, 0.9285005980287483, 0.7678413905194298, 1.0646631039269447, 1.338664523053123, 1.250013912620427, 0.893901426667015, 0.5710900354605951, 0.40415978372120903, 0.2711998400480679, 0.0989502915112556, 0.03673729667318835, 0.24036460300027332, 0.5871162745452801, 0.7572328091263054], "segunda_derivada": [-3.3655754479338276, -8.487525197735252, -14.403877822884908, -3.8049723590403732, 27.998652051358935, 66.75249100687327, 89.0543773983817, 83.54747957645232, 76.13762344108572, 116.04161730776448, 216.64274069008772, 325.320063056271, 383.2164121145178, 420.7864507291091, 554.4129142730803, 834.3191147330645, 1077.7572871835537, 912.7612718794775, 74.67776425821788, -1285.6384734737899, -2553.9069418402155, -3025.9933592208213, -2457.1886751768884, -1218.6638724021298, 5.499145147612046, 701.5315434007983, 838.0531595772068, 717.69306078263, 610.1522047460619, 555.6353108249118, 458.5066016248639, 292.34744368053776, 148.47772455638315, 114.47602249958173, 162.32920265496352, 178.73929342824906, 100.20757380493569, -15.745416502828506, -66.0082444275236, -21.43340167517894, 51.43104668566244, 78.50868452427862, 56.63222850450179, 34.678386687560334, 35.29349393037399, 27.112532744587746, -16.352719268548682, -63.644144794722855, -59.76906145226862, -39.34351345267446], "sigma": 2.8591288669943538e-08, "center": 5786.202197236613, "fwhm": 0.03950806162741608, "statistics": {"wv_mean": 5786.187865000001, "wv_std": 0.06239731349287368, "wv_min": 5786.08193, "wv_max": 5786.2938, "wv_kurt": -1.2009603841524683, "wv_skew": -2.1863767588990688e-11, "int_mean": 0.18898354444705262, "int_std": 0.20154497694169404, "int_max": 0.7290933248389144, "int_min": 0.03668, "int_kurt": 0.9019600403536105, "int_skew": 1.4781895041506252}}