{"x": [5735.33436, 5735.324367142857, 5735.314374285714, 5735.304381428571, 5735.2943885714285, 5735.284395714286, 5735.274402857142, 5735.26441, 5735.254417142857, 5735.244424285715, 5735.234431428571, 5735.224438571428, 5735.214445714286, 5735.204452857143, 5735.19446, 5735.184467142857, 5735.1744742857145, 5735.164481428571, 5735.154488571428, 5735.144495714286, 5735.134502857143, 5735.12451, 5735.114517142857, 5735.104524285714, 5735.094531428572, 5735.084538571428, 5735.074545714286, 5735.064552857143, 5735.0545600000005, 5735.044567142857, 5735.034574285714, 5735.024581428572, 5735.014588571429, 5735.004595714286, 5734.994602857143, 5734.98461, 5734.974617142857, 5734.964624285714, 5734.954631428572, 5734.944638571429, 5734.934645714286, 5734.924652857143, 5734.91466, 5734.904667142858, 5734.894674285714, 5734.884681428572, 5734.874688571429, 5734.864695714286, 5734.854702857143, 5734.84471], "y": [0.05174, 0.05272285065391222, 0.05375905814508698, 0.05530140086937512, 0.057417256092018906, 0.05967929168735588, 0.06179311506299289, 0.06452502322018573, 0.0694378385897949, 0.07724098671366973, 0.08649781811401452, 0.09443307648408888, 0.0998697793020164, 0.10544578033948125, 0.11647077066931359, 0.13696580796113247, 0.1668156356582381, 0.20373797739341284, 0.24943948881618044, 0.3146086790402107, 0.41659449190554976, 0.5686952849548041, 0.7630942567894374, 0.948754941692444, 1.0314277010200035, 0.9541499683309846, 0.7725524947988223, 0.5798534730553805, 0.4268740603889006, 0.32260007198950463, 0.2549530106074942, 0.20825096375571842, 0.1723808793481685, 0.14445272386711258, 0.12469248769888103, 0.11199396912781698, 0.10303448391386535, 0.09471705020760399, 0.08634136886006245, 0.07907844330980034, 0.07370159749959874, 0.06931427737996732, 0.06454901891443922, 0.0594198749189823, 0.05563533893199989, 0.05464149959669828, 0.05582267524646641, 0.05674319764288219, 0.0553749866475408, 0.05205], "primeira_derivada": [-0.09835531919311319, -0.10102506801515783, -0.1290196676759982, -0.18304064066595038, -0.21905100590875498, -0.2189493409306154, -0.24245976218096532, -0.38250939734780354, -0.6362526408622091, -0.8536086966912189, -0.8602189305967071, -0.6690759708246141, -0.5510287847725678, -0.8306428846941385, -1.5771279009796857, -2.5190425656277373, -3.3409948964719702, -4.134145618969257, -5.547497580751055, -8.363724243423627, -12.713411303544493, -17.33737208104174, -19.016566098858334, -13.426262399293256, -0.26994414917093723, 12.953012462554005, 18.728202051429722, 17.296276203932887, 12.87186424177555, 8.602196915263024, 5.72154222770981, 4.131557675695449, 3.192192131602084, 2.3861239566705024, 1.6240978068675798, 1.0836742422588799, 0.8644634198643608, 0.8352523615407749, 0.7824892658139693, 0.632440311089644, 0.4885572659573766, 0.4579560407271294, 0.49507374716679226, 0.44600257237886026, 0.2390895443552957, -0.009373511088624428, -0.1051600166094123, 0.022400430253147693, 0.23482761615085923, 0.33273633357212334], "segunda_derivada": [0.2671657148646424, 1.5343133622288545, 4.10370985378011, 4.504784615047334, 1.7967183835523, 1.1712744381853466, 8.183848426711673, 19.70371801885577, 23.57180196916877, 11.206319000067955, -9.233231458469513, -15.470557689945107, 8.084120065154172, 51.341628401024415, 84.48032713576923, 88.25639005543975, 80.81287614839192, 110.40399420756643, 211.6300955820158, 358.55179457336385, 449.0031083777376, 315.3830133402209, -195.69526642549553, -938.0010982924005, -1319.9065334464924, -950.5863002251035, -217.31841451333509, 293.0261949150005, 435.0146892026281, 357.7716518759059, 223.69174179956266, 126.55790331092679, 87.33406742620019, 78.46075963486513, 65.16903503295414, 38.00886854120135, 12.429972587500103, 4.101637443653676, 10.147850987802455, 14.707105067578128, 8.730449553343023, -0.32605695830632647, 0.5981006321657265, 12.808358968148147, 22.78507922950231, 17.224781463999026, -1.5898326618869885, -17.011532732475743, -15.527886513141663, -9.797870221101615], "sigma": 9.697227658200802e-06, "center": 5735.093896635467, "fwhm": 0.0704876812317011, "statistics": {"wv_mean": 5735.089534999999, "wv_std": 0.14420561925581865, "wv_min": 5734.84471, "wv_max": 5735.33436, "wv_kurt": -1.2009603841536651, "wv_skew": 1.8920802490842596e-11, "int_mean": 0.21879292454426824, "int_std": 0.2597441624662791, "int_max": 1.0314277010200035, "int_min": 0.05174, "int_kurt": 2.470835296988854, "int_skew": 1.8971723495555903}}