{"x": [5525.30637, 5525.292822040817, 5525.279274081633, 5525.265726122449, 5525.252178163266, 5525.238630204082, 5525.225082244899, 5525.211534285714, 5525.197986326531, 5525.184438367347, 5525.170890408163, 5525.15734244898, 5525.143794489796, 5525.130246530613, 5525.116698571429, 5525.103150612245, 5525.089602653062, 5525.076054693878, 5525.062506734695, 5525.04895877551, 5525.0354108163265, 5525.021862857143, 5525.008314897959, 5524.994766938776, 5524.981218979592, 5524.9676710204085, 5524.954123061225, 5524.940575102041, 5524.927027142858, 5524.913479183674, 5524.8999312244905, 5524.886383265306, 5524.872835306122, 5524.859287346939, 5524.845739387755, 5524.832191428572, 5524.818643469388, 5524.805095510204, 5524.791547551021, 5524.777999591837, 5524.764451632654, 5524.75090367347, 5524.737355714286, 5524.723807755102, 5524.710259795918, 5524.696711836735, 5524.683163877551, 5524.6696159183675, 5524.656067959184, 5524.64252], "y": [0.07171, 0.07579632793466168, 0.08215315148615507, 0.09123717262767128, 0.10081355058307147, 0.1111945851771592, 0.1234428420598708, 0.1389069257516337, 0.1556686526476802, 0.17479702446000653, 0.1979012424647552, 0.22466650657784537, 0.2651125815813926, 0.3038676079266445, 0.36361263906250824, 0.4264055238229964, 0.5112174486226804, 0.6148020310938203, 0.7474862072410599, 0.9019178353366196, 1.0746994034441135, 1.2510891011204774, 1.3773332392625128, 1.4337758075915117, 1.3888720734406952, 1.2681404851348963, 1.1038161803023965, 0.9323623551328181, 0.7817223306331882, 0.6476059266960068, 0.5456529798996025, 0.4579502639846015, 0.39002591836787415, 0.3343699112310849, 0.29052616030153794, 0.25146444740740315, 0.2242014589882924, 0.1973801200466314, 0.17585638117424585, 0.15777857213346286, 0.14545295354634138, 0.1312056349974904, 0.11727592184690665, 0.10966912299630413, 0.10122466815181713, 0.09455190598128463, 0.08851340660877939, 0.08102284722230295, 0.07539956343308508, 0.07215], "primeira_derivada": [-0.3016194453559486, -0.38541419207989097, -0.5698586954596053, -0.6886793370144134, -0.7365468215187151, -0.8351549916166243, -1.0227496332840955, -1.189323430563021, -1.324557382481089, -1.558632899787823, -1.840479493701756, -2.480496811579213, -2.922990107790122, -3.6352359844857727, -4.522375445473337, -5.447492406785447, -6.952947846894775, -8.719717686499651, -10.596275067789351, -12.076106510131403, -12.886489435493774, -11.168982417100862, -6.74222235228661, -0.42585137812315244, 6.112925209324182, 10.520252138175076, 12.392203336743389, 11.887172278285613, 10.509200115599972, 8.712358353551734, 6.9994181461166685, 5.743561056595266, 4.560847544593137, 3.6721308618496984, 3.059703040885148, 2.44777462104939, 1.9960322668469477, 1.7842199389181144, 1.461531857916813, 1.1220666971271236, 0.9806988925735931, 1.039899490306585, 0.7948249514413124, 0.5923864058427368, 0.5579149158244437, 0.469120897501202, 0.4993024622985794, 0.4839785460666027, 0.3274606566960043, 0.23985630522265985], "segunda_derivada": [6.185045702336713, 9.899618328803921, 11.19228146559842, 6.151779902795986, 5.4058198957208905, 10.562580233925111, 13.070914745716916, 11.138494923732253, 13.629708512553202, 19.04058405509874, 34.02224273407525, 39.951058289242845, 42.616720247600405, 59.02679938760072, 66.8830042126855, 89.70252893750023, 120.76450908103949, 134.46037043370976, 123.87064273055569, 84.52248551207344, -33.47825605087448, -226.75987578431963, -396.48521572106876, -474.4311444772652, -403.97610326250225, -231.7425835996599, -50.44745564946322, 69.49398044478828, 117.16945267216495, 129.53175906126938, 109.56621793085843, 89.99770992793032, 76.44805267989953, 55.401130287041035, 45.186002711118405, 39.25575651740936, 24.489101020271928, 19.726233364256704, 24.437379564616023, 17.745586579762026, 3.0324569814182363, 6.859850203760552, 16.515885469696187, 8.743384608648098, 4.549227919536879, 2.163146963006309, -0.548335301430082, 6.341981226612524, 9.009557732485012, 6.466239696042746], "sigma": 1.0630879576645214e-07, "center": 5524.9927755630615, "fwhm": 0.1456580333927505, "statistics": {"wv_mean": 5524.974445000001, "wv_std": 0.1955088335404731, "wv_min": 5524.64252, "wv_max": 5525.30637, "wv_kurt": -1.2009603841531866, "wv_skew": -6.97791793046111e-12, "int_mean": 0.419675979950718, "int_std": 0.41012725669326094, "int_max": 1.4337758075915117, "int_min": 0.07171, "int_kurt": 0.2199253596350168, "int_skew": 1.2354750644877295}}