{"x": [5795.91919, 5795.912541020408, 5795.905892040816, 5795.899243061224, 5795.8925940816325, 5795.885945102041, 5795.879296122449, 5795.872647142857, 5795.865998163265, 5795.859349183673, 5795.852700204081, 5795.846051224489, 5795.839402244897, 5795.832753265306, 5795.826104285714, 5795.819455306122, 5795.81280632653, 5795.806157346939, 5795.799508367347, 5795.792859387755, 5795.786210408163, 5795.7795614285715, 5795.77291244898, 5795.766263469388, 5795.759614489796, 5795.7529655102035, 5795.746316530612, 5795.73966755102, 5795.733018571428, 5795.726369591836, 5795.719720612245, 5795.713071632653, 5795.706422653061, 5795.699773673469, 5795.6931246938775, 5795.686475714286, 5795.679826734694, 5795.673177755102, 5795.66652877551, 5795.659879795919, 5795.653230816327, 5795.646581836734, 5795.639932857142, 5795.633283877551, 5795.626634897959, 5795.619985918367, 5795.613336938775, 5795.606687959184, 5795.600038979592, 5795.59339], "y": [0.02111, 0.022339401512843884, 0.02339230246412452, 0.025220745531589293, 0.02746575842396934, 0.028495399808059995, 0.028761317639343142, 0.030532898808832944, 0.0348049868995858, 0.04064718616375475, 0.04631400816139108, 0.05095804663337382, 0.05630348160196106, 0.06401162481454913, 0.07248555692609536, 0.08084362960842202, 0.09282279600789474, 0.11054582306445561, 0.1312388137593099, 0.15568330869649358, 0.19009163242436444, 0.23615021974622394, 0.28882283554714105, 0.34322729947484804, 0.3918204522544185, 0.4193139490836768, 0.41287216650299113, 0.37583356991493116, 0.3241422459401865, 0.2723204474179015, 0.22646066677659912, 0.1868566597507896, 0.15350057491825755, 0.1281780349226423, 0.11027270865046235, 0.09530774297738216, 0.08031409375905904, 0.06754728424494047, 0.06031206068093213, 0.057143350779065294, 0.052648507604695305, 0.04486701297251581, 0.03872575945573381, 0.03765831756561969, 0.03665429657982049, 0.03169990649867517, 0.027872575381101394, 0.028257881975274405, 0.026796350202371116, 0.02155], "primeira_derivada": [-0.1849007800181877, -0.1716280244677247, -0.21667565518703696, -0.30632188771378477, -0.24625239341405264, -0.09742541674942082, -0.15321892424620612, -0.4544809603356631, -0.7605894419306403, -0.865472746769911, -0.775371643671208, -0.7512034969192809, -0.9816226686367374, -1.2168841173882023, -1.2657584943334068, -1.5293503913715252, -2.2335903612024923, -2.8888656688724965, -3.3943167525951217, -4.4257030611037615, -6.051072193791344, -7.424537988125004, -8.05214381024046, -7.745370194451797, -5.721678684182358, -1.5830785729271915, 3.2697031603574, 6.67244645122613, 7.784135976677239, 7.34560678186232, 6.426834861461746, 5.486563077183666, 4.412603770114603, 3.250714314214537, 2.4718298117451307, 2.2528731272142117, 2.0875728635706454, 1.5041430645143923, 0.782370687281694, 0.5762954277765353, 0.9231745741030197, 1.0469838232949185, 0.5420903544218586, 0.1557729909771667, 0.4480695860697811, 0.6603811214569445, 0.25883855378798054, 0.08093160490835968, 0.504429430312438, 0.7890459174912203], "segunda_derivada": [-1.9962093983391545, 2.389455008116149, 10.128912368201304, 2.224156189591172, -15.708912027856938, -6.996071192860669, 26.85040152838082, 45.67396465135279, 30.90638050044983, 1.1116143113032508, -8.592991471354122, 15.509975787918123, 35.01895396438774, 21.366874553820985, 23.497310351947558, 72.78048108814926, 102.23488121268223, 87.28605460218228, 115.56941715784393, 199.78670445036536, 225.510913789816, 150.47960283447367, 24.12642435568292, -175.24983299253762, -463.40130361715404, -676.1474990124658, -620.8114275435477, -339.4831307578031, -50.62132627607164, 102.06837729618518, 139.79917361897472, 151.46918888421195, 168.13472895416442, 145.94524855895068, 75.03716722449792, 28.895933794858166, 56.30413301510359, 98.15056267459998, 69.77368661846094, -10.588383140440216, -35.39553618637755, 28.657346168321197, 67.01861691833464, 7.070315606654071, -37.946283599977335, 14.230080696588049, 43.57431907788796, -18.46831330542255, -53.24984855262663, -42.806040122447854], "sigma": 5.771601443438357e-07, "center": 5795.750341677858, "fwhm": 0.06795395038766525, "statistics": {"wv_mean": 5795.756290000001, "wv_std": 0.09595055805895945, "wv_min": 5795.59339, "wv_max": 5795.91919, "wv_kurt": -1.2009603841524743, "wv_skew": -4.2654529629607677e-11, "int_mean": 0.11822391381057341, "int_std": 0.1172299738500869, "int_max": 0.4193139490836768, "int_min": 0.02111, "int_kurt": 0.5176403789416453, "int_skew": 1.3364395669120288}}