{"x": [5767.48934, 5767.485208367347, 5767.481076734694, 5767.476945102041, 5767.472813469388, 5767.4686818367345, 5767.464550204082, 5767.460418571429, 5767.4562869387755, 5767.452155306122, 5767.44802367347, 5767.4438920408165, 5767.439760408163, 5767.43562877551, 5767.431497142858, 5767.427365510204, 5767.423233877551, 5767.419102244899, 5767.414970612245, 5767.410838979592, 5767.406707346939, 5767.402575714286, 5767.398444081633, 5767.39431244898, 5767.390180816326, 5767.386049183674, 5767.381917551021, 5767.377785918367, 5767.373654285714, 5767.369522653062, 5767.365391020408, 5767.361259387755, 5767.357127755102, 5767.352996122449, 5767.348864489796, 5767.344732857143, 5767.3406012244905, 5767.336469591837, 5767.332337959184, 5767.328206326531, 5767.324074693878, 5767.319943061225, 5767.315811428572, 5767.311679795918, 5767.307548163266, 5767.303416530613, 5767.299284897959, 5767.295153265306, 5767.291021632654, 5767.28689], "y": [0.08893, 0.09489776173653952, 0.10275321320061301, 0.11292242192202671, 0.1256793726672382, 0.14164368295073873, 0.1610143757388745, 0.1830012011265614, 0.20654192497807292, 0.23279580496304914, 0.26557050003159965, 0.3087949338650129, 0.3643759940775286, 0.4323207407762246, 0.5153234940065582, 0.6210476019878532, 0.7605399796061371, 0.9382600232079518, 1.1436810464995106, 1.351420737395233, 1.5325702706347373, 1.6652203949322948, 1.7390339027744324, 1.752026249175939, 1.7030426839590265, 1.5922568243890929, 1.4272373232053748, 1.228085237757373, 1.0234710399804963, 0.8416675414486358, 0.6956093558403369, 0.5834079346879906, 0.4946440764992216, 0.420966046134605, 0.35909600127184277, 0.3091550608259311, 0.27068721190990935, 0.240305774120374, 0.21448880094397144, 0.1916296249278054, 0.17203884574913528, 0.15590534722466143, 0.14238234931742766, 0.13040997702760943, 0.11986954812475209, 0.11151966426403276, 0.10564502729254989, 0.10100473724664472, 0.09562955107999326, 0.08856], "primeira_derivada": [-1.4444076318779397, -1.6728511900859357, -2.181299948469989, -2.7744673099538018, -3.475776217155559, -4.2761549780231745, -5.004984911638167, -5.509631792030017, -6.0260202219020895, -7.143492659361582, -9.19722725708278, -11.957197352366586, -14.948788684373213, -18.26729438605315, -22.839259569913555, -29.675494674465774, -38.38826535096416, -46.366787549435436, -49.9996912670222, -47.06241536560813, -37.975261101822085, -24.985719870039855, -10.505030520362952, 4.355568589414383, 19.334901988068047, 33.37728495342648, 44.07114779928938, 48.86280038746832, 46.76331716504743, 39.67701290124949, 31.25394104852269, 24.320322764017444, 19.65831696600666, 16.403693965157313, 13.531089848879319, 10.699013778620479, 8.331970977402806, 6.80099317652073, 5.890667597676605, 5.137188947040704, 4.323264034444221, 3.588956100445655, 3.085386859925903, 2.724443710791155, 2.2860590898101307, 1.7214164503284473, 1.2724905503149053, 1.2120482451004766, 1.5060314278038602, 1.711079293157963], "segunda_derivada": [55.29135268733368, 89.1768918619822, 133.31486756328744, 156.65432739431992, 181.73054021038513, 185.06106701309838, 149.27232375778226, 123.56317658697648, 197.72581500286847, 383.7716590073032, 582.5426771294078, 696.0397874069896, 763.6323898071943, 954.8853381375345, 1380.5922799746338, 1881.702354230287, 2019.9391230345523, 1405.1861445218083, 84.18316372069619, -1455.1669006200555, -2671.667274240438, -3324.379596351092, -3550.810408572276, -3611.1550823150815, -3512.1365816539046, -2993.5194981818536, -1874.0189089271219, -325.799700949838, 1111.6413604556292, 1876.9064701156626, 1858.4287890374746, 1403.2738454204587, 958.0509043334775, 741.5019233269684, 690.3663352044833, 629.1845510392643, 471.72884542595966, 295.4405176580208, 201.34948688528522, 189.68331588649383, 187.36332301102084, 149.8048445243853, 104.62115853456243, 96.7326765565338, 121.38388679986987, 122.65956639274285, 61.642484699286435, -28.262541362220084, -60.39150742432137, -49.62877452099577], "sigma": 0.009076960436135817, "center": 5767.39472916392, "fwhm": 0.0499698996276228, "statistics": {"wv_mean": 5767.388115, "wv_std": 0.05962305242183113, "wv_min": 5767.28689, "wv_max": 5767.48934, "wv_kurt": -1.2009603841536527, "wv_skew": 2.2881107359783133e-11, "int_mean": 0.5531816242696705, "int_std": 0.537676424441094, "int_max": 1.752026249175939, "int_min": 0.08856, "int_kurt": -0.24337930861477242, "int_skew": 1.0947905727579295}}