{"x": [5739.48132, 5739.4715577551015, 5739.461795510204, 5739.4520332653055, 5739.442271020408, 5739.43250877551, 5739.422746530612, 5739.412984285714, 5739.403222040816, 5739.393459795918, 5739.38369755102, 5739.373935306122, 5739.364173061224, 5739.354410816326, 5739.3446485714285, 5739.33488632653, 5739.325124081633, 5739.315361836734, 5739.305599591837, 5739.295837346938, 5739.286075102041, 5739.276312857142, 5739.266550612245, 5739.256788367346, 5739.247026122449, 5739.2372638775505, 5739.227501632653, 5739.217739387755, 5739.207977142857, 5739.198214897959, 5739.188452653061, 5739.178690408163, 5739.168928163265, 5739.159165918367, 5739.149403673469, 5739.139641428571, 5739.129879183673, 5739.120116938775, 5739.1103546938775, 5739.100592448979, 5739.090830204082, 5739.081067959183, 5739.071305714286, 5739.061543469387, 5739.05178122449, 5739.042018979591, 5739.032256734694, 5739.0224944897955, 5739.012732244898, 5739.00297], "y": [0.24133, 0.2515904891319108, 0.26232707261906574, 0.2749478723181252, 0.29043407775884456, 0.30891742231604874, 0.33011840007653054, 0.35424211637185754, 0.3822597315315294, 0.4153697972591347, 0.45449749626055963, 0.5003354745764718, 0.5539339792389525, 0.6172410944549721, 0.6936014580225203, 0.787119591746061, 0.9021448473125974, 1.043054441603412, 1.213405546396655, 1.4139958509317734, 1.6406491273253907, 1.8810358341108568, 2.111104900037102, 2.29492614354056, 2.39307446221361, 2.377696387070556, 2.250502946495636, 2.0431205549750278, 1.7992431617949134, 1.5562554593528102, 1.3366960358647912, 1.1497717942207684, 0.995744711093928, 0.8698471818360249, 0.7655141901524694, 0.6779873419570417, 0.6045165003805585, 0.5436170909810308, 0.49364055583023536, 0.45210641258570405, 0.41628860479636093, 0.3844783993191244, 0.3565115224338858, 0.3328248535877628, 0.3131782008805517, 0.2963672349124052, 0.28088010101427285, 0.2661182282567354, 0.25271987920170486, 0.24166], "primeira_derivada": [-1.0510378748622395, -1.0754223459125267, -1.1963120896047146, -1.4395769330506467, -1.7398431586691, -2.03254081066914, -2.3214278339450853, -2.6705605114410704, -3.130820908829761, -3.699854156708986, -4.3517489166412675, -5.092910699218811, -5.987640194468638, -7.153450883659212, -8.700790600256848, -10.681118506550312, -13.108401424703422, -15.942065699930142, -18.998776060515187, -21.882445349131388, -23.920726639261627, -24.09567561710087, -21.198521126854008, -14.441840228549001, -4.239303786945693, 7.302189056321425, 17.13621383159354, 23.11250073203899, 24.936123848119, 23.69061270051472, 20.819169636746853, 17.462752078788597, 14.33710254714783, 11.791884108011587, 9.826625017322936, 8.245935819824266, 6.8821389127484105, 5.678813925961512, 4.6869689990303, 3.9617911577933786, 3.4637531619769466, 3.0616463214822986, 2.64557723511805, 2.2194342595526018, 1.8672763824532579, 1.6542352811206376, 1.5492853832217415, 1.4423025701016248, 1.2526948725623246, 1.1329237605486504], "segunda_derivada": [2.4978343919907045, 7.440615158757502, 18.65117045026963, 27.83842624037051, 30.370262363660945, 29.787445477716506, 32.67791924096738, 41.455274035079334, 52.71808154922359, 62.53315812980122, 71.34919053308333, 83.78663385968848, 105.53618588649356, 138.96139843593613, 180.67911939135894, 225.7478105967843, 269.4537602965245, 301.69160359031946, 304.2527467450024, 252.09112402910438, 113.35662499272027, -139.4251804202062, -494.4475112774915, -868.6125741149198, -1113.679768954692, -1094.8054388091568, -809.7682367621835, -399.493666572443, -29.609581326767948, 210.86103936165208, 318.97686888749536, 331.9967465145212, 290.44897101301615, 231.01640949250833, 181.61541352694482, 150.80988724176103, 131.48214988952728, 112.43161468821786, 87.94200443217566, 62.65033554471762, 46.10337303152029, 41.90511175509285, 43.13618797383389, 39.86280106677712, 28.948207320136014, 16.286776379584754, 10.854711863629749, 15.190691985278104, 15.845679594543803, 12.268808379634836], "sigma": 2.4514235394956785e-06, "center": 5739.243135114526, "fwhm": 0.13274425252611213}