{"x": [5597.99309, 5597.984788163265, 5597.976486326531, 5597.968184489796, 5597.959882653061, 5597.951580816327, 5597.943278979592, 5597.934977142857, 5597.926675306122, 5597.918373469388, 5597.910071632653, 5597.901769795918, 5597.893467959184, 5597.885166122449, 5597.876864285714, 5597.86856244898, 5597.860260612245, 5597.85195877551, 5597.843656938776, 5597.835355102041, 5597.827053265306, 5597.818751428571, 5597.810449591837, 5597.802147755102, 5597.793845918367, 5597.785544081633, 5597.777242244898, 5597.768940408163, 5597.760638571429, 5597.752336734694, 5597.744034897959, 5597.735733061224, 5597.72743122449, 5597.719129387755, 5597.71082755102, 5597.702525714286, 5597.694223877551, 5597.685922040816, 5597.677620204082, 5597.669318367347, 5597.661016530612, 5597.652714693878, 5597.644412857143, 5597.636111020408, 5597.627809183673, 5597.619507346939, 5597.611205510204, 5597.602903673469, 5597.594601836735, 5597.5863], "y": [0.05747, 0.06618326771405213, 0.06628491179083643, 0.06946003984547697, 0.07722750778539857, 0.08227998351222779, 0.08871039136516076, 0.10257503273551916, 0.11803967609145358, 0.12918025971090635, 0.1464175879261773, 0.17359213848625107, 0.2015331808127625, 0.23630109911117056, 0.2867524170059678, 0.35096150376810087, 0.43172693198655776, 0.5367682795473597, 0.6713942279316216, 0.826979777674688, 0.979648663377983, 1.0943914082895965, 1.130639950251848, 1.0726457681478068, 0.9473002587195075, 0.7953625423064776, 0.6517046646574252, 0.5300797596696651, 0.430912316849407, 0.3574739498365449, 0.3019103908647094, 0.25460432837652985, 0.22065689222871107, 0.1951095842601861, 0.17110402065859812, 0.15332934013942456, 0.138153897301267, 0.12326409836507904, 0.11245769834921739, 0.1034217880334423, 0.09651792324832349, 0.09173367198079341, 0.08372369318927614, 0.07554289925301766, 0.07260538985131278, 0.06933859834915516, 0.06330677929045937, 0.06272980480375323, 0.06403889797523292, 0.05697], "primeira_derivada": [-1.0495590303946378, -0.5309012976722118, -0.1973522388003972, -0.6590466871304134, -0.7721148991913903, -0.6915869311196161, -1.222322834764773, -1.7664334810837876, -1.6023699228369177, -1.709134541078927, -2.6748224635793707, -3.3194818598048523, -3.7768124470688966, -5.132553127322464, -6.905725101783361, -8.731472300449587, -11.190702835465876, -14.434594633050885, -17.47875243804063, -18.565435896119766, -16.105570318457985, -9.09384824722402, 1.3096884964850721, 11.042116183759907, 16.70011316221353, 17.803023807553835, 15.977354837591687, 13.29780112935748, 10.395639865781503, 7.769481025883356, 6.195594104294207, 4.893706130003778, 3.58322778554384, 2.9844523056787278, 2.516325329974672, 1.9845080318389265, 1.8107584341964174, 1.5476213140406259, 1.1950554417154415, 0.9600149707682161, 0.70394759776784, 0.7705662293894081, 0.9751319644465248, 0.6696291250300312, 0.3736703757414375, 0.5600333310694626, 0.39803201125130144, -0.0440937775690967, 0.3468994264729987, 0.8514860266348632], "segunda_derivada": [-62.47505814436566, -51.32640034047622, 7.717893856271331, 34.61659622681739, 1.959821966499665, 27.114959614990855, 64.73546663693551, 22.889337637245898, -3.450979695048799, 64.59128112477721, 96.9874119507902, 66.37025147143926, 109.1969961285304, 188.44701206502947, 216.75439352857032, 258.0740787075671, 343.48557522074174, 378.71436187308757, 248.7908034792816, -82.70351269364151, -570.4513321127927, -1048.8798667006724, -1212.7415338862397, -926.9288927891562, -407.1934825990538, 43.5300252061536, 271.33891101577905, 336.17349692041057, 332.9576502322883, 252.95882679757997, 173.20112329872074, 157.33664743662152, 114.98984413814787, 64.25701261232561, 60.2242796273149, 42.49462608946721, 26.3126541598844, 37.08233564272542, 35.39014088468199, 29.57826440254847, 11.41004981410401, -16.332793293268967, 6.079203168027219, 36.22460955967555, 6.600695572877791, -1.4672437129829692, 36.385147523656656, 3.0795946977433633, -53.93865435104848, -60.78011604784315], "sigma": 0.0001783108357800156, "center": 5597.810063712688, "fwhm": 0.07961707602072285, "statistics": {"wv_mean": 5597.789695, "wv_std": 0.11980272410323026, "wv_min": 5597.5863, "wv_max": 5597.99309, "wv_kurt": -1.200960384153892, "wv_skew": -1.138732676739721e-11, "int_mean": 0.30441034386852883, "int_std": 0.31471884818453844, "int_max": 1.130639950251848, "int_min": 0.05697, "int_kurt": 0.6979636454996352, "int_skew": 1.4062397973793956}}