{"x": [5521.30913, 5521.3029804081625, 5521.296830816326, 5521.290681224489, 5521.284531632653, 5521.278382040816, 5521.27223244898, 5521.2660828571425, 5521.259933265306, 5521.253783673469, 5521.247634081632, 5521.241484489796, 5521.235334897959, 5521.229185306122, 5521.223035714285, 5521.216886122449, 5521.210736530612, 5521.204586938776, 5521.198437346939, 5521.192287755102, 5521.186138163265, 5521.179988571428, 5521.173838979592, 5521.167689387755, 5521.1615397959185, 5521.155390204081, 5521.149240612245, 5521.143091020408, 5521.136941428572, 5521.130791836735, 5521.124642244898, 5521.118492653061, 5521.112343061224, 5521.106193469388, 5521.100043877551, 5521.093894285715, 5521.0877446938775, 5521.081595102041, 5521.075445510204, 5521.069295918368, 5521.063146326531, 5521.056996734694, 5521.0508471428575, 5521.04469755102, 5521.038547959184, 5521.032398367347, 5521.026248775511, 5521.020099183674, 5521.013949591837, 5521.0078], "y": [0.04087, 0.04974847687794575, 0.051890687981990286, 0.049642827391294546, 0.05397251869534456, 0.06184356970877634, 0.06351914022995138, 0.06372017072050867, 0.07196003334254399, 0.08344554943933447, 0.09137261607142647, 0.10250873637966532, 0.12229965718796905, 0.1432543604047193, 0.16251605191199164, 0.19126087958246624, 0.23682880571592196, 0.29621613371620564, 0.37149137542771504, 0.4709911388628813, 0.5914314692635491, 0.7104543210263791, 0.7946570433345834, 0.8092976878775909, 0.7429239224615449, 0.6291487935615212, 0.5216468513612648, 0.44100571263004906, 0.3688925786891629, 0.29365125239735146, 0.22968860825590665, 0.18836759679296333, 0.16066359736550542, 0.13650151452794068, 0.11805842766467173, 0.10813050390498023, 0.101619658206866, 0.09285395931978152, 0.08215904084581956, 0.07361423760002325, 0.06982404877476092, 0.06809212397498937, 0.06313391656730256, 0.05534972603644127, 0.051227724180707576, 0.05253245498792716, 0.052995845290770886, 0.04888353060387288, 0.04382814429218162, 0.04093], "primeira_derivada": [-1.4437505956639847, -0.8960503619334425, 0.008589959257225785, -0.16926576337463495, -0.9919961065318055, -0.7761996070758168, -0.1525793143327652, -0.6862970207431803, -1.603795767484024, -1.5783635111907368, -1.549955464250742, -2.514560473111565, -3.3128722285321452, -3.2698426002993237, -3.903228088362622, -6.042088302572292, -8.533513842968764, -10.948903056354213, -14.210293120948643, -17.882495267748524, -19.46984356894191, -16.523501028072424, -8.03657945733378, 4.2062239451825105, 14.64722367765207, 17.99119982082738, 15.297200686510383, 12.41987084094885, 11.98083256143238, 11.318147132366356, 8.560214921623304, 5.612161971364877, 4.217034531926757, 3.464064838152988, 2.30673932323145, 1.3365740275451548, 1.2420779289849364, 1.5822690251561524, 1.5643088379474004, 1.0029114450731549, 0.4489821252601781, 0.5439492884357139, 1.0360360717402297, 0.9680473682488688, 0.22906162907533603, -0.14375922476014666, 0.2966802091069751, 0.7453910147268276, 0.6466714226820837, 0.47127425184278915], "segunda_derivada": [-89.06285949316242, -118.08430490133026, -59.092100570354845, 81.3538599278902, 49.34749003028064, -68.24979726239582, -7.3096384866131725, 117.99290844772761, 72.53054463936216, -4.3775509545374565, 76.11862598242703, 143.33607913356462, 61.4091265930414, 47.99959700656495, 225.40078885724077, 376.47098194325343, 398.9545065835909, 461.55740321862413, 563.7440984330233, 427.6341087083796, -110.49466986336627, -929.595363014437, -1685.455354095894, -1844.3340417900363, -1120.8041315388582, -52.84716661860583, 452.98363922729123, 269.64132036374133, 89.57697826481011, 278.1174531906721, 463.9320228517048, 353.1275330986183, 174.65363476655585, 155.3188617578502, 172.97821279129846, 86.5635819841862, -19.976528860479696, -26.199373675563734, 47.10536857323312, 90.6829869614852, 37.316473092277, -47.7311309491322, -34.48180717327837, 65.61203280617052, 90.39677937473013, -5.497810409821023, -72.29343532885554, -28.45645880819722, 22.287394851905415, 28.52175810763612], "sigma": 3.1501739616857094e-07, "center": 5521.168134999986, "fwhm": 0.0568184111101129, "statistics": {"wv_mean": 5521.158465000001, "wv_std": 0.08874395844028982, "wv_min": 5521.0078, "wv_max": 5521.30913, "wv_kurt": -1.2009603841545173, "wv_skew": -4.611840737841395e-11, "int_mean": 0.2104183404289012, "int_std": 0.22096653381912104, "int_max": 0.8092976878775909, "int_min": 0.04087, "int_kurt": 0.9525590458857915, "int_skew": 1.4847983854639144}}