{"x": [5706.93371, 5706.896659591837, 5706.8596091836735, 5706.8225587755105, 5706.785508367348, 5706.748457959184, 5706.711407551021, 5706.674357142857, 5706.637306734694, 5706.600256326531, 5706.563205918367, 5706.526155510204, 5706.489105102041, 5706.4520546938775, 5706.4150042857145, 5706.377953877551, 5706.340903469388, 5706.303853061225, 5706.266802653061, 5706.229752244898, 5706.192701836735, 5706.155651428571, 5706.118601020408, 5706.081550612245, 5706.0445002040815, 5706.007449795919, 5705.970399387755, 5705.933348979592, 5705.896298571429, 5705.859248163265, 5705.822197755102, 5705.785147346939, 5705.748096938775, 5705.711046530612, 5705.673996122449, 5705.6369457142855, 5705.599895306123, 5705.562844897959, 5705.525794489796, 5705.488744081633, 5705.451693673469, 5705.414643265306, 5705.377592857143, 5705.340542448979, 5705.303492040816, 5705.2664416326525, 5705.2293912244895, 5705.192340816327, 5705.155290408163, 5705.11824], "y": [0.08793, 0.09830344836000214, 0.10782150557187911, 0.11563880656700747, 0.12672347551251817, 0.13933424061620658, 0.15838214212832982, 0.17446696753218877, 0.19403470825367605, 0.22838892080275, 0.2574574099651134, 0.297675426354437, 0.3428627022367364, 0.40900577302194074, 0.4819280159126879, 0.5795298439589773, 0.7032274693928595, 0.8501079500572246, 1.0368930491859027, 1.2509030191183903, 1.4577125071976602, 1.6325080787669288, 1.7310592568340535, 1.7562095994914977, 1.699406195925402, 1.5769210213076805, 1.3865808599331484, 1.1802098322643269, 0.9837884886259343, 0.8153491864305709, 0.6782269464828119, 0.5711768193420977, 0.4834311909810895, 0.41438895488398614, 0.35765232774142974, 0.31291530265473994, 0.2745190630641762, 0.2426174319367139, 0.21115941604677896, 0.1918745612982571, 0.17165292775251142, 0.1562692585766452, 0.14614427618651488, 0.1364318848930957, 0.12287247912489756, 0.11451394900227713, 0.10566609997307892, 0.09986400466436816, 0.09606163138684624, 0.08789], "primeira_derivada": [-0.27998202649702836, -0.26843841347382663, -0.2339428776405779, -0.2550845034892979, -0.3197729151147312, -0.42723775776226736, -0.47412064613490873, -0.4811359427960347, -0.7276836605068268, -0.8558974766450351, -0.9350302599384039, -1.1525553496742458, -1.5024172767075574, -1.8767042061002686, -2.301244161535434, -2.986464447358082, -3.6514861713303763, -4.502859702942417, -5.408780752071969, -5.679012443818085, -5.149809119047069, -3.6888493701730862, -1.6693678539323145, 0.4271621080267024, 2.4195223085416475, 4.2216179456467575, 5.353668268562992, 5.435734601570522, 4.923841111610575, 4.123592118008133, 3.2951373438944302, 2.6287936511071237, 2.115872297096759, 1.6974018570390432, 1.3693999237705978, 1.1218940464924032, 0.9486787622960411, 0.8550465454790139, 0.6847815335164376, 0.5331451157034585, 0.4804981171137119, 0.34424251756977137, 0.2677078967128384, 0.31405587974883825, 0.295785349977235, 0.23220228878366325, 0.19770287379131316, 0.12961353278317725, 0.16159072541875688, 0.22055442279904128], "segunda_derivada": [-0.31156507028033625, -0.6213042060618341, -0.18021272431921528, 1.158287340542772, 2.3232301991621727, 2.0829423840554115, 0.7273629051004237, 3.4218653307904785, 5.057454862587088, 2.798168896239438, 4.003435963794584, 7.656960407479106, 9.77248149645838, 10.780271047284886, 14.976356486596313, 18.221688730664784, 20.463948047691133, 23.71491527153736, 15.8723317660731, -3.494855331768443, -26.857505386556287, -46.96900031122092, -55.5461016798838, -55.180096052405446, -51.206667155813705, -39.59667525228765, -16.38465965839581, 5.800572493859169, 17.70753074805186, 21.979565792277217, 20.172496620376933, 15.914332732813843, 12.56925146358127, 10.073740214187643, 7.766551558738618, 5.677685919398539, 3.601141178210102, 3.5613268768294692, 4.3441009928945284, 2.7568308492286926, 2.549264738199525, 2.8716312579481302, 0.4073725407802199, -0.37890882524927555, 1.104624685970988, 1.3236355690518993, 1.3844483918951762, 0.4873380640410052, -1.2272589496829194, -1.5914452850552516], "sigma": 0.05506367696199921, "center": 5706.085995441041, "fwhm": 0.4228351266000028, "statistics": {"wv_mean": 5706.0259750000005, "wv_std": 0.5346696121530143, "wv_min": 5705.11824, "wv_max": 5706.93371, "wv_kurt": -1.2009603841534389, "wv_skew": -2.551611592029131e-12, "int_mean": 0.536713768546367, "int_std": 0.5229149089813195, "int_max": 1.7562095994914977, "int_min": 0.08789, "int_kurt": -0.034701212270532356, "int_skew": 1.161473158273254}}