{"x": [5790.46524, 5790.462818571429, 5790.460397142858, 5790.4579757142865, 5790.455554285715, 5790.453132857143, 5790.450711428572, 5790.44829, 5790.445868571429, 5790.443447142858, 5790.441025714286, 5790.438604285715, 5790.436182857144, 5790.433761428571, 5790.43134, 5790.428918571429, 5790.426497142857, 5790.424075714286, 5790.421654285715, 5790.4192328571435, 5790.416811428572, 5790.41439, 5790.411968571429, 5790.409547142857, 5790.407125714286, 5790.404704285715, 5790.402282857143, 5790.399861428572, 5790.397440000001, 5790.395018571428, 5790.392597142857, 5790.390175714286, 5790.387754285714, 5790.385332857143, 5790.382911428572, 5790.3804900000005, 5790.378068571429, 5790.375647142857, 5790.373225714286, 5790.370804285714, 5790.368382857143, 5790.365961428572, 5790.36354, 5790.361118571429, 5790.358697142858, 5790.356275714285, 5790.353854285714, 5790.351432857143, 5790.349011428571, 5790.34659], "y": [0.06913, 0.07513327245924176, 0.08055756568186748, 0.08576033540149168, 0.09161406110618296, 0.09951194490526342, 0.11069589928694175, 0.126, 0.14552825856120227, 0.1685614515132097, 0.19461770234851397, 0.22356971831376485, 0.25731317043468466, 0.2991893478469236, 0.35438000000000003, 0.42867145808995843, 0.5256802869344054, 0.6471030424270152, 0.7882513591730841, 0.9395362996672878, 1.0878029325827396, 1.21563, 1.3085542402888388, 1.3539391398727485, 1.3465398116516962, 1.287848831255705, 1.1866787997475892, 1.0559759056974238, 0.9124400000548609, 0.769522363613031, 0.6398693080662703, 0.529235469838044, 0.4405010418369135, 0.3719985862558901, 0.31947930125157536, 0.27884000001370357, 0.24574530297589842, 0.21769412714935144, 0.1932678727771127, 0.17179656577873761, 0.15330071767798822, 0.13748382008995064, 0.12415999999999999, 0.11275403365471151, 0.10285518508264035, 0.0941542454693891, 0.08645278893228338, 0.0797990430565906, 0.07410154958384449, 0.06927], "primeira_derivada": [-2.4792275643954813, -2.3596743296908516, -2.19437877873025, -2.2830521526119165, -2.839565383848757, -3.9402025736278183, -5.469509901803748, -7.1925225643165795, -8.788500312840943, -10.136463319350778, -11.358639162846051, -12.945966862009115, -15.614672762699533, -20.04329813743027, -26.736718930392527, -35.3717406664459, -45.10386697419749, -54.21821550884851, -60.38444840029884, -61.854307196399965, -57.01049858552576, -45.58286589141858, -28.55940941448275, -7.843628305352846, 13.646966381688571, 33.00964847719696, 47.879365161590584, 56.62748076495077, 59.14969894692018, 56.28303373581241, 49.61676272853685, 41.1674886037063, 32.46779307146057, 24.989739944952134, 19.236286245528326, 15.225309379114544, 12.625991445089344, 10.836047532104555, 9.477372554812487, 8.252804888080492, 7.0852277236537, 6.017257337897018, 5.106445576818126, 4.3992243194084, 3.840664226501968, 3.3869254582856767, 2.9642010883162313, 2.550403405392283, 2.1741386843454458, 1.9953302117031881], "segunda_derivada": [-49.373017284275846, -58.81833332573904, -15.821688483057844, 133.22437274407648, 342.18445266763257, 543.0563900596164, 671.5704995811948, 685.3372530460665, 607.8933712721985, 530.7071371920687, 580.1334749102048, 878.8269970577683, 1465.5256318807972, 2296.587703911067, 3165.16512412194, 3792.6264398871917, 3891.6024750001156, 3155.2823005108953, 1576.7740948425924, -696.685802490543, -3359.884634760707, -5874.856170161718, -7792.7629237122555, -8715.180843242839, -8435.779866966768, -7068.636916508597, -4876.838525705067, -2327.207566392545, 71.12475526901498, 1968.4529061659937, 3121.204009713949, 3541.0851800798678, 3340.538071273149, 2732.1695511952043, 2016.2540992274014, 1364.9576284680559, 906.3372544136852, 650.1572928834421, 533.4129353671906, 493.9532099950789, 461.61748825837014, 408.5980834349849, 334.1071129766506, 261.37078031253594, 209.02926332842725, 180.98058897971583, 172.733167271567, 163.13972944052648, 114.61688365755519, 73.84420699408537], "sigma": 0.006120074187831115, "center": 5790.408199928969, "fwhm": 0.030339587957258263, "statistics": {"wv_mean": 5790.405914999999, "wv_std": 0.03494332017726123, "wv_min": 5790.34659, "wv_max": 5790.46524, "wv_kurt": -1.2009603841519658, "wv_skew": 7.80832206307028e-11, "int_mean": 0.43356992316813125, "int_std": 0.4144877737615601, "int_max": 1.3539391398727485, "int_min": 0.06913, "int_kurt": -0.3065198257399633, "int_skew": 1.0637760653021258}}