{"x": [5763.28588, 5763.282613061225, 5763.279346122449, 5763.276079183674, 5763.272812244898, 5763.269545306122, 5763.266278367347, 5763.263011428572, 5763.2597444897965, 5763.256477551021, 5763.253210612245, 5763.24994367347, 5763.246676734694, 5763.2434097959185, 5763.240142857143, 5763.236875918367, 5763.233608979592, 5763.230342040816, 5763.2270751020405, 5763.223808163266, 5763.22054122449, 5763.217274285715, 5763.214007346939, 5763.2107404081635, 5763.207473469388, 5763.204206530612, 5763.200939591837, 5763.197672653061, 5763.1944057142855, 5763.19113877551, 5763.187871836734, 5763.18460489796, 5763.181337959184, 5763.178071020408, 5763.174804081633, 5763.171537142857, 5763.168270204082, 5763.165003265306, 5763.16173632653, 5763.158469387755, 5763.155202448979, 5763.151935510204, 5763.148668571428, 5763.145401632653, 5763.142134693878, 5763.138867755102, 5763.135600816327, 5763.132333877551, 5763.129066938775, 5763.1258], "y": [0.05817, 0.06301471354213742, 0.0661761235751419, 0.06874981114499049, 0.07266477298943119, 0.07942327245671667, 0.08906794466754123, 0.10041107451791459, 0.11200784875234228, 0.12384585692997406, 0.13768185521840975, 0.15644574932595437, 0.18291426494958624, 0.21833188226645148, 0.26360485714763787, 0.3199794966789851, 0.3915036569954364, 0.4828235868850238, 0.5977443466745016, 0.7330221890295813, 0.8758734453132292, 1.0056960795810508, 1.0969546186509809, 1.1304668118598378, 1.0986221175888011, 1.0091799020867311, 0.8816329363532577, 0.7410977442035908, 0.6079302217783537, 0.49551053971864023, 0.40604139474780904, 0.3367947246082836, 0.2820926385410711, 0.23839784648253046, 0.2038350029596795, 0.17764828919748177, 0.1586764192081836, 0.14428895812437043, 0.13161013166697394, 0.11844866885223942, 0.10455563523952635, 0.09122152173547243, 0.08019853334172837, 0.07265714397711716, 0.06833459125651792, 0.06605966360328884, 0.06437609646214322, 0.06237049157880928, 0.05982532935093025, 0.05701], "primeira_derivada": [-1.4829520462175485, -1.225325009906485, -0.8777479464406149, -0.9930779025856875, -1.6335569848227796, -2.5104804229332327, -3.212151115426245, -3.5109173547046004, -3.5866577278885132, -3.929367556235319, -4.989363841082973, -6.922751364222567, -9.47157831710644, -12.349572143930517, -15.557012450285702, -19.574716367996317, -24.923039792249323, -31.56482319468095, -38.292514700362865, -42.567234616557684, -41.73232332793434, -33.83613659815595, -19.095970394490745, -0.2552081707616466, 18.56277667018459, 33.20986344409879, 41.02956564195787, 41.88978327654431, 37.58674731211534, 30.89877724961625, 24.291213584726307, 18.970168212194594, 15.059492216502386, 11.977211842165106, 9.29762714545629, 6.911452410561104, 5.105594773049629, 4.142454052612683, 3.954816886248122, 4.140649440623909, 4.167073365462829, 3.72781731934279, 2.841249719709405, 1.815758252876623, 1.0097343150584266, 0.6058415945754346, 0.5646221551560336, 0.6964879699012533, 0.8204150654509098, 0.8617637318338505], "segunda_derivada": [-78.85885044297169, -92.62556499341484, -35.54506577467672, 115.6754212885882, 232.23614285069635, 241.60142552954886, 153.11534752103472, 57.31766620665934, 64.04316552494771, 214.6820325609858, 458.1328291714356, 685.9960935762979, 830.5666485467044, 931.3664184094216, 1105.7973106257357, 1433.4562085962534, 1835.067574000914, 2046.1777563729877, 1683.9022980161756, 526.4574674226689, -1336.2812434109824, -3464.4593131860156, -5139.5099103546645, -5763.613837208513, -5121.778201790163, -3438.5078073088694, -1328.4485000583195, 526.9180976944588, 1682.1567194694678, 2034.8611713673477, 1825.6554313458473, 1412.9008842268556, 1070.261313475933, 881.8446666474614, 775.3067595642291, 641.584164925466, 423.79097806069717, 176.1248015111019, 0.27619311421669723, -32.48553061359248, 63.18332690605973, 202.9152881066133, 292.6377257228433, 280.3106410483366, 185.175900347335, 68.12373761445845, -13.873289576613503, -39.14871503036009, -25.295203443543176, -12.6567007290788], "sigma": 0.004381257430942309, "center": 5763.210142290083, "fwhm": 0.03461603964842884, "statistics": {"wv_mean": 5763.205839999999, "wv_std": 0.04714476775360617, "wv_min": 5763.1258, "wv_max": 5763.28588, "wv_kurt": -1.2009603841556271, "wv_skew": 8.681188490168828e-11, "int_mean": 0.32369981603632764, "int_std": 0.3304304267344862, "int_max": 1.1304668118598378, "int_min": 0.05701, "int_kurt": 0.22850468258830414, "int_skew": 1.2641508960482462}}