{"x": [5790.75144, 5790.734605918367, 5790.717771836735, 5790.700937755102, 5790.6841036734695, 5790.667269591837, 5790.650435510204, 5790.633601428572, 5790.616767346939, 5790.599933265306, 5790.583099183674, 5790.566265102041, 5790.5494310204085, 5790.532596938775, 5790.515762857142, 5790.49892877551, 5790.482094693877, 5790.4652606122445, 5790.448426530612, 5790.431592448979, 5790.414758367347, 5790.397924285714, 5790.381090204081, 5790.364256122449, 5790.347422040816, 5790.3305879591835, 5790.313753877551, 5790.296919795918, 5790.280085714286, 5790.263251632653, 5790.24641755102, 5790.229583469388, 5790.212749387755, 5790.1959153061225, 5790.17908122449, 5790.162247142857, 5790.145413061225, 5790.128578979591, 5790.1117448979585, 5790.094910816326, 5790.078076734693, 5790.061242653061, 5790.044408571428, 5790.027574489795, 5790.010740408163, 5789.99390632653, 5789.9770722448975, 5789.960238163265, 5789.943404081632, 5789.92657], "y": [0.11434, 0.1152474528503736, 0.11570526090449045, 0.1177519971112936, 0.12009903148441713, 0.12005396890882662, 0.12049476092075662, 0.12418787588845084, 0.1271579380991915, 0.128196053324102, 0.13216033433369587, 0.13858238668097383, 0.1441358235594547, 0.15262949118366603, 0.16661903118624988, 0.1840717925151783, 0.21085343304752938, 0.25635720961306896, 0.3310223804027325, 0.47382625207820234, 0.7383894938413942, 1.0585837124394508, 1.111486419015768, 0.8287801029207776, 0.5453637127385019, 0.37984090391228564, 0.28944585886945645, 0.2332054663662401, 0.2006913351982388, 0.1807784546062454, 0.16334710739584962, 0.1509563197840422, 0.14406075158548926, 0.1376732051691928, 0.13272927686257907, 0.13015583320269686, 0.1260447261873056, 0.12205820763250917, 0.1221073176542511, 0.122088534140986, 0.11875305137733203, 0.11636279555464457, 0.11626146746742407, 0.11593043756553155, 0.11615045233717593, 0.11677578166867149, 0.11542899895150761, 0.11437421645095792, 0.11543596173851266, 0.11447], "primeira_derivada": [-0.05390569382858474, -0.04055050148517291, -0.07438909693969632, -0.1305022357564129, -0.06837236054124643, -0.01175381719584236, -0.1227838580636596, -0.1979073561554431, -0.11904948315931647, -0.14857942190353882, -0.30849123770267534, -0.35569178904749293, -0.4172221808373017, -0.66778836282392, -0.9338882279915627, -1.3138347201416545, -2.1469961556383725, -3.569216010047202, -6.459189375786613, -12.099475407354733, -17.36826139740285, -11.081594271567855, 6.825546368782181, 16.814778454565353, 13.334234940932905, 7.601182513368895, 4.355314437286373, 2.6361557941841043, 1.5571687515876693, 1.1091851821015897, 0.8857666094599858, 0.5728365892257652, 0.3945304206291666, 0.33656349571664135, 0.2232783507455394, 0.19854218427690026, 0.2405128401621912, 0.11694752998338956, -0.0009007473391971705, 0.0996272428196703, 0.17006388323688676, 0.07400415313061692, 0.012841745648753861, 0.0032973325385626086, -0.025108114644689213, 0.021428355921423562, 0.07133044944547069, -0.0002068062623490609, -0.0028449294452883686, 0.05738131485834499], "segunda_derivada": [-0.7933424961852489, 0.6083908691346673, 2.6717149243507956, -0.1787069983903896, -3.527023961035164, 1.6161112530477026, 5.529067252437607, -0.11091709621706076, -1.4651210362527098, 5.626732680689593, 6.151579030678491, 3.2294884124807717, 9.26978318684072, 15.3458340768359, 19.18864276105596, 36.03130702704538, 66.98854559237544, 128.07925357185616, 253.3627786613657, 324.017438541911, -30.232749192990653, -718.5960093985378, -828.5682977820276, -193.3187896492443, 273.659001490791, 266.6887537911737, 147.46948564045303, 83.1095436853545, 45.353546614723726, 19.941751405866462, 15.930438160535266, 14.590525326871091, 7.017700717669059, 5.0864690340977585, 4.099460678991334, -0.5118927718412711, 2.4234958601240355, 7.1703818706397415, 0.514441106491769, -5.077931612401222, 0.7610480407614625, 4.6697568961363665, 2.100109234798654, 1.1271734663534672, -0.5385213098801892, -2.8643844729630823, 0.6426000139456617, 2.203131139242282, -1.7104622152090345, -3.577637653064368], "sigma": 0.00033078632919725237, "center": 5790.384281317725, "fwhm": 0.09818816837466751}