{"x": [5688.06616, 5688.048057551021, 5688.029955102041, 5688.011852653061, 5687.993750204082, 5687.975647755103, 5687.9575453061225, 5687.939442857143, 5687.921340408164, 5687.903237959184, 5687.885135510204, 5687.867033061225, 5687.848930612246, 5687.830828163265, 5687.812725714286, 5687.794623265307, 5687.776520816326, 5687.758418367347, 5687.740315918368, 5687.722213469388, 5687.704111020408, 5687.686008571429, 5687.6679061224495, 5687.649803673469, 5687.63170122449, 5687.613598775511, 5687.595496326531, 5687.577393877551, 5687.559291428572, 5687.541188979592, 5687.523086530612, 5687.504984081633, 5687.486881632653, 5687.468779183674, 5687.450676734694, 5687.4325742857145, 5687.414471836735, 5687.396369387755, 5687.378266938776, 5687.360164489796, 5687.342062040817, 5687.323959591837, 5687.305857142857, 5687.287754693878, 5687.269652244898, 5687.251549795918, 5687.233447346939, 5687.21534489796, 5687.1972424489795, 5687.17914], "y": [0.07275, 0.08372925815633511, 0.0887246582430747, 0.09946678679092893, 0.10648869856619617, 0.12268137217332065, 0.1362552611337288, 0.14933268832068203, 0.16980493393015605, 0.19064472475476993, 0.21742335214236805, 0.2499717229789427, 0.28823811981333713, 0.33476247452897395, 0.3935779991499495, 0.46506947113547314, 0.553787139659273, 0.6646268921449583, 0.8026105240697777, 0.9617193601627708, 1.1326529415204298, 1.2955643254297233, 1.4125670606343492, 1.449164351843687, 1.3924389896334597, 1.2596199346044439, 1.0973193024034, 0.9260453765107428, 0.7755231434236717, 0.643305093716836, 0.5416612742416922, 0.46210768952354514, 0.3890723383677395, 0.3353069023977824, 0.2913268343365785, 0.2561769193816216, 0.22432505485064147, 0.1991252553551904, 0.17842993458434284, 0.16119828800386066, 0.14656082787783764, 0.1325775755551706, 0.12103212092211658, 0.1127916865074242, 0.10189277833594391, 0.09612034437012322, 0.08999844897758222, 0.08524703652937594, 0.07617117366834525, 0.07268], "primeira_derivada": [-0.6065067863949745, -0.44122920221760886, -0.4346795467332701, -0.49065295925984115, -0.6412001328906721, -0.8221694921158473, -0.7361246032820403, -0.926661161556848, -1.1410620872405575, -1.315247960797361, -1.638645641037294, -1.955944407074713, -2.341969079562037, -2.909547748324578, -3.5991538149135582, -4.4250681410065535, -5.5118901655871175, -6.87264426748444, -8.205863978872971, -9.1159604377047, -9.220988984409786, -7.731388151776213, -4.242520627608265, 0.5559488393907889, 5.235325271614491, 8.151374644584418, 9.213520183543302, 8.888194059792783, 7.809448409899679, 6.459398654930029, 5.004775994551677, 4.214593728399581, 3.5023103026147777, 2.6997867564850138, 2.1856154132655443, 1.850627491408084, 1.5757996083880033, 1.2676494853690539, 1.0475645420856252, 0.8802429644432812, 0.7905204561174063, 0.7051174949926127, 0.5464975780441023, 0.5286395947736447, 0.46047201005549054, 0.3285281834502098, 0.3003269848505063, 0.3819172567389828, 0.34710874046397394, 0.19285642911247758], "segunda_derivada": [-9.130122911327893, -4.7459666880857965, 1.3651124523928324, 5.704216771807055, 9.156676348997362, 2.621868193009365, 2.8861197056172423, 11.184605033848994, 10.732989764930645, 13.74354249947819, 17.69640248699952, 19.42619585139142, 26.339069987561718, 34.724161817970824, 41.85954050780856, 52.83087257445302, 67.6034532457605, 74.40909835904702, 61.961676367137, 28.038333561115678, -38.24267886279693, -137.5081449610737, -228.90099014833717, -261.783527460966, -209.79000724886686, -109.88002000365462, -20.35137389507353, 38.7812658721266, 67.08471896911408, 77.46665709372611, 62.0027966668129, 41.49896220263064, 41.839835417955186, 36.36786632624353, 23.45426483524382, 16.843461499979924, 16.10218613762996, 14.590154815299737, 10.700389802728674, 7.0997047488341956, 4.8370656822784195, 6.740051535174823, 4.8744205941536745, 2.3760754162228697, 5.527191695080954, 4.423297239721656, -1.4746367563228988, -1.2921388610374762, 5.221968249643616, 8.521074221923737], "sigma": 1.0583551155463056e-05, "center": 5687.651112791337, "fwhm": 0.19888730126704096, "statistics": {"wv_mean": 5687.62265, "wv_std": 0.2612340822882767, "wv_min": 5687.17914, "wv_max": 5688.06616, "wv_kurt": -1.200960384153658, "wv_skew": -4.6707000896707413e-17, "int_mean": 0.4321933688272535, "int_std": 0.4161099560720117, "int_max": 1.449164351843687, "int_min": 0.07268, "int_kurt": 0.1490680347629838, "int_skew": 1.2087431039038508}}