{"x": [5739.28358, 5739.282119387755, 5739.28065877551, 5739.279198163265, 5739.27773755102, 5739.2762769387755, 5739.2748163265305, 5739.273355714286, 5739.271895102041, 5739.270434489797, 5739.268973877552, 5739.267513265307, 5739.266052653062, 5739.264592040817, 5739.263131428572, 5739.261670816327, 5739.260210204082, 5739.258749591837, 5739.257288979592, 5739.255828367347, 5739.254367755102, 5739.252907142857, 5739.251446530612, 5739.249985918367, 5739.248525306122, 5739.247064693878, 5739.245604081633, 5739.244143469388, 5739.242682857143, 5739.241222244898, 5739.239761632653, 5739.2383010204085, 5739.2368404081635, 5739.235379795919, 5739.233919183674, 5739.232458571429, 5739.230997959184, 5739.229537346939, 5739.228076734694, 5739.226616122449, 5739.225155510204, 5739.22369489796, 5739.222234285715, 5739.22077367347, 5739.219313061225, 5739.21785244898, 5739.216391836735, 5739.21493122449, 5739.213470612245, 5739.21201], "y": [0.07182, 0.08797393224141005, 0.10631834220649114, 0.12683853138414125, 0.149426875786592, 0.17397250034905343, 0.2006127199129898, 0.2292193468340562, 0.25947113623556894, 0.29116108995951845, 0.3243148060027918, 0.3585781582342908, 0.39338731339353283, 0.4283955091481428, 0.46343120463390014, 0.4978028717645415, 0.5309366566588809, 0.5621628772113428, 0.5908196522552845, 0.6165344746395746, 0.6385859556800135, 0.6563064566279221, 0.6692830880186348, 0.677264179506514, 0.6799263937820466, 0.6772272986113722, 0.6692759405055063, 0.6562547937536478, 0.6385330814721305, 0.6167376726644233, 0.5913395213035186, 0.5628089405782294, 0.531895313889081, 0.49940743239129065, 0.46572205950984924, 0.4312740887394871, 0.39677236989397396, 0.3627870748425262, 0.32945486740018753, 0.2970468308746458, 0.26603006142587005, 0.2367216753708794, 0.20902591365662018, 0.1831008274323222, 0.15920938514400573, 0.13741485694580804, 0.11756503512435054, 0.0997265650969258, 0.0839574587358784, 0.07023], "primeira_derivada": [-11.059699312535916, -11.809548470393196, -13.304215159420801, -14.757008141277698, -16.135004046322095, -17.52205087393873, -18.9122221437716, -20.14854268334359, -21.204033910675832, -22.19742782911225, -23.07835926599761, -23.645052829496986, -23.90002930449357, -23.97757908791412, -23.759681207704237, -23.108614985992325, -22.031858786992906, -20.499278916510004, -18.61260495933603, -16.351466171023883, -13.614832453213342, -10.50830993805874, -7.174293845262796, -3.643439865773505, 0.012625149241568512, 3.645886619341768, 7.179354044909751, 10.523963200898518, 13.527587909015091, 16.15540343839399, 18.461002320248365, 20.349071979836165, 21.703743894360287, 22.65257415436486, 23.32355623032037, 23.603009578356925, 23.444625407433907, 23.044275688604014, 22.50434507685064, 21.71171924423813, 20.650640076075668, 19.513785395094658, 18.355606740860303, 17.053303737759013, 15.63932201866572, 14.25578560069479, 12.901539056330476, 11.504619554078907, 10.097329116200552, 9.398427805390321], "segunda_derivada": [513.3800298109895, 768.3476071892298, 1008.9808849217764, 969.0418852364749, 946.5355169421686, 950.7034146270355, 899.1064598002962, 784.5380506771263, 701.3788750174841, 641.6231831478004, 495.5541778404585, 281.2758969172181, 113.83112101301863, -48.044269543167395, -297.4657048519341, -591.4719757688307, -893.2336691326178, -1170.4864995713783, -1419.8883926288006, -1710.8484895239103, -2000.2421084540724, -2204.739358510955, -2349.997439771177, -2460.241935985522, -2495.2982944523533, -2453.3304176566057, -2354.518321106086, -2173.141395340363, -1927.7670226806413, -1688.81728476313, -1435.5858496761593, -1110.0624362531914, -788.5399367577213, -554.4977257157045, -325.35514722504763, -41.444667307054125, 191.26701548710344, 321.87883328756203, 456.16365636006435, 634.5643777730063, 752.4015553818437, 785.6408652799742, 842.2774989851929, 929.8445674328574, 957.6525688891728, 937.2038923375048, 941.7852192183607, 959.9433216501519, 720.9961973013291, 478.4988714316684], "sigma": 0.014477049971778122, "center": 5739.2483594732, "fwhm": 0.03919788286438233}