{"x": [5767.50437, 5767.499258163265, 5767.49414632653, 5767.489034489796, 5767.483922653061, 5767.478810816327, 5767.473698979592, 5767.468587142856, 5767.463475306122, 5767.458363469387, 5767.453251632653, 5767.448139795918, 5767.443027959183, 5767.437916122449, 5767.432804285714, 5767.4276924489795, 5767.422580612245, 5767.41746877551, 5767.412356938776, 5767.40724510204, 5767.402133265306, 5767.397021428571, 5767.391909591836, 5767.386797755102, 5767.381685918367, 5767.3765740816325, 5767.371462244898, 5767.366350408163, 5767.361238571429, 5767.356126734694, 5767.351014897959, 5767.345903061224, 5767.340791224489, 5767.335679387755, 5767.33056755102, 5767.325455714285, 5767.320343877551, 5767.315232040816, 5767.310120204082, 5767.305008367347, 5767.299896530612, 5767.294784693878, 5767.289672857143, 5767.284561020408, 5767.279449183673, 5767.274337346938, 5767.269225510204, 5767.264113673469, 5767.259001836735, 5767.25389], "y": [0.12707, 0.1353497356246525, 0.14490468357456096, 0.1560214271848499, 0.16896028636189891, 0.1840069694301959, 0.20136832955246536, 0.2213002800989504, 0.24414029937469298, 0.2704596824344559, 0.3012108184171209, 0.3378877670737555, 0.3825991986893094, 0.43816642059707633, 0.5080444409763729, 0.5962628140294646, 0.7073567609916132, 0.8462691503119234, 1.0181632654183632, 1.228031910377367, 1.4793999910302722, 1.7704837677172356, 2.084107027252248, 2.367009886572872, 2.517240493491987, 2.450980365300043, 2.2085624971443583, 1.8992663368729021, 1.5970100399330622, 1.3303735016329403, 1.1053870820410423, 0.9196362280187672, 0.7682398990860388, 0.6460412415069496, 0.5480755398744014, 0.46984162783762184, 0.40737667786239773, 0.3572750298486631, 0.3167117630351651, 0.2834563884075299, 0.2557578301269833, 0.23232778243749627, 0.2122603978717993, 0.19486841919414177, 0.17969794774171938, 0.16639570539403847, 0.1546970829229886, 0.1444032603965539, 0.13536947697822418, 0.12746], "primeira_derivada": [-1.6197183232767292, -1.7444496470122068, -2.0219436411402256, -2.3529314448221466, -2.737327471342075, -3.169902020845451, -3.6477407829670123, -4.183620490928774, -4.808389321458127, -5.582193055579206, -6.595289339224004, -7.960776575774463, -9.808475771957879, -12.27007519994173, -15.463756144819724, -19.49517662268526, -24.453669909839498, -30.40066815144988, -37.341055656812706, -45.11457911475674, -53.05840987318689, -59.14772591692538, -58.34753238658975, -42.365737476207855, -8.213337307761321, 30.192474092286304, 53.96436320934842, 59.81729160776291, 55.644660106987885, 48.08672336531447, 40.17511658739356, 32.97710788004116, 26.760927697400906, 21.53476046299095, 17.234471953714632, 13.76206531199424, 11.010386660702947, 8.868134834326668, 7.220363762920051, 5.9620383115376345, 5.001001462334437, 4.254579568303946, 3.663982750698577, 3.1850049031001983, 2.7849787931711303, 2.445389604234031, 2.151129441260173, 1.8904756693315916, 1.6572575843264978, 1.5472866972975183], "segunda_derivada": [24.40049051075756, 39.3425434677846, 59.516943654495535, 69.97326668884156, 79.90968984703703, 89.04952944411468, 99.15403431500603, 113.52558763553972, 136.797460214287, 174.78062294775106, 232.65448836514105, 314.28883584804515, 421.50198137080366, 553.1554181463384, 706.7030695464755, 879.3232483489672, 1066.6901247961368, 1260.5435595888318, 1439.200010278744, 1537.3490030061043, 1372.6129697322756, 517.340712154298, -1641.4832194348749, -4903.735944788482, -7097.078343404951, -6081.737714361038, -2897.66859286408, -164.3535371798727, 1147.3926938059244, 1513.110093564449, 1477.9047403468858, 1312.0713341614248, 1119.2011806217672, 931.8035999839722, 760.2644171287732, 608.7914790848976, 478.68610948874846, 370.71047986722164, 284.251695981521, 217.08071049665816, 167.01029706916103, 130.77674239697333, 104.61745167507543, 85.97731139350617, 72.34339996209742, 61.998199944357836, 54.27735310333613, 48.306693129452995, 33.568068568217285, 21.512988919294013], "sigma": 8.75505951980493e-06, "center": 5767.380844705636, "fwhm": 0.05307923165906301, "statistics": {"wv_mean": 5767.37913, "wv_std": 0.07376824979315506, "wv_min": 5767.25389, "wv_max": 5767.50437, "wv_kurt": -1.2009603841524055, "wv_skew": -1.849364253239714e-11, "int_mean": 0.7109457505609907, "int_std": 0.7048593760863755, "int_max": 2.517240493491987, "int_min": 0.12707, "int_kurt": 0.416234641680465, "int_skew": 1.29789459017074}}