{"x": [5790.51044, 5790.505674081633, 5790.500908163265, 5790.496142244898, 5790.49137632653, 5790.486610408163, 5790.481844489796, 5790.477078571428, 5790.472312653061, 5790.467546734694, 5790.462780816327, 5790.458014897959, 5790.453248979592, 5790.448483061225, 5790.443717142857, 5790.43895122449, 5790.434185306122, 5790.429419387755, 5790.4246534693875, 5790.41988755102, 5790.415121632653, 5790.410355714285, 5790.405589795918, 5790.4008238775505, 5790.396057959183, 5790.391292040817, 5790.386526122449, 5790.381760204082, 5790.376994285714, 5790.372228367347, 5790.3674624489795, 5790.362696530612, 5790.357930612245, 5790.353164693877, 5790.34839877551, 5790.343632857142, 5790.338866938775, 5790.334101020408, 5790.32933510204, 5790.324569183673, 5790.319803265305, 5790.315037346939, 5790.3102714285715, 5790.305505510204, 5790.300739591837, 5790.295973673469, 5790.291207755102, 5790.286441836734, 5790.281675918367, 5790.27691], "y": [0.07314, 0.0805991501088467, 0.08661308029296658, 0.09309869563816664, 0.10350319632616868, 0.11844664428023954, 0.1351117640242462, 0.15085335832538702, 0.16649268659999164, 0.18579713530492722, 0.21225884134578543, 0.24739113293080037, 0.2920521599985336, 0.34830948566417347, 0.4204476632915905, 0.515020497756797, 0.6395488587452163, 0.7975132477394099, 0.9829199491009065, 1.1741445213755426, 1.3364253281665552, 1.4335479238311173, 1.4418289107380822, 1.3610167812031257, 1.2124670683026177, 1.0301103942379337, 0.8477806307422091, 0.6886181307473419, 0.5615755600059519, 0.4638978651494851, 0.38786433379793583, 0.32747029818442136, 0.2797556637290771, 0.2424758276385196, 0.21261082788461477, 0.18686905491760678, 0.16410522495766666, 0.14541822118353412, 0.1321331646001595, 0.12372479820096192, 0.11783075627248756, 0.1114045476509921, 0.10245791281843897, 0.09125826664755068, 0.08061572991000736, 0.07433589684677747, 0.07392950981960218, 0.07653554961393634, 0.07710042676953069, 0.07314], "primeira_derivada": [-1.5651023651288838, -1.4134820672856567, -1.3113470023731384, -1.771968667014337, -2.659293203110486, -3.31610460579982, -3.3998393957751945, -3.2922219975821982, -3.666006663250337, -4.801399354959875, -6.461923272442489, -8.371242696723787, -10.587503284092923, -13.470174412869325, -17.489914769897094, -22.986251396142993, -29.636759193595957, -36.023601736824816, -39.51297993388654, -37.08680592211418, -27.214419389695863, -11.058055808536393, 7.609356375462566, 24.062712026690026, 34.71591008140788, 38.25982837734668, 35.82649105214067, 30.02622460901606, 23.575756892361035, 18.224318254780396, 14.312830859413703, 11.341850797119157, 8.916903731197046, 7.044270449908327, 5.833794080606129, 5.088799176526208, 4.348672232565637, 3.354239193030178, 2.27589116201702, 1.5004881772073235, 1.292536883907771, 1.6127892119001268, 2.1135780609670833, 2.291497800065692, 1.7753524605547029, 0.7014618773293049, -0.23076903521887543, -0.33266588991649176, 0.35623245638811263, 0.830989216393529], "segunda_derivada": [-31.813448354462825, -26.621874651786612, 37.60939362494733, 141.41515829922764, 161.99773262421516, 77.69186708362999, -2.505562031960858, 27.92402711879781, 158.33017282054254, 293.32401374905936, 374.5178858049657, 432.8210948660532, 534.9369547547514, 724.1428570201531, 998.3466196508093, 1274.3445740444463, 1367.768951922182, 1036.129868256107, 111.54242512412686, -1290.2613511266165, -2730.7171574274653, -3653.4171465544005, -3684.5750522477474, -2843.791229335346, -1489.441830255535, -116.51279829221855, 863.8003353803514, 1285.2438098340426, 1238.1565780621995, 971.7881548586566, 722.0504976252349, 566.0952110629091, 450.8659208891455, 323.45388788787926, 205.15157023600537, 155.8064714447833, 181.97541898290717, 217.4587257643758, 194.47993785400607, 103.16524563589665, -11.781678371939439, -86.13672264634351, -71.20438663054675, 35.483780285151, 166.81317221134296, 210.4653648173182, 108.49197232552372, -61.583250735138165, -122.08088941125399, -99.61495842054963], "sigma": 0.004431933190225168, "center": 5790.406473282163, "fwhm": 0.048561470437620186, "statistics": {"wv_mean": 5790.393675, "wv_std": 0.06877634691082007, "wv_min": 5790.27691, "wv_max": 5790.51044, "wv_kurt": -1.2009603841553183, "wv_skew": -1.9835961464459084e-11, "int_mean": 0.40563133346835867, "int_std": 0.41800364641859833, "int_max": 1.4418289107380822, "int_min": 0.07314, "int_kurt": 0.3833251002006337, "int_skew": 1.3139698730471119}}